data_date,symbol,isin,date,close,volume,open,high,low,dividends,stock_splits,adj_close,capital_gains,3_weeks,war_ret
2026/03/09,SOLT.ST,SE0005392537,2026-03-09,0.1247999966144561,23663224.0,0.1272000074386596,0.1397999972105026,0.1199999973177909,0.0,0.0,,,0.0879999995231628,42.0
2026/03/09,IMMNOV.ST,SE0006091997,2026-03-09,0.1625999957323074,6936333.0,0.1682000011205673,0.1697999984025955,0.1589999943971634,0.0,0.0,,,0.1949999928474426,-17.0
2026/03/09,TCF.L,GB00BSVYN304,2026-03-09,0.2049999982118606,58510.0,0.2057999968528747,0.209999993443489,0.2001000046730041,0.0,0.0,,,0.2249999940395355,-9.0
2026/03/09,0145.HK,HK0000990694,2026-03-09,0.2000000029802322,1280000.0,0.2090000063180923,0.2090000063180923,0.1959999948740005,0.0,0.0,,,0.2269999980926513,-12.0
2026/03/09,PSTV,US72941H5090,2026-03-09,0.295199990272522,3557331.0,0.2824000120162964,0.301499992609024,0.2809999883174896,0.0,0.0,,,0.270000010728836,9.0
2026/03/09,SGMO,US8006771062,2026-03-09,0.4101999998092651,4253533.0,0.3799999952316284,0.4149999916553497,0.3745000064373016,0.0,0.0,,,0.3899999856948852,5.0
2026/03/09,HAYD.L,GB00BKWQ1135,2026-03-09,0.3799999952316284,6272015.0,0.3799999952316284,0.3899999856948852,0.3759999871253967,0.0,0.0,,,0.4099999964237213,-7.0
2026/03/09,OPTT,US6748705067,2026-03-09,0.4032000005245209,3648717.0,0.4000000059604645,0.4036999940872192,0.3837000131607055,0.0,0.0,,,0.4399999976158142,-8.0
2026/03/09,2777.HK,CNE100000569,2026-03-09,0.5199999809265137,2231534.0,0.5099999904632568,0.5199999809265137,0.4900000095367431,0.0,0.0,,,0.5799999833106995,-10.0
2026/03/09,CHGG,US1630921096,2026-03-09,0.6381999850273132,370577.0,0.6000000238418579,0.6420000195503235,0.6000000238418579,0.0,0.0,,,0.6299999952316284,1.0
2026/03/09,ENSU.OL,NO0013186460,2026-03-09,0.6949999928474426,1409835.0,0.7059999704360962,0.7110000252723694,0.6690000295639038,0.0,0.0,,,0.7490000128746033,-7.0
2026/03/09,0520.HK,KYG982971072,2026-03-09,0.6200000047683716,8792000.0,0.699999988079071,0.699999988079071,0.5899999737739563,0.0,0.0,,,0.75,-17.0
2026/03/09,TFIN.MI,IT0005422768,2026-03-09,0.6460000276565552,3790407.0,0.6100000143051147,0.6499999761581421,0.5950000286102295,0.0,0.0,,,0.7509999871253967,-14.0
2026/03/09,GPRO,US38268T1034,2026-03-09,0.7900999784469604,10269616.0,0.800000011920929,0.8169999718666077,0.7001000046730042,0.0,0.0,,,0.800000011920929,-1.0
2026/03/09,SABR,US78573M1045,2026-03-09,1.6299999952316284,10201473.0,1.5399999618530271,1.6449999809265137,1.4900000095367432,0.0,0.0,,,0.8999999761581421,81.0
2026/03/09,UAVS,US00848K3095,2026-03-09,1.0499999523162842,4475482.0,1.1100000143051147,1.1200000047683716,1.0149999856948853,0.0,0.0,,,0.9800000190734864,7.0
2026/03/09,ATYR,US0021202025,2026-03-09,0.8996000289916992,1539831.0,0.8199999928474426,0.9039999842643738,0.8199999928474426,0.0,0.0,,,1.0099999904632568,-11.0
2026/03/09,80M.L,GB00BFD3VF20,2026-03-09,0.949999988079071,49077036.0,1.0800000429153442,1.0800000429153442,0.8999999761581421,0.0,0.0,,,1.0199999809265137,-7.0
2026/03/09,AMC,US00165C3025,2026-03-09,1.1200000047683716,40658000.0,1.149999976158142,1.159999966621399,1.090000033378601,0.0,0.0,,,1.149999976158142,-3.0
2026/03/09,AKBA,US00972D1054,2026-03-09,1.350000023841858,2399096.0,1.2699999809265137,1.3650000095367432,1.2599999904632568,0.0,0.0,,,1.2100000381469729,12.0
2026/03/09,FUM.L,GB0033278473,2026-03-09,1.2174999713897705,385961.0,1.100000023841858,1.3450000286102295,1.100000023841858,0.0,0.0,,,1.2380000352859497,-2.0
2026/03/09,CHAR.L,GG00B2R9PM06,2026-03-09,1.3739999532699585,2422175.0,1.5,1.5,1.350000023841858,0.0,0.0,,,1.4049999713897705,-2.0
2026/03/09,PACB,US69404D1081,2026-03-09,1.3899999856948853,6145137.0,1.350000023841858,1.3899999856948853,1.3200000524520874,0.0,0.0,,,1.5800000429153442,-12.0
2026/03/09,WEED.TO,CA1380357048,2026-03-09,1.4600000381469729,1227260.0,1.4199999570846558,1.4600000381469729,1.399999976158142,0.0,0.0,,,1.590000033378601,-8.0
2026/03/09,PALI,US6963894026,2026-03-09,1.7400000095367432,2580071.0,1.6399999856948853,1.7400000095367432,1.6299999952316284,0.0,0.0,,,1.6100000143051147,8.0
2026/03/09,OCGN,US67577C1053,2026-03-09,1.659999966621399,5400761.0,1.5529999732971191,1.6799999475479126,1.5399999618530271,0.0,0.0,,,1.6399999856948853,1.0
2026/03/09,XRX,US98421M1062,2026-03-09,1.7200000286102295,6440915.0,1.7000000476837158,1.7300000190734863,1.6399999856948853,0.0,0.0,,,1.7599999904632568,-2.0
2026/03/09,GEVO,US3743964062,2026-03-09,2.240000009536743,8143439.0,2.130000114440918,2.390000104904175,2.0899999141693115,0.0,0.0,,,1.809999942779541,24.0
2026/03/09,PLUG,US72919P2020,2026-03-09,2.180000066757202,74424383.0,2.0701000690460205,2.2100000381469727,2.009999990463257,0.0,0.0,,,1.840000033378601,18.0
2026/03/09,NEL.OL,NO0010081235,2026-03-09,2.026000022888184,2860491.0,2.130000114440918,2.130000114440918,2.0239999294281006,0.0,0.0,,,2.0339999198913574,-0.0
2026/03/09,DDD,US88554D2053,2026-03-09,2.509999990463257,10180618.0,2.150000095367432,2.5199999809265137,2.109999895095825,0.0,0.0,,,2.049999952316284,22.0
2026/03/09,MBOT,US59503A2042,2026-03-09,2.450000047683716,1200777.0,2.3399999141693115,2.450000047683716,2.3015999794006348,0.0,0.0,,,2.049999952316284,20.0
2026/03/09,KOA.OL,NO0003033102,2026-03-09,1.9579999446868896,3448523.0,1.9880000352859497,1.9880000352859497,1.940000057220459,0.0,0.0,,,2.140000104904175,-9.0
2026/03/09,5E2.SI,SGXE34184239,2026-03-09,2.2799999713897705,20940600.0,2.299999952316284,2.319999933242798,2.220000028610229,0.0,0.0,,,2.2100000381469727,3.0
2026/03/09,0895.HK,CNE1000001B6,2026-03-09,2.430000066757202,5181200.0,2.470000028610229,2.490000009536743,2.390000104904175,0.0,0.0,,,2.3299999237060547,4.0
2026/03/09,0880.HK,HK0880043028,2026-03-09,2.2300000190734863,21677500.0,2.299999952316284,2.299999952316284,2.2100000381469727,0.0,0.0,,,2.430000066757202,-8.0
2026/03/09,0694.HK,CNE100000221,2026-03-09,2.25,15910000.0,2.2300000190734863,2.259999990463257,2.190000057220459,0.0,0.0,,,2.509999990463257,-10.0
2026/03/09,COTY,US2220702037,2026-03-09,2.299999952316284,6935614.0,2.3299999237060547,2.357899904251098,2.240000009536743,0.0,0.0,,,2.5899999141693115,-11.0
2026/03/09,EVH,US30050B1017,2026-03-09,3.039999961853028,3429488.0,3.059999942779541,3.0999999046325684,2.940000057220459,0.0,0.0,,,2.7699999809265137,10.0
2026/03/09,3633.HK,KYG9891U1334,2026-03-09,3.109999895095825,59393000.0,3.559999942779541,3.7799999713897705,3.069999933242798,0.0,0.0,,,2.799999952316284,11.0
2026/03/09,IOVA,US4622601007,2026-03-09,5.409999847412109,27380763.0,5.019999980926514,5.630000114440918,5.010000228881836,0.0,0.0,,,2.890000104904175,87.0
2026/03/09,1515.HK,KYG2133W1087,2026-03-09,3.0199999809265137,11122000.0,3.0299999713897705,3.0299999713897705,2.970000028610229,0.0,0.0,,,3.1700000762939453,-5.0
2026/03/09,BDN,US1053682035,2026-03-09,3.069999933242798,2261858.0,3.0,3.0850000381469727,2.9200000762939453,0.0,0.0,,,3.2100000381469727,-4.0
2026/03/09,ESPR,US29664W1053,2026-03-09,3.039999961853028,7338722.0,2.650000095367432,3.059900045394897,2.639899969100952,0.0,0.0,,,3.3399999141693115,-9.0
2026/03/09,SPM.MI,IT0005495657,2026-03-09,3.3949999809265137,51250981.0,3.13100004196167,3.4040000438690186,3.114000082015991,0.0,0.0,,,3.3959999084472656,-0.0
2026/03/09,0799.HK,KYG6771K1022,2026-03-09,3.0199999809265137,2178000.0,3.0299999713897705,3.059999942779541,2.940000057220459,0.0,0.0,,,3.4600000381469727,-13.0
2026/03/09,SEE.L,AU0000XINAJ0,2026-03-09,3.1700000762939453,18643801.0,3.150000095367432,3.2699999809265137,2.9565000534057617,0.0,0.0,,,3.549999952316284,-11.0
2026/03/09,0968.HK,KYG9829N1025,2026-03-09,3.25,70273004.0,3.25,3.2799999713897705,3.0999999046325684,0.0,0.0,,,3.700000047683716,-12.0
2026/03/09,0656.HK,HK0656038673,2026-03-09,3.829999923706055,66780143.0,3.509999990463257,3.859999895095825,3.4200000762939453,0.0,0.0,,,3.7100000381469727,3.0
2026/03/09,IRWD,US46333X1081,2026-03-09,3.650000095367432,2530395.0,3.390000104904175,3.680000066757202,3.309999942779541,0.0,0.0,,,3.75,-3.0
2026/03/09,2202.HK,CNE100001SR9,2026-03-09,3.440000057220459,20410701.0,3.4200000762939453,3.4600000381469727,3.380000114440918,0.0,0.0,,,3.829999923706055,-10.0
2026/03/09,2238.HK,CNE100000Q35,2026-03-09,3.4800000190734863,13864677.0,3.450000047683716,3.490000009536743,3.400000095367432,0.0,0.0,,,3.839999914169312,-9.0
2026/03/09,RCKT,US77313F1066,2026-03-09,5.105000019073486,3564819.0,4.440000057220459,5.119999885559082,4.389999866485596,0.0,0.0,,,3.990000009536743,28.0
2026/03/09,1108.HK,CNE1000003Q0,2026-03-09,4.059999942779541,2876000.0,4.150000095367432,4.150000095367432,3.9600000381469727,0.0,0.0,,,4.059999942779541,0.0
2026/03/09,APPS,US25400W1027,2026-03-09,3.990000009536743,1731563.0,4.0,4.050000190734863,3.851099967956543,0.0,0.0,,,4.059999942779541,-2.0
2026/03/09,PGEN,US74017N1054,2026-03-09,3.509999990463257,2556874.0,3.289999961853028,3.5299999713897705,3.2799999713897705,0.0,0.0,,,4.079999923706055,-14.0
2026/03/09,SBB-B.ST,SE0009554454,2026-03-09,3.882999897003174,6802697.0,3.849999904632568,3.910000085830689,3.795000076293945,0.0,0.0,,,4.293000221252441,-10.0
2026/03/09,SLS,US81642T2096,2026-03-09,5.960000038146973,9592218.0,5.53000020980835,6.139999866485596,5.260000228881836,0.0,0.0,,,4.5,32.0
2026/03/09,TDOC,US87918A1051,2026-03-09,5.300000190734863,5459755.0,5.010000228881836,5.320000171661377,4.960000038146973,0.0,0.0,,,4.559999942779541,16.0
2026/03/09,NWL,US6512291062,2026-03-09,4.269999980926514,5985449.0,4.159999847412109,4.289999961853027,3.984999895095825,0.0,0.0,,,4.56969690322876,-7.0
2026/03/09,3918.HK,KYG6382M1096,2026-03-09,3.799999952316284,13845996.0,4.039999961853027,4.039999961853027,3.759999990463257,0.0,0.0,,,4.650000095367432,-18.0
2026/03/09,TWE.AX,AU000000TWE9,2026-03-09,4.130000114440918,6499014.0,4.150000095367432,4.199999809265137,4.050000190734863,0.0,0.0,,,4.679999828338623,-12.0
2026/03/09,JLP.L,GB0031852162,2026-03-09,3.75,5403766.0,3.869999885559082,3.900000095367432,3.5999999046325684,0.0,0.0,,,4.699999809265137,-20.0
2026/03/09,0200.HK,HK0200030994,2026-03-09,3.819999933242798,11420523.0,3.809999942779541,3.859999895095825,3.7200000286102295,0.0,0.0,,,4.75,-20.0
2026/03/09,0710.HK,BMG1223L1054,2026-03-09,4.260000228881836,3767000.0,4.28000020980835,4.289999961853027,4.079999923706055,0.0,0.0,,,4.800000190734863,-11.0
2026/03/09,1999.HK,BMG5800U1071,2026-03-09,4.550000190734863,3945600.0,4.539999961853027,4.590000152587891,4.449999809265137,0.0,0.0,,,4.909999847412109,-7.0
2026/03/09,1066.HK,CNE100000171,2026-03-09,4.940000057220459,13073300.0,4.880000114440918,4.960000038146973,4.820000171661377,0.0,0.0,,,5.260000228881836,-6.0
2026/03/09,ILU.AX,AU000000ILU1,2026-03-09,6.010000228881836,3825863.0,6.110000133514404,6.114999771118164,5.75,0.0,0.0,,,5.275310516357422,14.0
2026/03/09,1186.HK,CNE100000981,2026-03-09,5.369999885559082,7135500.0,5.400000095367432,5.400000095367432,5.329999923706055,0.0,0.0,,,5.579999923706055,-4.0
2026/03/09,CTMX,US23284F1057,2026-03-09,5.03000020980835,2314986.0,4.610000133514404,5.050000190734863,4.559999942779541,0.0,0.0,,,5.579999923706055,-10.0
2026/03/09,ARDX,US0396971071,2026-03-09,6.170000076293945,3217370.0,6.139999866485596,6.269999980926514,6.019999980926514,0.0,0.0,,,5.75,7.0
2026/03/09,JBLU,US4771431016,2026-03-09,4.519999980926514,32282701.0,4.269999980926514,4.545000076293945,4.079999923706055,0.0,0.0,,,5.829999923706055,-22.0
2026/03/09,1128.HK,KYG981491007,2026-03-09,5.590000152587891,10829600.0,5.730000019073486,5.730000019073486,5.519999980926514,0.0,0.0,,,5.940000057220459,-6.0
2026/03/09,0241.HK,BMG0171K1018,2026-03-09,5.170000076293945,135403028.0,4.940000057220459,5.199999809265137,4.880000114440918,0.0,0.0,,,6.119999885559082,-16.0
2026/03/09,USIM5.SA,BRUSIMACNPA6,2026-03-09,6.599999904632568,12087200.0,6.539999961853027,6.690000057220459,6.349999904632568,0.0,0.0,,,6.329999923706055,4.0
2026/03/09,CPR.MI,NL0015435975,2026-03-09,6.334000110626221,5195313.0,6.300000190734863,6.423999786376953,6.23799991607666,0.0,0.0,,,6.645999908447266,-5.0
2026/03/09,DXS.AX,AU000000DXS1,2026-03-09,6.21999979019165,3325868.0,6.25,6.300000190734863,6.125,0.0,0.0,,,6.650000095367432,-6.0
2026/03/09,STO.AX,AU000000STO6,2026-03-09,7.639999866485596,29537895.0,7.769999980926514,7.920000076293945,7.579999923706055,0.0,0.0,,,6.78000020980835,13.0
2026/03/09,TROX,GB00BJT16S69,2026-03-09,6.900000095367432,2464534.0,6.309999942779541,6.940000057220459,6.179999828338623,0.0,0.0,,,6.900000095367432,0.0
2026/03/09,1310.HK,KYG451581055,2026-03-09,7.380000114440918,3222500.0,7.28000020980835,7.400000095367432,7.119999885559082,0.0,0.0,,,6.929999828338623,6.0
2026/03/09,C6L.SI,SG1V61937297,2026-03-09,6.489999771118164,16884500.0,6.550000190734863,6.550000190734863,6.329999923706055,0.0,0.0,,,6.960000038146973,-7.0
2026/03/09,IAG.AX,AU000000IAG3,2026-03-09,6.46999979019165,6818746.0,6.429999828338623,6.5,6.389999866485596,0.0,0.0,,,6.960000038146973,-7.0
2026/03/09,2638.HK,HK0000179108,2026-03-09,6.889999866485596,4349830.0,6.96999979019165,7.0,6.860000133514404,0.0,0.0,,,6.989999771118164,-1.0
2026/03/09,PANR.L,GB00B125SX82,2026-03-09,8.800000190734863,24432152.0,8.050000190734863,8.9399995803833,8.010000228881836,0.0,0.0,,,7.130000114440918,23.0
2026/03/09,0753.HK,CNE1000001S0,2026-03-09,5.679999828338623,70454940.0,5.5,5.760000228881836,5.269999980926514,0.0,0.0,,,7.130000114440918,-20.0
2026/03/09,0916.HK,CNE100000HD4,2026-03-09,7.829999923706055,40364355.0,7.829999923706055,8.079999923706055,7.769999980926514,0.0,0.0,,,7.260000228881836,8.0
2026/03/09,ABR,US0389231087,2026-03-09,8.5,5261029.0,8.609999656677246,8.619999885559082,8.15999984741211,0.0,0.0,,,7.420000076293945,15.0
2026/03/09,LUMN,US5502411037,2026-03-09,6.630000114440918,10206387.0,6.5,6.75,6.269999980926514,0.0,0.0,,,7.449999809265137,-11.0
2026/03/09,UA,US9043112062,2026-03-09,6.260000228881836,5400584.0,6.260000228881836,6.289999961853027,5.894999980926514,0.0,0.0,,,7.449999809265137,-16.0
2026/03/09,ORC,US68571X3017,2026-03-09,7.260000228881836,9350975.0,7.21999979019165,7.28000020980835,6.989999771118164,0.0,0.0,,,7.470158100128174,-3.0
2026/03/09,0762.HK,HK0000049939,2026-03-09,7.670000076293945,32652504.0,7.699999809265137,7.730000019073486,7.579999923706055,0.0,0.0,,,7.539999961853027,2.0
2026/03/09,BCRX,US09058V1035,2026-03-09,8.619999885559082,5116994.0,8.399999618530273,8.664999961853027,8.390000343322754,0.0,0.0,,,7.579999923706055,14.0
2026/03/09,UAA,US9043111072,2026-03-09,6.480000019073486,14528639.0,6.389999866485596,6.510000228881836,6.099999904632568,0.0,0.0,,,7.619999885559082,-15.0
2026/03/09,WEN,US95058W1009,2026-03-09,7.269999980926514,7611277.0,7.289999961853027,7.320000171661377,7.070000171661377,0.0,0.0,,,7.627989768981934,-5.0
2026/03/09,0003.HK,HK0003000038,2026-03-09,7.340000152587891,41054459.0,7.489999771118164,7.489999771118164,7.300000190734863,0.0,0.0,,,7.690000057220459,-5.0
2026/03/09,0270.HK,HK0270001396,2026-03-09,7.329999923706055,7941008.0,7.340000152587891,7.440000057220459,7.28000020980835,0.0,0.0,,,7.710000038146973,-5.0
2026/03/09,0220.HK,KYG9222R1065,2026-03-09,8.170000076293945,12763678.0,8.380000114440918,8.380000114440918,8.140000343322754,0.0,0.0,,,7.820000171661377,4.0
2026/03/09,MARA,US5657881067,2026-03-09,8.65999984741211,41728982.0,8.069999694824219,8.739999771118164,7.960100173950195,0.0,0.0,,,7.880000114440918,10.0
2026/03/09,TUI1.DE,DE000TUAG505,2026-03-09,6.900000095367432,6457785.0,6.926000118255615,7.093999862670898,6.855999946594238,0.0,0.0,,,7.940000057220459,-13.0
2026/03/09,IGO.AX,AU000000IGO4,2026-03-09,7.440000057220459,2754112.0,7.360000133514404,7.440000057220459,7.179999828338623,0.0,0.0,,,8.039999961853027,-7.0
2026/03/09,1316.HK,KYG6501M1050,2026-03-09,6.429999828338623,13186010.0,6.659999847412109,6.659999847412109,6.21999979019165,0.0,0.0,,,8.039999961853027,-20.0
2026/03/09,0384.HK,BMG2109G1033,2026-03-09,7.889999866485596,15383864.0,8.210000038146973,8.329999923706055,7.869999885559082,0.0,0.0,,,8.079999923706055,-2.0
2026/03/09,PTEN,US7034811015,2026-03-09,9.270000457763672,17949226.0,8.979999542236328,9.670000076293944,8.819999694824219,0.0,0.0,,,8.261762619018555,12.0
2026/03/09,OCUL,US67576A1007,2026-03-09,9.9399995803833,5816757.0,10.18000030517578,10.25,9.765000343322754,0.0,0.0,,,8.40999984741211,18.0
2026/03/09,BMPS.MI,IT0005508921,2026-03-09,7.045000076293945,37467653.0,6.872000217437744,7.111999988555908,6.8480000495910645,0.0,0.0,,,8.666000366210938,-19.0
2026/03/09,GT,US3825501014,2026-03-09,7.369999885559082,9364414.0,7.349999904632568,7.3892998695373535,6.949999809265137,0.0,0.0,,,8.720000267028809,-15.0
2026/03/09,3396.HK,CNE100001ZT0,2026-03-09,8.829999923706055,8413600.0,9.029999732971191,9.029999732971191,8.4399995803833,0.0,0.0,,,8.899999618530273,-1.0
2026/03/09,APA.AX,AU000000APA1,2026-03-09,9.15999984741211,2989674.0,9.100000381469728,9.15999984741211,9.050000190734863,0.0,0.0,,,9.119999885559082,0.0
2026/03/09,0152.HK,BMG8086V1467,2026-03-09,8.989999771118164,3498154.0,8.949999809265137,9.100000381469728,8.949999809265137,0.0,0.0,,,9.149999618530272,-2.0
2026/03/09,LHA.DE,DE0008232125,2026-03-09,7.6020002365112305,13846726.0,7.800000190734863,7.914000034332275,7.501999855041504,0.0,0.0,,,9.18000030517578,-17.0
2026/03/09,HVO.L,GB00B9275X97,2026-03-09,7.900000095367432,1072521.0,8.104000091552734,8.300000190734863,7.699999809265137,0.0,0.0,,,9.199999809265137,-14.0
2026/03/09,WU,US9598021098,2026-03-09,9.710000038146973,6992031.0,9.600000381469728,9.760000228881836,9.5,0.0,0.0,,,9.210000038146973,5.0
2026/03/09,SAMPO.HE,FI4000552500,2026-03-09,9.187999725341797,5930061.0,9.130000114440918,9.23799991607666,9.003999710083008,0.0,0.0,,,9.272000312805176,-1.0
2026/03/09,NVAX,US6700024010,2026-03-09,10.550000190734863,5484256.0,9.869999885559082,10.720000267028809,9.800000190734863,0.0,0.0,,,9.359999656677246,13.0
2026/03/09,0992.HK,HK0992009065,2026-03-09,9.119999885559082,119131673.0,9.100000381469728,9.199999809265137,9.039999961853027,0.0,0.0,,,9.369999885559082,-3.0
2026/03/09,0165.HK,HK0165000859,2026-03-09,8.0600004196167,5818000.0,8.130000114440918,8.130000114440918,7.840000152587891,0.0,0.0,,,9.399999618530272,-14.0
2026/03/09,BRKM5.SA,BRBRKMACNPA4,2026-03-09,12.3100004196167,9871100.0,12.479999542236328,12.960000038146973,11.739999771118164,0.0,0.0,,,9.5,30.0
2026/03/09,2689.HK,BMG653181005,2026-03-09,8.180000305175781,12614226.0,8.300000190734863,8.300000190734863,7.889999866485596,0.0,0.0,,,9.510000228881836,-14.0
2026/03/09,3311.HK,KYG216771363,2026-03-09,9.359999656677246,9215950.0,9.399999618530272,9.43000030517578,9.15999984741211,0.0,0.0,,,9.619999885559082,-3.0
2026/03/09,0777.HK,KYG6427W1042,2026-03-09,8.800000190734863,2468500.0,8.529999732971191,8.800000190734863,8.300000190734863,0.0,0.0,,,9.739999771118164,-10.0
2026/03/09,0489.HK,CNE100000312,2026-03-09,9.380000114440918,46566242.0,9.460000038146973,9.649999618530272,9.279999732971191,0.0,0.0,,,9.8100004196167,-4.0
2026/03/09,IBRX,US45256X1037,2026-03-09,8.449999809265137,25533099.0,8.289999961853027,8.789899826049805,8.039999961853027,0.0,0.0,,,9.829999923706056,-14.0
2026/03/09,FLO,US3434981011,2026-03-09,8.850000381469727,6312385.0,9.0,9.0,8.701199531555176,0.0,0.0,,,9.857818603515623,-10.0
2026/03/09,DRH,US2527843013,2026-03-09,9.479999542236328,2825947.0,9.4399995803833,9.585000038146973,9.199999809265137,0.0,0.0,,,9.93000030517578,-5.0
2026/03/09,TRN.MI,IT0003242622,2026-03-09,9.793999671936035,4443166.0,9.770000457763672,9.824000358581545,9.604000091552734,0.0,0.0,,,9.996000289916992,-2.0
2026/03/09,RITM,US64828T2015,2026-03-09,9.84000015258789,15395375.0,9.670000076293944,9.90999984741211,9.585000038146973,0.0,0.0,,,10.010000228881836,-2.0
2026/03/09,TRIP,US8969452015,2026-03-09,10.609999656677246,3365622.0,10.170000076293944,10.649999618530272,10.020000457763672,0.0,0.0,,,10.0600004196167,5.0
2026/03/09,0177.HK,CNE1000003J5,2026-03-09,10.020000457763672,3569632.0,10.079999923706056,10.079999923706056,9.899999618530272,0.0,0.0,,,10.079999923706056,-1.0
2026/03/09,2883.HK,CNE1000002P4,2026-03-09,10.050000190734863,82860394.0,10.800000190734863,11.119999885559082,9.899999618530272,0.0,0.0,,,10.130000114440918,-1.0
2026/03/09,TLW.L,GB0001500809,2026-03-09,14.399999618530272,81049438.0,13.800000190734863,15.640000343322754,13.600000381469728,0.0,0.0,,,10.199999809265137,41.0
2026/03/09,0101.HK,HK0101000591,2026-03-09,9.170000076293944,14499418.0,9.279999732971191,9.470000267028809,8.9399995803833,0.0,0.0,,,10.220000267028809,-10.0
2026/03/09,0868.HK,KYG9828G1082,2026-03-09,10.5600004196167,16671745.0,10.649999618530272,10.649999618530272,10.199999809265137,0.0,0.0,,,10.260000228881836,3.0
2026/03/09,QAN.AX,AU000000QAN2,2026-03-09,8.322000503540039,12151394.0,7.921527887369706,8.33176740129134,7.921527887369706,0.0,0.0,,,10.265753746032717,-19.0
2026/03/09,PGE.WA,PLPGER000010,2026-03-09,9.781999588012695,3940099.0,9.779999732971191,9.890000343322754,9.550000190734863,0.0,0.0,,,10.3149995803833,-5.0
2026/03/09,2039.HK,CNE100001NN9,2026-03-09,11.5600004196167,2639516.0,11.300000190734863,11.90999984741211,11.300000190734863,0.0,0.0,,,10.460000038146973,11.0
2026/03/09,TAL,US8740801043,2026-03-09,10.739999771118164,3836828.0,10.5,10.739999771118164,10.3100004196167,0.0,0.0,,,10.600000381469728,1.0
2026/03/09,1093.HK,HK1093012172,2026-03-09,9.149999618530272,123722229.0,9.270000457763672,9.270000457763672,8.729999542236328,0.0,0.0,,,10.609999656677246,-14.0
2026/03/09,0696.HK,CNE1000004J3,2026-03-09,10.3100004196167,16539080.0,10.239999771118164,10.359999656677246,10.210000038146973,0.0,0.0,,,10.640000343322754,-3.0
2026/03/09,CLF,US1858991011,2026-03-09,9.635000228881836,19129349.0,9.520000457763672,9.744999885559082,9.130000114440918,0.0,0.0,,,10.779999732971191,-11.0
2026/03/09,0268.HK,KYG525681477,2026-03-09,9.789999961853027,47153301.0,9.199999809265137,9.829999923706056,9.18000030517578,0.0,0.0,,,10.8100004196167,-9.0
2026/03/09,0017.HK,HK0000608585,2026-03-09,9.399999618530272,13721462.0,9.279999732971191,9.399999618530272,8.800000190734863,0.0,0.0,,,10.869999885559082,-14.0
2026/03/09,3900.HK,KYG4100M1050,2026-03-09,9.890000343322754,7212500.0,9.899999618530272,9.979999542236328,9.510000228881836,0.0,0.0,,,11.020000457763672,-10.0
2026/03/09,ERIC,US2948216088,2026-03-09,11.34000015258789,11530573.0,10.899999618530272,11.345000267028809,10.81999969482422,0.0,0.0,,,11.079999923706056,2.0
2026/03/09,NEOG,US6404911066,2026-03-09,9.67199993133545,2237286.0,9.451700210571287,9.69499969482422,9.145000457763672,0.0,0.0,,,11.09000015258789,-13.0
2026/03/09,TKA.DE,DE0007500001,2026-03-09,8.800000190734863,4084798.0,8.789999961853027,8.859999656677246,8.465999603271484,0.0,0.0,,,11.104999542236328,-21.0
2026/03/09,AGNC,US00123Q1040,2026-03-09,10.539999961853027,28150844.0,10.473999977111816,10.5649995803833,10.21500015258789,0.0,0.0,,,11.150846481323242,-5.0
2026/03/09,0853.HK,KYG608371046,2026-03-09,10.0600004196167,13118600.0,10.119999885559082,10.140000343322754,9.859999656677246,0.0,0.0,,,11.489999771118164,-12.0
2026/03/09,TLEVISACPO.MX,MXP4987V1378,2026-03-09,10.479999542236328,4803754.0,10.0,10.510000228881836,9.890000343322754,0.0,0.0,,,11.529999732971191,-9.0
2026/03/09,ORG.AX,AU000000ORG5,2026-03-09,11.760000228881836,8323008.0,11.800000190734863,11.920000076293944,11.704999923706056,0.0,0.0,,,11.77197551727295,-0.0
2026/03/09,6865.HK,CNE100002375,2026-03-09,9.65999984741211,6392833.0,9.68000030517578,9.75,9.15999984741211,0.0,0.0,,,11.90999984741211,-19.0
2026/03/09,2607.HK,CNE1000012B3,2026-03-09,11.31999969482422,5851100.0,11.449999809265137,11.449999809265137,11.18000030517578,0.0,0.0,,,12.029999732971191,-6.0
2026/03/09,GPK,US3886891015,2026-03-09,10.78499984741211,4434730.0,11.0600004196167,11.03499984741211,10.505000114440918,0.0,0.0,,,12.100000381469728,-11.0
2026/03/09,PENN,US7075691094,2026-03-09,14.699999809265137,4444088.0,14.18000030517578,14.895000457763672,13.68000030517578,0.0,0.0,,,12.170000076293944,21.0
2026/03/09,6823.HK,HK0000093390,2026-03-09,12.1899995803833,8495787.0,12.199999809265137,12.289999961853027,12.06999969482422,0.0,0.0,,,12.18000030517578,0.0
2026/03/09,1548.HK,KYG3825B1059,2026-03-09,11.68000030517578,10315282.0,11.350000381469728,11.699999809265137,11.050000190734863,0.0,0.0,,,12.3100004196167,-5.0
2026/03/09,3899.HK,KYG2198S1093,2026-03-09,11.899999618530272,12582000.0,12.0,12.0600004196167,11.399999618530272,0.0,0.0,,,12.329999923706056,-3.0
2026/03/09,CX,US1512908898,2026-03-09,10.93000030517578,10885854.0,10.670000076293944,10.9399995803833,10.399999618530272,0.0,0.0,,,12.34000015258789,-11.0
2026/03/09,0267.HK,HK0267001375,2026-03-09,11.369999885559082,36088861.0,11.420000076293944,11.609999656677246,11.079999923706056,0.0,0.0,,,12.40999984741211,-8.0
2026/03/09,HUN,US4470111075,2026-03-09,12.109999656677246,8852035.0,11.010000228881836,12.175000190734863,11.0,0.0,0.0,,,12.489999771118164,-3.0
2026/03/09,XRAY,US24906P1093,2026-03-09,12.800000190734863,3561510.0,12.5,12.835100173950195,12.140000343322754,0.0,0.0,,,12.550000190734863,2.0
2026/03/09,BYDDY,US05606L1008,2026-03-09,12.520000457763672,971607.0,12.40999984741211,12.579999923706056,12.300000190734863,0.0,0.0,,,12.619999885559082,-1.0
2026/03/09,CNH,NL0010545661,2026-03-09,11.18000030517578,10874911.0,11.010000228881836,11.210000038146973,10.699999809265137,0.0,0.0,,,12.729999542236328,-12.0
2026/03/09,RCAT,US75644T1007,2026-03-09,14.095000267028809,32550352.0,16.200000762939453,16.200000762939453,13.699999809265137,0.0,0.0,,,12.78499984741211,10.0
2026/03/09,0293.HK,HK0293001514,2026-03-09,12.18000030517578,21956983.0,12.25,12.260000228881836,11.890000343322754,0.0,0.0,,,12.84000015258789,-5.0
2026/03/09,VLY,US9197941076,2026-03-09,11.970000267028809,8327012.0,11.9399995803833,12.104999542236328,11.649999618530272,0.0,0.0,,,12.90999984741211,-7.0
2026/03/09,0083.HK,HK0083000502,2026-03-09,11.399999618530272,11457602.0,11.149999618530272,11.420000076293944,11.020000457763672,0.0,0.0,,,12.920000076293944,-12.0
2026/03/09,AAL,US02376R1023,2026-03-09,11.385000228881836,131138550.0,10.892000198364258,11.40999984741211,10.43000030517578,0.0,0.0,,,12.93000030517578,-12.0
2026/03/09,0189.HK,KYG2816P1072,2026-03-09,13.119999885559082,15935000.0,13.020000457763672,13.300000190734863,12.75,0.0,0.0,,,12.9399995803833,1.0
2026/03/09,0586.HK,KYG2116J1085,2026-03-09,11.789999961853027,11850500.0,11.4399995803833,11.93000030517578,11.43000030517578,0.0,0.0,,,13.06999969482422,-10.0
2026/03/09,0322.HK,KYG8878S1030,2026-03-09,12.81999969482422,15317154.0,12.949999809265137,12.960000038146973,12.5,0.0,0.0,,,13.100000381469728,-2.0
2026/03/09,NTLA,US45826J1051,2026-03-09,13.890000343322754,4010910.0,13.25,14.145000457763672,13.06999969482422,0.0,0.0,,,13.15999984741211,6.0
2026/03/09,2333.HK,CNE100000338,2026-03-09,12.539999961853027,13427909.0,12.5600004196167,12.699999809265137,12.300000190734863,0.0,0.0,,,13.300000190734863,-6.0
2026/03/09,SFTBY,US83404D1090,2026-03-09,11.880000114440918,720154.0,11.3100004196167,12.140000343322754,11.039999961853027,0.0,0.0,,,13.369999885559082,-11.0
2026/03/09,2282.HK,KYG607441022,2026-03-09,11.989999771118164,6624600.0,12.100000381469728,12.130000114440918,11.6899995803833,0.0,0.0,,,13.5600004196167,-12.0
2026/03/09,F,US3453708600,2026-03-09,12.1899995803833,61886548.0,11.9399995803833,12.19849967956543,11.800000190734863,0.0,0.0,,,13.640000343322754,-11.0
2026/03/09,FMC,US3024913036,2026-03-09,14.119999885559082,3073170.0,13.699999809265137,14.196100234985352,13.59000015258789,0.0,0.0,,,13.65999984741211,3.0
2026/03/09,WCP.TO,CA96467A2002,2026-03-09,13.720000267028809,10145231.0,14.020000457763672,14.130000114440918,13.65999984741211,0.0,0.0,,,13.697779655456545,0.0
2026/03/09,CALY,US1311931042,2026-03-09,13.34000015258789,2810731.0,12.529999732971191,13.359999656677246,12.34000015258789,0.0,0.0,,,13.899999618530272,-4.0
2026/03/09,INFY,US4567881085,2026-03-09,14.420000076293944,14572796.0,14.329999923706056,14.44499969482422,14.140000343322754,0.0,0.0,,,13.90999984741211,4.0
2026/03/09,DX,US26817Q8868,2026-03-09,13.420000076293944,9181315.0,13.199999809265137,13.43000030517578,12.8149995803833,0.0,0.0,,,13.970000267028809,-4.0
2026/03/09,AFC.L,GB00B18S7B29,2026-03-09,11.600000381469728,4484790.0,11.800000190734863,12.34000015258789,11.039999961853027,0.0,0.0,,,14.079999923706056,-18.0
2026/03/09,1929.HK,KYG211461085,2026-03-09,12.029999732971191,15725308.0,11.949999809265137,12.050000190734863,11.640000343322754,0.0,0.0,,,14.260000228881836,-16.0
2026/03/09,0688.HK,HK0688002218,2026-03-09,13.380000114440918,22680258.0,13.5,13.5,13.029999732971191,0.0,0.0,,,14.350000381469728,-7.0
2026/03/09,TCL.AX,AU000000TCL6,2026-03-09,14.09000015258789,6731147.0,13.850000381469728,14.09000015258789,13.8100004196167,0.0,0.0,,,14.350000381469728,-2.0
2026/03/09,FOLD,US03152W1099,2026-03-09,14.359999656677246,1913232.0,14.34000015258789,14.359999656677246,14.329999923706056,0.0,0.0,,,14.359999656677246,0.0
2026/03/09,2208.HK,CNE100000PP1,2026-03-09,14.5,22505549.0,14.109999656677246,14.649999618530272,13.640000343322754,0.0,0.0,,,14.670000076293944,-1.0
2026/03/09,PBR-A,US71654V1017,2026-03-09,16.690000534057617,28968269.0,16.5,17.020000457763672,16.479999542236328,0.0,0.0,,,14.979999542236328,11.0
2026/03/09,IVN.TO,CA46579R1047,2026-03-09,13.43000030517578,4217244.0,12.760000228881836,13.460000038146973,12.65999984741211,0.0,0.0,,,15.050000190734863,-11.0
2026/03/09,DBRG,US25401T6038,2026-03-09,15.380000114440918,4058884.0,15.399999618530272,15.40999984741211,15.350000381469728,0.0,0.0,,,15.369999885559082,0.0
2026/03/09,0867.HK,KYG211081248,2026-03-09,13.300000190734863,5562000.0,13.0,13.350000381469728,12.84000015258789,0.0,0.0,,,15.4399995803833,-14.0
2026/03/09,BKD,US1124631045,2026-03-09,14.449999809265137,4778711.0,14.779999732971191,14.835000038146973,13.8100004196167,0.0,0.0,,,15.4399995803833,-6.0
2026/03/09,0863.HK,KYG1106B1095,2026-03-09,12.600000381469728,10457510.0,14.699999809265137,14.699999809265137,12.149999618530272,0.0,0.0,,,15.470000267028809,-19.0
2026/03/09,ENQ.L,GB00B635TG28,2026-03-09,18.920000076293945,20727898.0,19.07999992370605,20.25,18.78820037841797,0.0,0.0,,,15.579999923706056,21.0
2026/03/09,RIOT,US7672921050,2026-03-09,14.699999809265137,17205964.0,13.901000022888184,14.78499984741211,13.56999969482422,0.0,0.0,,,15.649999618530272,-6.0
2026/03/09,1112.HK,KYG4387E1070,2026-03-09,13.81999969482422,743500.0,13.699999809265137,14.09000015258789,13.649999618530272,0.0,0.0,,,15.720000267028809,-12.0
2026/03/09,LYC.AX,AU000000LYC6,2026-03-09,17.18000030517578,5994395.0,17.770000457763672,17.889999389648438,16.600000381469727,0.0,0.0,,,15.859999656677246,8.0
2026/03/09,CA.PA,FR0000120172,2026-03-09,15.140000343322754,1831773.0,15.100000381469728,15.149999618530272,14.914999961853027,0.0,0.0,,,15.864999771118164,-5.0
2026/03/09,VTRS,US92556V1061,2026-03-09,14.210000038146973,5862373.0,13.818499565124512,14.289999961853027,13.795000076293944,0.0,0.0,,,15.949999809265137,-11.0
2026/03/09,PBR,US71654V4086,2026-03-09,18.125,67367611.0,18.020000457763672,18.559999465942383,17.969999313354492,0.0,0.0,,,16.139999389648438,12.0
2026/03/09,0317.HK,CNE100000395,2026-03-09,16.399999618530273,5012000.0,17.149999618530273,17.149999618530273,16.09000015258789,0.0,0.0,,,16.209999084472656,1.0
2026/03/09,AES,US00130H1059,2026-03-09,14.1850004196167,10476447.0,14.149999618530272,14.229999542236328,14.119999885559082,0.0,0.0,,,16.260000228881836,-13.0
2026/03/09,2319.HK,KYG210961051,2026-03-09,16.5,62177407.0,15.899999618530272,16.549999237060547,15.710000038146973,0.0,0.0,,,16.350000381469727,1.0
2026/03/09,0144.HK,HK0144000764,2026-03-09,16.579999923706055,2621974.0,16.600000381469727,17.079999923706055,16.360000610351562,0.0,0.0,,,16.459999084472656,1.0
2026/03/09,NDA-FI.HE,FI4000297767,2026-03-09,15.585000038146973,5528742.0,15.354999542236328,15.65999984741211,15.149999618530272,0.0,0.0,,,16.75,-7.0
2026/03/09,VALE,US91912E1055,2026-03-09,15.329999923706056,43833733.0,14.739999771118164,15.46500015258789,14.625,0.0,0.0,,,16.920000076293945,-9.0
2026/03/09,2328.HK,CNE100000593,2026-03-09,15.279999732971191,46433049.0,15.31999969482422,15.5600004196167,15.15999984741211,0.0,0.0,,,16.93000030517578,-10.0
2026/03/09,VIPS,US92763W1036,2026-03-09,16.270000457763672,2773104.0,15.800000190734863,16.309999465942383,15.5600004196167,0.0,0.0,,,16.979999542236328,-4.0
2026/03/09,HBAN,US4461501045,2026-03-09,16.1200008392334,39492830.0,16.06999969482422,16.260000228881836,15.585000038146973,0.0,0.0,,,17.079999923706055,-6.0
2026/03/09,NAS.OL,NO0010196140,2026-03-09,14.625,11699103.0,14.229999542236328,14.6850004196167,14.100000381469728,0.0,0.0,,,17.09000015258789,-14.0
2026/03/09,0175.HK,KYG3777B1032,2026-03-09,15.8100004196167,76726990.0,16.0,16.0,15.25,0.0,0.0,,,17.190000534057617,-8.0
2026/03/09,MAT,US5770811025,2026-03-09,15.989999771118164,2915190.0,15.65999984741211,16.06999969482422,15.31999969482422,0.0,0.0,,,17.229999542236328,-7.0
2026/03/09,DOC,US42250P1030,2026-03-09,17.420000076293945,3926093.0,17.0,17.4950008392334,16.815000534057617,0.0,0.0,,,17.299999237060547,1.0
2026/03/09,LABB.MX,MX01LA010006,2026-03-09,17.6200008392334,3958682.0,17.549999237060547,17.690000534057617,17.329999923706055,0.0,0.0,,,17.299999237060547,2.0
2026/03/09,FNB,US3025201019,2026-03-09,16.40999984741211,4359670.0,16.170000076293945,16.5049991607666,15.765000343322754,0.0,0.0,,,17.316822052001953,-5.0
2026/03/09,ORA.PA,FR0000133308,2026-03-09,17.125,4745819.0,17.21500015258789,17.264999389648438,16.969999313354492,0.0,0.0,,,17.725000381469727,-3.0
2026/03/09,PR,US71424F1057,2026-03-09,19.15999984741211,15879330.0,19.1200008392334,19.434999465942383,18.905000686645508,0.0,0.0,,,17.75,8.0
2026/03/09,STWD,US85571B1052,2026-03-09,17.889999389648438,3680547.0,17.799999237060547,17.96500015258789,17.514999389648438,0.0,0.0,,,17.799999237060547,1.0
2026/03/09,VISN,US20337X1090,2026-03-09,17.75,6473955.0,17.010000228881836,17.917800903320312,16.850000381469727,0.0,0.0,,,17.899999618530273,-1.0
2026/03/09,1776.HK,CNE100001TQ9,2026-03-09,15.550000190734863,6624880.0,15.25,15.65999984741211,14.880000114440918,0.0,0.0,,,17.920000076293945,-13.0
2026/03/09,CC,US1638511089,2026-03-09,17.420000076293945,4231051.0,16.100000381469727,17.440000534057617,15.479999542236328,0.0,0.0,,,17.938392639160156,-3.0
2026/03/09,ARR,US0423157058,2026-03-09,17.270000457763672,5973048.0,17.5,17.5,16.594999313354492,0.0,0.0,,,18.030000686645508,-4.0
2026/03/09,RYCEY,US7757812067,2026-03-09,17.079999923706055,770490.0,16.549999237060547,17.079999923706055,16.389999389648438,0.0,0.0,,,18.11000061035156,-6.0
2026/03/09,SRPT,US8036071004,2026-03-09,17.600000381469727,2989035.0,16.829999923706055,17.709999084472656,16.56999969482422,0.0,0.0,,,18.1200008392334,-3.0
2026/03/09,KSS,US5002551043,2026-03-09,14.800000190734863,9569720.0,14.649999618530272,14.880000114440918,13.859999656677246,0.0,0.0,,,18.13999938964844,-18.0
2026/03/09,6886.HK,CNE100001YQ9,2026-03-09,15.920000076293944,18084713.0,15.710000038146973,15.920000076293944,15.4399995803833,0.0,0.0,,,18.200000762939453,-13.0
2026/03/09,HR,US42226K1051,2026-03-09,18.43000030517578,2920461.0,18.309999465942383,18.575000762939453,18.045000076293945,0.0,0.0,,,18.270000457763672,1.0
2026/03/09,0836.HK,HK0836012952,2026-03-09,18.6200008392334,16428225.0,18.420000076293945,18.670000076293945,18.309999465942383,0.0,0.0,,,18.299999237060547,2.0
2026/03/09,HPQ,US40434L1052,2026-03-09,18.93000030517578,17315171.0,19.170000076293945,19.190000534057617,18.4950008392334,0.0,0.0,,,18.350000381469727,3.0
2026/03/09,EOAN.DE,DE000ENAG999,2026-03-09,18.434999465942383,4124871.0,18.450000762939453,18.46999931335449,18.104999542236328,0.0,0.0,,,18.475000381469727,-0.0
2026/03/09,PCG,US69331C1080,2026-03-09,18.170000076293945,15395522.0,18.559999465942383,18.63999938964844,17.915000915527344,0.0,0.0,,,18.479999542236328,-2.0
2026/03/09,REP.MC,ES0173516115,2026-03-09,20.96999931335449,7374520.0,20.850000381469727,21.11000061035156,20.6299991607666,0.0,0.0,,,18.524999618530277,13.0
2026/03/09,T.TO,CA87971M1032,2026-03-09,18.57999992370605,7421419.0,18.5,18.71999931335449,18.350000381469727,0.0,0.0,,,18.600000381469727,-0.0
2026/03/09,ENI.MI,IT0003132476,2026-03-09,20.9950008392334,18636791.0,20.600000381469727,21.100000381469727,20.459999084472656,0.0,0.0,,,18.68400001525879,12.0
2026/03/09,ACA.PA,FR0000045072,2026-03-09,16.59000015258789,5875604.0,16.309999465942383,16.59000015258789,16.200000762939453,0.0,0.0,,,18.71500015258789,-11.0
2026/03/09,1928.HK,KYG7800X1079,2026-03-09,16.950000762939453,20930038.0,17.489999771118164,17.489999771118164,16.639999389648438,0.0,0.0,,,18.75,-10.0
2026/03/09,CAG,US2058871029,2026-03-09,18.65999984741211,10966238.0,18.959999084472656,19.096399307250977,18.6200008392334,0.0,0.0,,,18.86000061035156,-1.0
2026/03/09,0551.HK,BMG988031446,2026-03-09,17.950000762939453,4405176.0,17.969999313354492,18.07999992370605,17.329999923706055,0.0,0.0,,,19.0,-6.0
2026/03/09,ARCC,US04010L1035,2026-03-09,18.690000534057617,10958172.0,18.549999237060547,18.71500015258789,18.309999465942383,0.0,0.0,,,19.049999237060547,-2.0
2026/03/09,MB.MI,IT0000062957,2026-03-09,15.385000228881836,1395730.0,15.199999809265137,15.600000381469728,14.979999542236328,0.0,0.0,,,19.125,-20.0
2026/03/09,FMG.AX,AU000000FMG4,2026-03-09,19.049999237060547,8989587.0,18.59000015258789,19.049999237060547,18.5,0.0,0.0,,,19.394020080566406,-2.0
2026/03/09,VFC,US9182041080,2026-03-09,17.270000457763672,9932290.0,16.90999984741211,17.31999969482422,15.979999542236328,0.0,0.0,,,19.68000030517578,-12.0
2026/03/09,SLM,US78442P1066,2026-03-09,19.979999542236328,7173584.0,19.32999992370605,20.03499984741211,18.96999931335449,0.0,0.0,,,19.72854423522949,1.0
2026/03/09,HST,US44107P1049,2026-03-09,19.15999984741211,11022414.0,18.90999984741211,19.20499992370605,18.399999618530277,0.0,0.0,,,19.76000022888184,-3.0
2026/03/09,IBE.MC,ES0144580Y14,2026-03-09,19.1200008392334,8311165.0,18.799999237060547,19.20499992370605,18.65999984741211,0.0,0.0,,,19.850000381469727,-4.0
2026/03/09,1910.HK,LU0633102719,2026-03-09,17.1299991607666,6926073.0,17.40999984741211,17.5,16.8700008392334,0.0,0.0,,,19.959999084472656,-14.0
2026/03/09,RUN,US86771W1053,2026-03-09,11.329999923706056,11592111.0,11.154999732971191,11.449899673461914,10.779999732971191,0.0,0.0,,,19.989999771118164,-43.0
2026/03/09,HPE,US42824C1099,2026-03-09,21.809999465942383,33842601.0,20.63999938964844,21.81999969482422,20.600000381469727,0.0,0.0,,,20.0,9.0
2026/03/09,BBVA.MC,ES0113211835,2026-03-09,18.21999931335449,11970488.0,17.709999084472656,18.309999465942383,17.579999923706055,0.0,0.0,,,20.059999465942383,-9.0
2026/03/09,CZR,US12769G1004,2026-03-09,25.76000022888184,5498097.0,25.82999992370605,26.399999618530277,24.959999084472656,0.0,0.0,,,20.21999931335449,27.0
2026/03/09,NOV,US62955J1034,2026-03-09,18.959999084472656,3171709.0,18.649999618530277,19.05500030517578,18.21999931335449,0.0,0.0,,,20.280000686645508,-7.0
2026/03/09,1888.HK,KYG5257K1076,2026-03-09,20.899999618530277,27714400.0,20.520000457763672,21.07999992370605,19.71999931335449,0.0,0.0,,,20.3799991607666,3.0
2026/03/09,AC.TO,CA0089118776,2026-03-09,17.780000686645508,4802052.0,17.1299991607666,17.799999237060547,16.809999465942383,0.0,0.0,,,20.399999618530277,-13.0
2026/03/09,DEBS.L,JE00BG6L7297,2026-03-09,21.0,2526728.0,21.0,21.5,20.0,0.0,0.0,,,20.399999618530277,3.0
2026/03/09,CPRI,VGG1890L1076,2026-03-09,18.290000915527344,2714930.0,17.5,18.51000022888184,16.915000915527344,0.0,0.0,,,20.46999931335449,-11.0
2026/03/09,2196.HK,CNE100001M79,2026-03-09,19.559999465942383,3060050.0,19.520000457763672,19.670000076293945,19.100000381469727,0.0,0.0,,,20.739999771118164,-6.0
2026/03/09,KEY,US4932671088,2026-03-09,19.690000534057617,20073701.0,19.489999771118164,19.7549991607666,18.96999931335449,0.0,0.0,,,20.80401992797852,-5.0
2026/03/09,4564.T,JP3202150003,2026-03-09,21.0,32707600.0,21.0,21.0,20.0,0.0,0.0,,,21.0,0.0
2026/03/09,SINCH.ST,SE0016101844,2026-03-09,22.459999084472656,5945207.0,22.26000022888184,23.030000686645508,22.149999618530277,0.0,0.0,,,21.1200008392334,6.0
2026/03/09,BBDC4.SA,BRBBDCACNPR8,2026-03-09,19.549999237060547,38597900.0,19.31999969482422,19.739999771118164,19.11000061035156,0.0,0.0,,,21.21102523803711,-8.0
2026/03/09,BAX,US0718131099,2026-03-09,17.90999984741211,9728207.0,17.260000228881836,17.96500015258789,17.0,0.0,0.0,,,21.24955940246582,-16.0
2026/03/09,M,US55616P1049,2026-03-09,17.979999542236328,11247993.0,18.0,18.1299991607666,17.049999237060547,0.0,0.0,,,21.270000457763672,-15.0
2026/03/09,CEMEXCPO.MX,MXP225611567,2026-03-09,19.25,48313958.0,19.350000381469727,19.38999938964844,18.530000686645508,0.0,0.0,,,21.3700008392334,-10.0
2026/03/09,QBE.AX,AU000000QBE9,2026-03-09,20.61000061035156,5088506.0,20.3700008392334,20.88999938964844,20.209999084472656,0.0,0.0,,,21.42576026916504,-4.0
2026/03/09,GGBR4.SA,BRGGBRACNPR8,2026-03-09,18.530000686645508,13720700.0,18.709999084472656,18.770000457763672,18.299999237060547,0.0,0.0,,,21.61000061035156,-14.0
2026/03/09,GEN,US6687711084,2026-03-09,22.549999237060547,5003402.0,22.32999992370605,22.674999237060547,21.989999771118164,0.0,0.0,,,21.649999618530277,4.0
2026/03/09,O39.SI,SG1S04926220,2026-03-09,20.459999084472656,8115000.0,20.549999237060547,20.549999237060547,20.13999938964844,0.0,0.0,,,21.690000534057617,-6.0
2026/03/09,1099.HK,CNE100000FN7,2026-03-09,20.63999938964844,6870455.0,20.65999984741211,20.65999984741211,20.020000457763672,0.0,0.0,,,21.700000762939453,-5.0
2026/03/09,HMY,US4132163001,2026-03-09,19.0,4583711.0,18.5,19.03499984741211,17.908000946044922,0.0,0.0,,,21.81999969482422,-13.0
2026/03/09,1193.HK,BMG2113B1081,2026-03-09,20.31999969482422,3238730.0,20.36000061035156,20.479999542236328,20.100000381469727,0.0,0.0,,,22.040000915527344,-8.0
2026/03/09,3908.HK,CNE100002359,2026-03-09,18.90999984741211,13761351.0,18.5,18.940000534057617,18.239999771118164,0.0,0.0,,,22.100000381469727,-14.0
2026/03/09,MCG.L,GB0006215205,2026-03-09,22.57999992370605,6957272.0,23.0,23.440000534057617,22.200000762939453,0.0,0.0,,,22.459999084472656,1.0
2026/03/09,BBWI,US0708301041,2026-03-09,21.6200008392334,5175419.0,20.420000076293945,21.799999237060547,19.825000762939453,0.0,0.0,,,22.520000457763672,-4.0
2026/03/09,SM,US78454L1008,2026-03-09,26.020000457763672,9727554.0,26.26000022888184,26.86000061035156,25.690000534057617,0.0,0.0,,,22.75,14.0
2026/03/09,2331.HK,KYG5496K1242,2026-03-09,20.239999771118164,15017822.0,19.799999237060547,20.299999237060547,19.51000022888184,0.0,0.0,,,22.81999969482422,-11.0
2026/03/09,NLY,US0357108390,2026-03-09,22.184999465942383,9931245.0,22.149999618530277,22.21999931335449,21.524999618530277,0.0,0.0,,,22.81999969482422,-3.0
2026/03/09,6740.T,JP3389660006,2026-03-09,52.0,363331200.0,47.0,55.0,40.0,0.0,0.0,,,23.0,126.0
2026/03/09,NWSA,US65249B1098,2026-03-09,24.540000915527344,3218240.0,24.350000381469727,24.59000015258789,23.96999931335449,0.0,0.0,,,23.0,7.0
2026/03/09,KIM,US49446R1095,2026-03-09,23.200000762939453,6896924.0,23.01000022888184,23.21500015258789,22.600000381469727,0.0,0.0,,,23.151105880737305,0.0
2026/03/09,NCLH,BMG667211046,2026-03-09,20.709999084472656,26390885.0,19.420000076293945,20.854999542236328,18.51000022888184,0.0,0.0,,,23.489999771118164,-12.0
2026/03/09,GME,US36467W1099,2026-03-09,24.799999237060547,6764653.0,24.0,24.96999931335449,23.93000030517578,0.0,0.0,,,23.63999938964844,5.0
2026/03/09,AEO,US02553E1064,2026-03-09,18.46999931335449,11939518.0,18.059999465942383,18.549999237060547,17.56999969482422,0.0,0.0,,,23.649999618530277,-22.0
2026/03/09,1530.HK,KYG8875G1029,2026-03-09,20.440000534057617,45728522.0,20.81999969482422,20.920000076293945,19.739999771118164,0.0,0.0,,,23.899999618530277,-14.0
2026/03/09,ONB,US6800331075,2026-03-09,22.38999938964844,3393526.0,22.01000022888184,22.540000915527344,21.40999984741211,0.0,0.0,,,23.981365203857425,-7.0
2026/03/09,HL,US4227041062,2026-03-09,21.07999992370605,18148905.0,19.825000762939453,21.13999938964844,18.913299560546875,0.0,0.0,,,23.989999771118164,-12.0
2026/03/09,FHN,US3205171057,2026-03-09,22.82999992370605,4805314.0,22.5,22.950000762939453,22.06999969482422,0.0,0.0,,,24.100000381469727,-5.0
2026/03/09,KHC,US5007541064,2026-03-09,24.440000534057617,14731580.0,24.38999938964844,24.68000030517578,24.180099487304688,0.0,0.0,,,24.134883880615234,1.0
2026/03/09,BRAP4.SA,BRBRAPACNPR2,2026-03-09,22.700000762939453,3875900.0,22.209999084472656,22.920000076293945,21.8700008392334,0.0,0.0,,,24.270000457763672,-6.0
2026/03/09,CDE,US1921085049,2026-03-09,22.700000762939453,18576814.0,21.700000762939453,22.815000534057617,20.584999084472656,0.0,0.0,,,24.43000030517578,-7.0
2026/03/09,BXB.AX,AU000000BXB1,2026-03-09,23.229999542236328,2880660.0,23.649999618530277,23.959999084472656,22.920000076293945,0.0,0.0,,,24.520000457763672,-5.0
2026/03/09,0966.HK,HK0000055878,2026-03-09,21.479999542236328,10316498.0,21.399999618530277,21.600000381469727,20.71999931335449,0.0,0.0,,,24.76000022888184,-13.0
2026/03/09,INGA.AS,NL0011821202,2026-03-09,22.549999237060547,8783619.0,22.06999969482422,22.59499931335449,21.799999237060547,0.0,0.0,,,25.03499984741211,-10.0
2026/03/09,BCS,US06738E2046,2026-03-09,21.959999084472656,10186011.0,21.200000762939453,22.0049991607666,20.96500015258789,0.0,0.0,,,25.11000061035156,-13.0
2026/03/09,WY,US9621661043,2026-03-09,24.450000762939453,5463735.0,24.21999931335449,24.575000762939453,23.81999969482422,0.0,0.0,,,25.1299991607666,-3.0
2026/03/09,HRL,US4404521001,2026-03-09,23.8799991607666,4252517.0,24.25,24.420000076293945,23.670000076293945,0.0,0.0,,,25.15999984741211,-5.0
2026/03/09,IVZ,BMG491BT1088,2026-03-09,23.8799991607666,4938690.0,23.170000076293945,23.959999084472656,22.40999984741211,0.0,0.0,,,25.209999084472656,-5.0
2026/03/09,0914.HK,CNE1000001W2,2026-03-09,22.5,11996120.0,22.8799991607666,22.8799991607666,21.8799991607666,0.0,0.0,,,25.21999931335449,-11.0
2026/03/09,CNK,US17243V1026,2026-03-09,27.200000762939453,1343650.0,27.559999465942383,27.739999771118164,26.450000762939453,0.0,0.0,,,25.8183536529541,5.0
2026/03/09,0883.HK,HK0883013259,2026-03-09,27.5,455872203.0,28.76000022888184,28.86000061035156,27.31999969482422,0.0,0.0,,,25.84000015258789,6.0
2026/03/09,1972.HK,HK0000063609,2026-03-09,24.299999237060547,6235871.0,24.979999542236328,24.979999542236328,23.420000076293945,0.0,0.0,,,26.040000915527344,-7.0
2026/03/09,WDS.AX,AU0000224040,2026-03-09,31.36000061035156,15244294.0,32.02000045776367,32.130001068115234,30.670000076293945,0.0,0.0,,,26.364648818969727,19.0
2026/03/09,WG.L,GB00B5N0P849,2026-03-09,29.399999618530277,14535245.0,29.200000762939453,29.5,28.68000030517578,0.0,0.0,,,26.420000076293945,11.0
2026/03/09,ENGI.PA,FR0010208488,2026-03-09,26.290000915527344,4939674.0,25.729999542236328,26.34000015258789,25.450000762939453,0.0,0.0,,,26.520000457763672,-1.0
2026/03/09,0291.HK,HK0291001490,2026-03-09,26.21999931335449,11250479.0,26.21999931335449,26.440000534057617,25.920000076293945,0.0,0.0,,,26.739999771118164,-2.0
2026/03/09,GAP,US3647601083,2026-03-09,22.850000381469727,11147168.0,22.8799991607666,22.975000381469727,22.030000686645508,0.0,0.0,,,27.040000915527344,-15.0
2026/03/09,PFE,US7170811035,2026-03-09,26.72100067138672,35975129.0,26.90999984741211,27.11000061035156,26.354999542236328,0.0,0.0,,,27.059999465942383,-1.0
2026/03/09,BEN,US3546131018,2026-03-09,25.850000381469727,4466238.0,25.670000076293945,25.8700008392334,24.640100479125977,0.0,0.0,,,27.06999969482422,-5.0
2026/03/09,CPB,US1344291091,2026-03-09,25.290000915527344,6597480.0,25.57999992370605,25.667999267578125,25.159900665283203,0.0,0.0,,,27.11000061035156,-7.0
2026/03/09,JD,US47215P1066,2026-03-09,27.46999931335449,12309435.0,26.899999618530277,27.559999465942383,26.809999465942383,0.0,0.0,,,27.229999542236328,1.0
2026/03/09,VIAV,US9255501051,2026-03-09,29.239999771118164,4265988.0,27.125,29.28499984741211,26.8700008392334,0.0,0.0,,,27.3700008392334,7.0
2026/03/09,0763.HK,CNE1000004Y2,2026-03-09,24.34000015258789,28531886.0,24.420000076293945,24.440000534057617,23.040000915527344,0.0,0.0,,,27.540000915527344,-12.0
2026/03/09,0179.HK,BMG5150J1577,2026-03-09,26.0,5385500.0,26.0,26.200000762939453,24.700000762939453,0.0,0.0,,,27.799999237060547,-6.0
2026/03/09,3888.HK,KYG5264Y1089,2026-03-09,24.71999931335449,12742310.0,23.940000534057617,24.76000022888184,23.600000381469727,0.0,0.0,,,27.920000076293945,-11.0
2026/03/09,RF,US7591EP1005,2026-03-09,26.959999084472656,17608162.0,26.56999969482422,27.084999084472656,26.059999465942383,0.0,0.0,,,28.436620712280277,-5.0
2026/03/09,T,US00206R1023,2026-03-09,27.530000686645508,50690005.0,28.1299991607666,28.350000381469727,27.38999938964844,0.0,0.0,,,28.520000457763672,-3.0
2026/03/09,APA,US03743Q1085,2026-03-09,32.59000015258789,11393931.0,33.233001708984375,33.77949905395508,32.310001373291016,0.0,0.0,,,28.71999931335449,13.0
2026/03/09,MOS,US61945C1036,2026-03-09,26.950000762939453,9056548.0,26.25,27.26000022888184,25.3799991607666,0.0,0.0,,,28.729999542236328,-6.0
2026/03/09,WBD,US9344231041,2026-03-09,27.75,22017847.0,27.84000015258789,27.934999465942383,27.709999084472656,0.0,0.0,,,28.920000076293945,-4.0
2026/03/09,NST.AX,AU000000NST8,2026-03-09,25.309999465942383,8684717.0,26.700000762939453,26.799999237060547,25.049999237060547,0.0,0.0,,,29.06147766113281,-13.0
2026/03/09,GMG.AX,AU000000GMG2,2026-03-09,27.229999542236328,4104317.0,26.38999938964844,27.229999542236328,26.100000381469727,0.0,0.0,,,29.239999771118164,-7.0
2026/03/09,ABN.AS,NL0011540547,2026-03-09,27.09000015258789,1680713.0,26.36000061035156,27.13999938964844,26.229999542236328,0.0,0.0,,,29.299999237060547,-8.0
2026/03/09,1044.HK,KYG4402L1510,2026-03-09,28.34000015258789,2034120.0,28.71999931335449,28.71999931335449,27.65999984741211,0.0,0.0,,,29.3799991607666,-4.0
2026/03/09,6030.HK,CNE1000016V2,2026-03-09,25.13999938964844,11709552.0,25.0,25.13999938964844,24.440000534057617,0.0,0.0,,,29.700000762939453,-15.0
2026/03/09,KDP,US49271V1008,2026-03-09,28.190000534057617,10721422.0,28.11000061035156,28.239999771118164,27.475000381469727,0.0,0.0,,,29.770000457763672,-5.0
2026/03/09,BF-B,US1156372096,2026-03-09,25.024999618530277,6052850.0,24.76000022888184,25.049999237060547,24.229999542236328,0.0,0.0,,,30.200000762939453,-17.0
2026/03/09,CCL,PA1436583006,2026-03-09,26.38999938964844,55983269.0,24.46500015258789,26.36000061035156,23.47089958190918,0.0,0.0,,,30.420000076293945,-13.0
2026/03/09,IBN,US45104G1040,2026-03-09,28.020000457763672,5407706.0,27.600000381469727,28.045000076293945,27.31999969482422,0.0,0.0,,,30.600000381469727,-8.0
2026/03/09,DBK.DE,DE0005140008,2026-03-09,26.549999237060547,9692334.0,26.299999237060547,26.549999237060547,25.86000061035156,0.0,0.0,,,30.674999237060547,-13.0
2026/03/09,CTRA,US1270971039,2026-03-09,31.18000030517578,23242372.0,31.32999992370605,32.0,30.78499984741211,0.0,0.0,,,30.75,1.0
2026/03/09,MTCH,US57667L1070,2026-03-09,31.11000061035156,5265702.0,30.420000076293945,31.155000686645508,29.850000381469727,0.0,0.0,,,30.8799991607666,1.0
2026/03/09,CVE.TO,CA15135U1093,2026-03-09,30.940000534057617,9006405.0,31.030000686645508,31.950000762939453,30.86000061035156,0.0,0.0,,,30.8799991607666,0.0
2026/03/09,CMCSA,US20030N1019,2026-03-09,31.040000915527344,45835343.0,31.63999938964844,31.76000022888184,30.46999931335449,0.0,0.0,,,31.6299991607666,-2.0
2026/03/09,2338.HK,CNE1000004L9,2026-03-09,30.0,25851568.0,29.540000915527344,30.040000915527344,28.459999084472656,0.0,0.0,,,31.81999969482422,-6.0
2026/03/09,UBSG.SW,CH0244767585,2026-03-09,29.6200008392334,7715225.0,29.209999084472656,29.6200008392334,28.96999931335449,0.0,0.0,,,32.18000030517578,-8.0
2026/03/09,1109.HK,KYG2108Y1052,2026-03-09,30.84000015258789,26153704.0,30.0,30.920000076293945,29.1200008392334,0.0,0.0,,,32.20000076293945,-4.0
2026/03/09,1308.HK,KYG8187G1055,2026-03-09,33.040000915527344,8230882.0,33.400001525878906,33.599998474121094,32.34000015258789,0.0,0.0,,,32.47999954223633,2.0
2026/03/09,KMI,US49456B1017,2026-03-09,33.29999923706055,10501712.0,33.65999984741211,33.619998931884766,33.14500045776367,0.0,0.0,,,32.70000076293945,2.0
2026/03/09,1818.HK,CNE1000004R6,2026-03-09,32.2400016784668,23084554.0,30.86000061035156,32.540000915527344,29.920000076293945,0.0,0.0,,,33.02000045776367,-2.0
2026/03/09,DTE.DE,DE0005557508,2026-03-09,32.5,5694920.0,32.81999969482422,33.040000915527344,32.209999084472656,0.0,0.0,,,33.25,-2.0
2026/03/09,LKQ,US5018892084,2026-03-09,31.28499984741211,1146035.0,31.040000915527344,31.38999938964844,30.350000381469727,0.0,0.0,,,33.290000915527344,-6.0
2026/03/09,0285.HK,HK0285041858,2026-03-09,30.21999931335449,10609591.0,28.81999969482422,30.3799991607666,28.31999969482422,0.0,0.0,,,33.380001068115234,-9.0
2026/03/09,1072.HK,CNE100000304,2026-03-09,43.15999984741211,27538376.0,41.59999847412109,43.400001525878906,40.7599983215332,0.0,0.0,,,33.63999938964844,28.0
2026/03/09,TEVA,US8816242098,2026-03-09,31.5,11092501.0,30.530000686645508,31.46999931335449,29.930099487304688,0.0,0.0,,,33.90999984741211,-7.0
2026/03/09,STM,US8610121027,2026-03-09,33.529998779296875,12517862.0,31.2549991607666,33.724998474121094,30.665000915527344,0.0,0.0,,,33.9900016784668,-1.0
2026/03/09,AR,US03674X1063,2026-03-09,39.09000015258789,7628679.0,39.45000076293945,39.72999954223633,38.60749816894531,0.0,0.0,,,34.0,15.0
2026/03/09,AXTA,BMG0750C1082,2026-03-09,29.290000915527344,4195848.0,28.84000015258789,29.468000411987305,28.18000030517578,0.0,0.0,,,34.04999923706055,-14.0
2026/03/09,PBF,US69318G1067,2026-03-09,38.119998931884766,6534779.0,43.84000015258789,44.10179901123047,37.54999923706055,0.0,0.0,,,34.05103302001953,12.0
2026/03/09,MGM,US5529531015,2026-03-09,35.70000076293945,4140599.0,34.75,35.88999938964844,33.44499969482422,0.0,0.0,,,34.25,4.0
2026/03/09,CBK.DE,DE000CBK1001,2026-03-09,30.36000061035156,4121414.0,29.75,30.420000076293945,29.3700008392334,0.0,0.0,,,34.40999984741211,-12.0
2026/03/09,VKTX,US92686J1060,2026-03-09,33.5,1609779.0,32.869998931884766,33.79990005493164,32.5099983215332,0.0,0.0,,,34.459999084472656,-3.0
2026/03/09,2628.HK,CNE1000002L3,2026-03-09,28.57999992370605,129718156.0,27.399999618530277,28.700000762939453,26.600000381469727,0.0,0.0,,,34.58000183105469,-17.0
2026/03/09,0012.HK,HK0012000102,2026-03-09,31.899999618530277,17748861.0,32.52000045776367,32.52000045776367,31.13999938964844,0.0,0.0,,,34.599998474121094,-8.0
2026/03/09,JHX.AX,AU000000JHX1,2026-03-09,29.479999542236328,3768091.0,29.940000534057617,29.940000534057617,28.790000915527344,0.0,0.0,,,34.810001373291016,-15.0
2026/03/09,HAL,US4062161017,2026-03-09,34.650001525878906,15378252.0,33.779998779296875,34.7599983215332,33.4900016784668,0.0,0.0,,,35.070098876953125,-1.0
2026/03/09,FRO,CY0200352116,2026-03-09,35.4900016784668,6324270.0,34.650001525878906,35.959999084472656,34.54999923706055,0.0,0.0,,,35.09000015258789,1.0
2026/03/09,CPRT,US2172041061,2026-03-09,37.619998931884766,8834415.0,37.38999938964844,37.7400016784668,37.04499816894531,0.0,0.0,,,35.36000061035156,6.0
2026/03/09,BCE.TO,CA05534B7604,2026-03-09,35.15999984741211,3567399.0,35.04999923706055,35.415000915527344,34.869998931884766,0.0,0.0,,,35.720001220703125,-2.0
2026/03/09,G.MI,IT0000062072,2026-03-09,32.900001525878906,4315395.0,32.599998474121094,33.02000045776367,32.060001373291016,0.0,0.0,,,35.939998626708984,-8.0
2026/03/09,CMG,US1696561059,2026-03-09,35.290000915527344,17695833.0,34.5,35.380001068115234,34.005001068115234,0.0,0.0,,,36.61000061035156,-4.0
2026/03/09,0066.HK,HK0066009694,2026-03-09,34.70000076293945,5944951.0,34.91999816894531,34.91999816894531,34.119998931884766,0.0,0.0,,,36.880001068115234,-6.0
2026/03/09,PPL,US69351T1060,2026-03-09,38.310001373291016,7337170.0,38.36000061035156,38.44499969482422,37.630001068115234,0.0,0.0,,,37.2599983215332,3.0
2026/03/09,1378.HK,KYG211501005,2026-03-09,37.70000076293945,49677025.0,38.09999847412109,38.18000030517578,37.0,0.0,0.0,,,37.29999923706055,1.0
2026/03/09,0823.HK,HK0823032773,2026-03-09,37.47999954223633,15059686.0,37.79999923706055,38.0,37.119998931884766,0.0,0.0,,,37.70000076293945,-1.0
2026/03/09,2601.HK,CNE1000009Q7,2026-03-09,33.2400016784668,29517843.0,32.84000015258789,33.31999969482422,31.780000686645508,0.0,0.0,,,38.380001068115234,-13.0
2026/03/09,BP,US0556221044,2026-03-09,40.650001525878906,21325515.0,40.52000045776367,41.20000076293945,40.18999862670898,0.0,0.0,,,38.40999984741211,6.0
2026/03/09,2018.HK,KYG2953R1149,2026-03-09,32.7400016784668,3760105.0,32.47999954223633,32.880001068115234,31.5,0.0,0.0,,,38.540000915527344,-15.0
2026/03/09,RRC,US75281A1097,2026-03-09,41.619998931884766,4162701.0,41.91999816894531,42.29999923706055,41.18999862670898,0.0,0.0,,,38.58000183105469,8.0
2026/03/09,PETR4.SA,BRPETRACNPR6,2026-03-09,43.15999984741211,106586400.0,43.25,44.27000045776367,42.66999816894531,0.0,0.0,,,38.59000015258789,12.0
2026/03/09,U11.SI,SG1M31001969,2026-03-09,35.5099983215332,3922000.0,35.52000045776367,35.59000015258789,35.150001525878906,0.0,0.0,,,38.79999923706055,-8.0
2026/03/09,SEDG,US83417M1045,2026-03-09,34.59000015258789,3235205.0,32.7599983215332,34.7400016784668,31.5,0.0,0.0,,,39.380001068115234,-12.0
2026/03/09,NVO,US6701002056,2026-03-09,39.77999877929688,22883905.0,39.18999862670898,39.875,38.494998931884766,0.0,0.0,,,39.630001068115234,0.0
2026/03/09,ANZ.AX,AU000000ANZ3,2026-03-09,36.77999877929688,6323701.0,36.400001525878906,36.77999877929688,35.84000015258789,0.0,0.0,,,39.77000045776367,-8.0
2026/03/09,CS.PA,FR0000120628,2026-03-09,37.47999954223633,4706391.0,37.400001525878906,37.77000045776367,37.09000015258789,0.0,0.0,,,39.81999969482422,-6.0
2026/03/09,ALLY,US02005N1000,2026-03-09,38.43999862670898,4255767.0,37.290000915527344,38.56999969482422,36.584999084472656,0.0,0.0,,,39.970001220703125,-4.0
2026/03/09,PETR3.SA,BRPETRACNOR9,2026-03-09,46.75,24511400.0,47.040000915527344,48.2400016784668,46.70000076293945,0.0,0.0,,,41.7400016784668,12.0
2026/03/09,CSX,US1264081035,2026-03-09,40.59999847412109,13193907.0,39.83000183105469,40.84000015258789,39.334999084472656,0.0,0.0,,,41.83223342895508,-3.0
2026/03/09,WBC.AX,AU000000WBC1,2026-03-09,40.09999847412109,6805882.0,39.619998931884766,40.09999847412109,39.025001525878906,0.0,0.0,,,42.040000915527344,-5.0
2026/03/09,KMX,US1431301027,2026-03-09,42.5,2919946.0,40.880001068115234,42.52000045776367,40.13999938964844,0.0,0.0,,,42.31999969482422,0.0
2026/03/09,KIMBERA.MX,MXP606941179,2026-03-09,41.150001525878906,7176228.0,41.720001220703125,41.72999954223633,40.0099983215332,0.0,0.0,,,42.560001373291016,-3.0
2026/03/09,BAYN.DE,DE000BAY0017,2026-03-09,37.59000015258789,3697395.0,35.685001373291016,37.75,35.20000076293945,0.0,0.0,,,42.79999923706055,-12.0
2026/03/09,Z,US98954M2008,2026-03-09,45.25,4731308.0,44.84000015258789,45.34999847412109,43.5994987487793,0.0,0.0,,,42.83000183105469,6.0
2026/03/09,CNP,US15189T1079,2026-03-09,43.47999954223633,2880756.0,43.5099983215332,43.75,42.95000076293945,0.0,0.0,,,42.88999938964844,1.0
2026/03/09,3808.HK,HK3808041546,2026-03-09,37.15999984741211,5660437.0,37.79999923706055,38.5,35.599998474121094,0.0,0.0,,,42.959999084472656,-14.0
2026/03/09,CNC,US15135B1017,2026-03-09,43.31999969482422,3051911.0,43.369998931884766,43.81999969482422,42.04499816894531,0.0,0.0,,,43.34000015258789,-0.0
2026/03/09,INTC,US4581401001,2026-03-09,45.58000183105469,81840006.0,42.69599914550781,45.7599983215332,41.63999938964844,0.0,0.0,,,43.630001068115234,4.0
2026/03/09,DVN,US25179M1036,2026-03-09,44.81999969482422,25531972.0,45.20000076293945,45.994998931884766,44.18000030517578,0.0,0.0,,,43.66999816894531,3.0
2026/03/09,0027.HK,HK0027032686,2026-03-09,36.93999862670898,13193499.0,37.0,37.040000915527344,36.09999847412109,0.0,0.0,,,43.79999923706055,-16.0
2026/03/09,3898.HK,CNE1000004X4,2026-03-09,40.47999954223633,2915060.0,41.09999847412109,40.81999969482422,38.84000015258789,0.0,0.0,,,43.900001525878906,-8.0
2026/03/09,PYPL,US70450Y1038,2026-03-09,46.15999984741211,18551774.0,46.08000183105469,46.52560043334961,44.959999084472656,0.0,0.0,,,43.917030334472656,5.0
2026/03/09,EXEL,US30161Q1040,2026-03-09,42.369998931884766,3116476.0,41.09999847412109,42.4650993347168,40.68000030517578,0.0,0.0,,,44.0099983215332,-4.0
2026/03/09,1088.HK,CNE1000002R0,2026-03-09,46.619998931884766,49913287.0,45.84000015258789,48.15999984741211,45.84000015258789,0.0,0.0,,,44.040000915527344,6.0
2026/03/09,2388.HK,HK2388011192,2026-03-09,41.27999877929688,22794067.0,41.02000045776367,41.47999954223633,40.220001220703125,0.0,0.0,,,44.34000015258789,-7.0
2026/03/09,IP,US4601461035,2026-03-09,38.31999969482422,7851182.0,38.77000045776367,38.83000183105469,37.02000045776367,0.0,0.0,,,44.40999984741211,-14.0
2026/03/09,HAS.L,GB0004161021,2026-03-09,37.08000183105469,3750620.0,37.560001373291016,37.59999847412109,36.507999420166016,0.0,0.0,,,44.900001525878906,-17.0
2026/03/09,2899.HK,CNE100000502,2026-03-09,38.97999954223633,110120010.0,38.0,39.119998931884766,37.09999847412109,0.0,0.0,,,44.91999816894531,-13.0
2026/03/09,FAST,US3119001044,2026-03-09,46.79999923706055,9285922.0,46.0099983215332,47.04999923706055,45.380001068115234,0.0,0.0,,,45.04999923706055,4.0
2026/03/09,VSAT,US92552V1008,2026-03-09,45.97999954223633,1265984.0,42.0,46.084999084472656,41.68000030517578,0.0,0.0,,,45.22999954223633,2.0
2026/03/09,GIS,US3703341046,2026-03-09,43.400001525878906,6352014.0,44.150001525878906,44.29499816894531,43.40999984741211,0.0,0.0,,,45.380001068115234,-4.0
2026/03/09,TELIA.ST,SE0000667925,2026-03-09,45.959999084472656,6783132.0,45.95000076293945,46.27999877929688,45.38999938964844,0.0,0.0,,,45.630001068115234,1.0
2026/03/09,0358.HK,CNE1000003K3,2026-03-09,39.70000076293945,22629337.0,38.59999847412109,39.70000076293945,37.02000045776367,0.0,0.0,,,45.880001068115234,-13.0
2026/03/09,IFX.DE,DE0006231004,2026-03-09,38.95000076293945,5615882.0,37.52000045776367,39.17499923706055,37.29999923706055,0.0,0.0,,,45.88999938964844,-15.0
2026/03/09,9704.T,JP3561200001,2026-03-09,44.0,811700.0,43.0,44.0,42.0,0.0,0.0,,,46.0,-4.0
2026/03/09,NI,US65473P1057,2026-03-09,47.02999877929688,3988371.0,46.220001220703125,47.19499969482422,45.880001068115234,0.0,0.0,,,46.20000076293945,2.0
2026/03/09,0425.HK,KYG6145U1094,2026-03-09,37.86000061035156,8634500.0,37.720001220703125,38.20000076293945,36.119998931884766,0.0,0.0,,,46.29999923706055,-18.0
2026/03/09,RMH.JO,ZAE000024501,2026-03-09,47.0,4284401.0,47.0,48.0,47.0,0.0,0.0,,,47.0,0.0
2026/03/09,AMKR,US0316521006,2026-03-09,43.220001220703125,5536729.0,40.93000030517578,43.22999954223633,40.220001220703125,0.0,0.0,,,47.06999969482422,-8.0
2026/03/09,SNY,US80105N1054,2026-03-09,44.38999938964844,3671992.0,43.65999984741211,44.459999084472656,43.34000015258789,0.0,0.0,,,47.220001220703125,-6.0
2026/03/09,ENPH,US29355A1079,2026-03-09,41.02999877929688,4250717.0,39.54999923706055,41.150001525878906,38.42499923706055,0.0,0.0,,,47.400001525878906,-13.0
2026/03/09,1113.HK,KYG2177B1014,2026-03-09,46.86000061035156,6755870.0,46.70000076293945,46.880001068115234,45.79999923706055,0.0,0.0,,,47.43999862670898,-1.0
2026/03/09,FIS,US31620M1062,2026-03-09,51.630001068115234,4641791.0,51.29999923706055,51.755001068115234,50.1349983215332,0.0,0.0,,,47.459999084472656,9.0
2026/03/09,EXC,US30161N1019,2026-03-09,49.13999938964844,7334950.0,49.220001220703125,49.34000015258789,48.66999816894531,0.0,0.0,,,47.7907829284668,3.0
2026/03/09,CSGP,US22160N1090,2026-03-09,48.41999816894531,5191989.0,48.400001525878906,48.93000030517578,47.62030029296875,0.0,0.0,,,47.869998931884766,1.0
2026/03/09,NAB.AX,AU000000NAB4,2026-03-09,46.08000183105469,6627504.0,45.27999877929688,46.08000183105469,44.71500015258789,0.0,0.0,,,47.869998931884766,-4.0
2026/03/09,K.TO,CA4969024047,2026-03-09,44.18000030517578,4119921.0,42.52999877929688,44.209999084472656,41.630001068115234,0.0,0.0,,,48.68000030517578,-9.0
2026/03/09,MFC.TO,CA56501R1064,2026-03-09,45.34000015258789,12099518.0,45.0,45.369998931884766,44.22999954223633,0.0,0.0,,,48.74311828613281,-7.0
2026/03/09,CG,US14316J1088,2026-03-09,48.81999969482422,3740287.0,47.63999938964844,49.040000915527344,46.560001373291016,0.0,0.0,,,49.52000045776367,-1.0
2026/03/09,VZ,US92343V1044,2026-03-09,50.64500045776367,19243994.0,51.0,51.09880065917969,50.470001220703125,0.0,0.0,,,49.68000030517578,2.0
2026/03/09,DD,US26614N1028,2026-03-09,45.2400016784668,5275496.0,44.18000030517578,45.436500549316406,43.04999923706055,0.0,0.0,,,49.87984085083008,-9.0
2026/03/09,3968.HK,CNE1000002M1,2026-03-09,49.29999923706055,34325090.0,48.0,49.459999084472656,47.68000030517578,0.0,0.0,,,49.97999954223633,-1.0
2026/03/09,TFC,US89832Q1094,2026-03-09,46.75,7856590.0,46.060001373291016,46.98500061035156,44.915000915527344,0.0,0.0,,,50.09000015258789,-7.0
2026/03/09,1385.HK,CNE100000510,2026-03-09,45.97999954223633,4098539.0,46.0,46.09999847412109,43.540000915527344,0.0,0.0,,,50.400001525878906,-9.0
2026/03/09,FE,US3379321074,2026-03-09,50.959999084472656,3654014.0,50.959999084472656,51.084999084472656,50.16999816894531,0.0,0.0,,,50.43999862670898,1.0
2026/03/09,ALK,US0116591092,2026-03-09,43.2599983215332,6713993.0,41.0,43.34000015258789,38.84999847412109,0.0,0.0,,,50.630001068115234,-15.0
2026/03/09,FITB,US3167731005,2026-03-09,47.165000915527344,8620683.0,46.209999084472656,47.209999084472656,45.26499938964844,0.0,0.0,,,50.709999084472656,-7.0
2026/03/09,XYZ,US8522341036,2026-03-09,65.54000091552734,6314991.0,65.08499908447266,66.08499908447266,63.26409912109375,0.0,0.0,,,50.75,29.0
2026/03/09,BAC,US0605051046,2026-03-09,47.900001525878906,59852945.0,47.93999862670898,48.150001525878906,46.77000045776367,0.0,0.0,,,50.78291702270508,-6.0
2026/03/09,OVV,US69047Q1022,2026-03-09,53.720001220703125,9075514.0,52.65999984741211,54.39500045776367,52.65999984741211,0.0,0.0,,,50.83000183105469,6.0
2026/03/09,LUV,US8447411088,2026-03-09,42.744998931884766,10415500.0,40.68999862670898,42.84999847412109,38.81999969482422,0.0,0.0,,,50.900001525878906,-16.0
2026/03/09,SLB,AN8068571086,2026-03-09,47.18999862670898,18533419.0,46.869998931884766,47.2599983215332,45.5,0.0,0.0,,,51.2400016784668,-8.0
2026/03/09,0168.HK,CNE1000004K1,2026-03-09,49.060001373291016,2819494.0,49.20000076293945,49.5,48.43999862670898,0.0,0.0,,,51.54999923706055,-5.0
2026/03/09,FLR,US3434121022,2026-03-09,45.81999969482422,2898629.0,44.0,46.2599983215332,43.27000045776367,0.0,0.0,,,51.630001068115234,-11.0
2026/03/09,ETSY,US29786A1060,2026-03-09,55.77999877929688,2501533.0,55.59999847412109,56.01499938964844,53.06499862670898,0.0,0.0,,,52.369998931884766,7.0
2026/03/09,OXY,US6745991058,2026-03-09,55.02000045776367,29291309.0,54.43000030517578,56.09000015258789,54.09000015258789,0.0,0.0,,,52.43000030517578,5.0
2026/03/09,BHP.AX,AU000000BHP4,2026-03-09,50.09999847412109,16030950.0,50.15999984741211,50.68999862670898,49.27000045776367,0.0,0.0,,,53.020652770996094,-6.0
2026/03/09,TSCO,US8923561067,2026-03-09,50.66999816894531,8853462.0,49.9900016784668,51.09999847412109,49.470001220703125,0.0,0.0,,,53.64999771118164,-6.0
2026/03/09,AAOI,US03823U1025,2026-03-09,110.62000274658205,13645913.0,95.1750030517578,110.87000274658205,93.7300033569336,0.0,0.0,,,53.959999084472656,105.0
2026/03/09,LVS,US5178341070,2026-03-09,53.90999984741211,3756848.0,52.9900016784668,54.11000061035156,51.47499847412109,0.0,0.0,,,55.720001220703125,-3.0
2026/03/09,USB,US9029733048,2026-03-09,52.130001068115234,9412789.0,51.52999877929688,52.435001373291016,50.31999969482422,0.0,0.0,,,55.810001373291016,-7.0
2026/03/09,LYB,NL0009434992,2026-03-09,67.875,12019149.0,68.69000244140625,69.25499725341797,67.0,0.0,0.0,,,55.980316162109375,21.0
2026/03/09,IPO.L,GB00B128J450,2026-03-09,48.650001525878906,2129796.0,49.0,49.54999923706055,48.0,0.0,0.0,,,56.70000076293945,-14.0
2026/03/09,GFI,US38059T1060,2026-03-09,52.00960159301758,3108033.0,50.36000061035156,52.27999877929688,49.31999969482422,0.0,0.0,,,56.97999954223633,-9.0
2026/03/09,FTV,US34959J1088,2026-03-09,56.34999847412109,3856804.0,56.43000030517578,56.915000915527344,55.40999984741211,0.0,0.0,,,57.18000030517578,-1.0
2026/03/09,WALMEX.MX,MX01WA000038,2026-03-09,55.7599983215332,21207275.0,55.0099983215332,55.9900016784668,54.900001525878906,0.0,0.0,,,57.33000183105469,-3.0
2026/03/09,LDO.MI,IT0003856405,2026-03-09,62.47999954223633,5265301.0,59.400001525878906,62.52000045776367,58.18000030517578,0.0,0.0,,,57.97999954223633,8.0
2026/03/09,BWA,US0997241064,2026-03-09,53.25,3619014.0,50.38999938964844,53.29999923706055,50.209999084472656,0.0,0.0,,,57.99822616577149,-8.0
2026/03/09,CNQ.TO,CA1363851017,2026-03-09,62.77000045776367,45098837.0,63.68000030517578,64.38999938964844,62.43000030517578,0.0,0.0,,,58.02000045776367,8.0
2026/03/09,D05.SI,SG1L01001701,2026-03-09,54.310001373291016,7655516.0,54.400001525878906,54.400001525878906,53.5,0.0,0.0,,,58.150001525878906,-7.0
2026/03/09,FISV,US3377381088,2026-03-09,61.290000915527344,5325111.0,62.29999923706055,62.369998931884766,59.970001220703125,0.0,0.0,,,58.400001525878906,5.0
2026/03/09,2382.HK,KYG8586D1097,2026-03-09,55.0,10913201.0,52.75,55.25,52.54999923706055,0.0,0.0,,,58.84999847412109,-7.0
2026/03/09,EQT,US26884L1098,2026-03-09,61.70000076293945,6292468.0,62.34000015258789,62.928001403808594,61.5099983215332,0.0,0.0,,,59.02999877929688,5.0
2026/03/09,SWKS,US83088M1027,2026-03-09,55.2400016784668,2498614.0,53.93000030517578,55.45000076293945,52.16999816894531,0.0,0.0,,,59.06999969482422,-6.0
2026/03/09,AA,US0138721065,2026-03-09,61.369998931884766,5134319.0,57.84000015258789,62.18000030517578,56.630001068115234,0.0,0.0,,,59.810001373291016,3.0
2026/03/09,MDLZ,US6092071058,2026-03-09,58.16999816894531,10515734.0,58.18000030517578,58.650001525878906,57.43000030517578,0.0,0.0,,,60.380001068115234,-4.0
2026/03/09,PPL.TO,CA7063271034,2026-03-09,60.380001068115234,3499610.0,60.34000015258789,60.70000076293945,59.95000076293945,0.0,0.0,,,60.4900016784668,-0.0
2026/03/09,1336.HK,CNE100001922,2026-03-09,52.150001525878906,11690757.0,51.0,52.25,50.04999923706055,0.0,0.0,,,60.5,-14.0
2026/03/09,CTSH,US1924461023,2026-03-09,64.6500015258789,5186743.0,66.01000213623047,66.05000305175781,63.88999938964844,0.0,0.0,,,61.130001068115234,6.0
2026/03/09,BMY,US1101221083,2026-03-09,60.630001068115234,7843914.0,59.91999816894531,60.63999938964844,59.25,0.0,0.0,,,61.25,-1.0
2026/03/09,0006.HK,HK0006000050,2026-03-09,61.5,3240555.0,62.400001525878906,62.5,61.0,0.0,0.0,,,62.0,-1.0
2026/03/09,BTI,US1104481072,2026-03-09,58.33000183105469,4116904.0,57.73500061035156,58.60499954223633,57.290000915527344,0.0,0.0,,,62.09999847412109,-6.0
2026/03/09,ITM.L,GB00B0130H42,2026-03-09,60.59999847412109,2893036.0,65.19999694824219,65.19999694824219,59.0,0.0,0.0,,,62.09999847412109,-2.0
2026/03/09,TSN,US9024941034,2026-03-09,61.33000183105469,2104723.0,60.7400016784668,61.55500030517578,59.77999877929688,0.0,0.0,,,62.4552116394043,-2.0
2026/03/09,CFG,US1746101054,2026-03-09,58.310001373291016,5582304.0,57.709999084472656,58.310001373291016,55.7599983215332,0.0,0.0,,,62.4900016784668,-7.0
2026/03/09,NKE,US6541061031,2026-03-09,56.52999877929688,16520896.0,55.7400016784668,56.70000076293945,55.38999938964844,0.0,0.0,,,62.67399978637695,-10.0
2026/03/09,BBY,US0865161014,2026-03-09,65.95999908447266,4320475.0,65.0999984741211,66.20999908447266,63.040000915527344,0.0,0.0,,,62.709999084472656,5.0
2026/03/09,4563.T,JP3127700007,2026-03-09,57.0,4718100.0,56.0,57.0,55.0,0.0,0.0,,,63.0,-10.0
2026/03/09,FLEX,SG9999000020,2026-03-09,61.10499954223633,2960438.0,58.68999862670898,61.47990036010742,58.52999877929688,0.0,0.0,,,63.29999923706055,-3.0
2026/03/09,D,US25746U1097,2026-03-09,62.90999984741211,3116137.0,63.09000015258789,63.2400016784668,62.05400085449219,0.0,0.0,,,63.5527229309082,-1.0
2026/03/09,BKR,US05722G1004,2026-03-09,60.09999847412109,11950584.0,59.59000015258789,60.14500045776367,58.85499954223633,0.0,0.0,,,63.66999816894531,-6.0
2026/03/09,TRIG.L,GG00BBHX2H91,2026-03-09,66.9000015258789,8708579.0,68.19999694824219,69.0,66.86979675292969,0.0,0.0,,,63.900001525878906,5.0
2026/03/09,FTI,GB00BDSFG982,2026-03-09,63.45000076293945,5096633.0,62.5,63.47999954223633,60.560001373291016,0.0,0.0,,,64.25,-1.0
2026/03/09,0001.HK,KYG217651051,2026-03-09,58.79999923706055,16042296.0,60.25,60.25,57.59999847412109,0.0,0.0,,,64.25,-8.0
2026/03/09,FCX,US35671D8570,2026-03-09,60.4900016784668,25732287.0,57.2599983215332,60.4900016784668,55.5,0.0,0.0,,,65.55000305175781,-8.0
2026/03/09,2313.HK,KYG8087W1015,2026-03-09,57.75,7597109.0,56.59999847412109,58.59999847412109,56.34999847412109,0.0,0.0,,,66.0999984741211,-13.0
2026/03/09,TTE.PA,FR0000120271,2026-03-09,68.88999938964844,7774810.0,69.0,69.41000366210938,67.16999816894531,0.0,0.0,,,66.13999938964844,4.0
2026/03/09,O,US7561091049,2026-03-09,64.94000244140625,5443444.0,64.19999694824219,65.1449966430664,63.93999862670898,0.0,0.0,,,66.40967559814453,-2.0
2026/03/09,DAL,US2473617023,2026-03-09,60.58000183105469,26232964.0,57.560001373291016,60.6349983215332,55.27999877929688,0.0,0.0,,,66.69877624511719,-9.0
2026/03/09,ABX.TO,CA06849F1080,2026-03-09,62.27000045776367,8656659.0,59.68000030517578,62.34999847412109,58.47999954223633,0.0,0.0,,,67.02576446533203,-7.0
2026/03/09,ADM,US0394831020,2026-03-09,67.91999816894531,3646107.0,67.51000213623047,68.73999786376953,66.31009674072266,0.0,0.0,,,67.69000244140625,0.0
2026/03/09,TCEHY,US88032Q1094,2026-03-09,67.16999816894531,959989.0,65.91999816894531,67.19000244140625,65.3499984741211,0.0,0.0,,,67.9800033569336,-1.0
2026/03/09,KR,US5010441013,2026-03-09,73.37000274658203,7215943.0,73.58999633789062,74.80000305175781,73.3499984741211,0.0,0.0,,,68.26000213623047,7.0
2026/03/09,PSTG,US74624M1027,2026-03-09,62.869998931884766,2651170.0,60.900001525878906,63.04899978637695,59.380001068115234,0.0,0.0,,,68.44000244140625,-8.0
2026/03/09,TEAM,US0494681010,2026-03-09,82.04000091552734,5320039.0,82.68000030517578,83.91000366210938,80.04000091552734,0.0,0.0,,,68.80999755859375,19.0
2026/03/09,SYF,US87165B1035,2026-03-09,67.12000274658203,3151917.0,65.06999969482422,67.20999908447266,63.7400016784668,0.0,0.0,,,68.87999725341797,-3.0
2026/03/09,MO,US02209S1033,2026-03-09,67.04000091552734,7800493.0,66.51000213623047,67.11000061035156,66.04000091552734,0.0,0.0,,,68.9800033569336,-3.0
2026/03/09,2688.HK,KYG3066L1014,2026-03-09,67.5999984741211,5804315.0,68.80000305175781,69.80000305175781,66.5999984741211,0.0,0.0,,,69.0,-2.0
2026/03/09,ON,US6821891057,2026-03-09,59.22999954223633,9765243.0,56.0,59.31999969482422,54.9900016784668,0.0,0.0,,,69.47000122070312,-15.0
2026/03/09,RKH.L,GB00B0FVQX23,2026-03-09,72.4000015258789,3580070.0,70.0,75.0,70.0,0.0,0.0,,,70.5999984741211,3.0
2026/03/09,0981.HK,KYG8020E1199,2026-03-09,60.84999847412109,69946059.0,58.79999923706055,61.29999923706055,58.29999923706055,0.0,0.0,,,71.0999984741211,-14.0
2026/03/09,IBKR,US45841N1072,2026-03-09,67.29000091552734,3645385.0,65.19999694824219,67.44999694824219,63.48500061035156,0.0,0.0,,,71.46324157714844,-6.0
2026/03/09,ENB.TO,CA29250N1050,2026-03-09,73.30000305175781,9620490.0,73.38999938964844,73.58999633789062,72.8499984741211,0.0,0.0,,,71.75,2.0
2026/03/09,2318.HK,CNE1000003X6,2026-03-09,62.650001525878906,82352185.0,62.400001525878906,62.70000076293945,60.84999847412109,0.0,0.0,,,72.80000305175781,-14.0
2026/03/09,WMB,US9694571004,2026-03-09,73.18000030517578,9300961.0,73.69999694824219,74.13999938964844,72.69999694824219,0.0,0.0,,,72.9800033569336,0.0
2026/03/09,DXCM,US2521311074,2026-03-09,68.73999786376953,4072206.0,67.0199966430664,68.92500305175781,66.0,0.0,0.0,,,73.26000213623047,-6.0
2026/03/09,W,US94419L1017,2026-03-09,76.04000091552734,2750919.0,73.33000183105469,76.47709655761719,70.25,0.0,0.0,,,73.47000122070312,3.0
2026/03/09,UCG.MI,IT0005239360,2026-03-09,65.08999633789062,8104692.0,63.45000076293945,65.5,62.65999984741211,0.0,0.0,,,73.69999694824219,-12.0
2026/03/09,BSX,US1011371077,2026-03-09,71.9000015258789,11648786.0,70.31999969482422,72.37000274658203,69.5199966430664,0.0,0.0,,,74.37000274658203,-3.0
2026/03/09,EIX,US2810201077,2026-03-09,70.47000122070312,3961938.0,71.37999725341797,71.45999908447266,68.76499938964844,0.0,0.0,,,74.6500015258789,-6.0
2026/03/09,MET,US59156R1086,2026-03-09,70.7699966430664,4565822.0,70.69000244140625,71.02999877929688,68.86000061035156,0.0,0.0,,,75.23999786376953,-6.0
2026/03/09,FTNT,US34959E1091,2026-03-09,83.80999755859375,5242271.0,83.05999755859375,84.5999984741211,82.19999694824219,0.0,0.0,,,75.5999984741211,11.0
2026/03/09,NFLX,US64110L1061,2026-03-09,98.31999969482422,47858580.0,97.69000244140624,98.94000244140624,96.58000183105467,0.0,0.0,,,76.0199966430664,29.0
2026/03/09,SU.TO,CA8672241079,2026-03-09,78.05999755859375,20027655.0,77.62999725341797,79.25,77.06999969482422,0.0,0.0,,,76.47798919677734,2.0
2026/03/09,BHP,US0886061086,2026-03-09,72.88999938964844,5525304.0,70.0199966430664,73.01000213623047,69.0199966430664,0.0,0.0,,,76.50346374511719,-5.0
2026/03/09,MCHP,US5950171042,2026-03-09,65.0,12439400.0,63.61000061035156,65.55000305175781,61.67499923706055,0.0,0.0,,,76.5999984741211,-15.0
2026/03/09,CVS,US1266501006,2026-03-09,78.26000213623047,5843721.0,77.23999786376953,78.41000366210938,76.30000305175781,0.0,0.0,,,77.0,2.0
2026/03/09,0002.HK,HK0002007356,2026-03-09,74.0,9183200.0,74.80000305175781,75.0,73.55000305175781,0.0,0.0,,,77.4000015258789,-4.0
2026/03/09,CSCO,US17275R1023,2026-03-09,76.20999908447266,31373993.0,77.18000030517578,77.55999755859375,75.20069885253906,0.0,0.0,,,77.73999786376953,-2.0
2026/03/09,MRVL,US5738741041,2026-03-09,92.6500015258789,37574162.0,87.9625015258789,92.9250030517578,84.19999694824219,0.0,0.0,,,77.79000091552734,19.0
2026/03/09,SSAB-B.ST,SE0000120669,2026-03-09,70.62000274658203,4247751.0,69.66000366210938,71.27999877929688,68.69999694824219,0.0,0.0,,,78.83999633789062,-10.0
2026/03/09,0941.HK,HK0941009539,2026-03-09,78.3499984741211,29388381.0,78.30000305175781,78.5999984741211,77.4000015258789,0.0,0.0,,,79.44999694824219,-1.0
2026/03/09,GM,US37045V1008,2026-03-09,74.69000244140625,5741791.0,73.4000015258789,74.69999694824219,71.9219970703125,0.0,0.0,,,79.47183227539062,-6.0
2026/03/09,GPN,US37940X1028,2026-03-09,74.95349884033203,2855588.0,74.37999725341797,75.24500274658203,71.87000274658203,0.0,0.0,,,79.48999786376953,-6.0
2026/03/09,ITV.L,GB0033986497,2026-03-09,85.19999694824219,14405276.0,85.19999694824219,87.3499984741211,83.75,0.0,0.0,,,79.5999984741211,7.0
2026/03/09,NDAQ,US6311031081,2026-03-09,88.05000305175781,4482772.0,87.0,88.80000305175781,85.61000061035156,0.0,0.0,,,79.91999816894531,10.0
2026/03/09,AIG,US0268747849,2026-03-09,77.62000274658203,4252507.0,78.31999969482422,78.5250015258789,76.5,0.0,0.0,,,79.9800033569336,-3.0
2026/03/09,KO,US1912161007,2026-03-09,77.80000305175781,12218599.0,76.62000274658203,78.06500244140625,76.5374984741211,0.0,0.0,,,80.55999755859375,-3.0
2026/03/09,OMC,US6819191064,2026-03-09,83.98999786376953,4921075.0,84.41999816894531,84.66999816894531,82.5999984741211,0.0,0.0,,,80.75,4.0
2026/03/09,JD.L,GB00BM8Q5M07,2026-03-09,73.54000091552734,9877728.0,75.0999984741211,75.54299926757812,72.86000061035156,0.0,0.0,,,80.81999969482422,-9.0
2026/03/09,NESN.SW,CH0038863350,2026-03-09,80.05000305175781,4117787.0,79.80000305175781,80.05000305175781,78.72000122070312,0.0,0.0,,,81.4000015258789,-2.0
2026/03/09,EW,US28176E1082,2026-03-09,84.26000213623047,3971745.0,80.87000274658203,84.2699966430664,80.54000091552734,0.0,0.0,,,82.44000244140625,2.0
2026/03/09,XEL,US98389B1008,2026-03-09,82.0999984741211,3586439.0,82.68000030517578,82.68000030517578,81.27999877929688,0.0,0.0,,,83.3499984741211,-1.0
2026/03/09,EBAY,US2786421030,2026-03-09,92.91000366210938,4180800.0,91.73999786376952,93.1999969482422,90.3000030517578,0.0,0.0,,,84.02908325195312,11.0
2026/03/09,MNST,US61174X1090,2026-03-09,75.7249984741211,8603035.0,74.98999786376953,75.73999786376953,73.3499984741211,0.0,0.0,,,84.69000244140625,-11.0
2026/03/09,WFC,US9497461015,2026-03-09,78.9000015258789,19171341.0,79.43000030517578,79.79000091552734,76.86000061035156,0.0,0.0,,,85.1500015258789,-7.0
2026/03/09,1299.HK,HK0000069689,2026-03-09,81.80000305175781,51484585.0,81.5,82.4000015258789,80.3499984741211,0.0,0.0,,,85.6500015258789,-4.0
2026/03/09,2020.HK,KYG040111059,2026-03-09,79.0,11892856.0,77.75,79.0999984741211,77.25,0.0,0.0,,,86.05000305175781,-8.0
2026/03/09,PEG,US7445731067,2026-03-09,84.04000091552734,2234656.0,83.29000091552734,84.15499877929688,81.94499969482422,0.0,0.0,,,86.30999755859375,-3.0
2026/03/09,TRP.TO,CA87807B1076,2026-03-09,86.05999755859375,6547200.0,86.5999984741211,86.69999694824219,85.66999816894531,0.0,0.0,,,86.5,-1.0
2026/03/09,VTR,US92276F1003,2026-03-09,86.27999877929688,1076711.0,84.37000274658203,86.33499908447266,83.79499816894531,0.0,0.0,,,86.62000274658203,-0.0
2026/03/09,OKE,US6826801036,2026-03-09,85.95999908447266,6131930.0,86.87999725341797,87.69999694824219,85.29499816894531,0.0,0.0,,,87.33000183105469,-2.0
2026/03/09,VALE3.SA,BRVALEACNOR0,2026-03-09,79.26000213623047,30444500.0,77.72000122070312,80.0999984741211,76.55000305175781,0.0,0.0,,,87.38999938964844,-9.0
2026/03/09,NHY.OL,NO0005052605,2026-03-09,89.37999725341797,4801215.0,88.26000213623047,90.0999984741211,87.19999694824219,0.0,0.0,,,87.4000015258789,2.0
2026/03/09,CCI,US22822V1017,2026-03-09,89.7300033569336,2207752.0,90.11000061035156,90.26000213623048,87.93499755859375,0.0,0.0,,,87.69999694824219,2.0
2026/03/09,SYY,US8718291078,2026-03-09,84.69999694824219,2223323.0,84.55000305175781,84.86000061035156,82.76000213623047,0.0,0.0,,,89.43000030517578,-5.0
2026/03/09,COA.L,GB00B4YZN328,2026-03-09,87.19999694824219,4972980.0,90.0999984741211,91.0,85.9000015258789,0.0,0.0,,,91.8000030517578,-5.0
2026/03/09,KKR,US48251W1045,2026-03-09,90.94000244140624,8165940.0,89.31999969482422,91.5500030517578,87.00749969482422,0.0,0.0,,,92.19000244140624,-1.0
2026/03/09,SCHW,US8085131055,2026-03-09,94.37999725341795,6833793.0,94.0999984741211,94.86000061035156,92.27149963378906,0.0,0.0,,,92.75,2.0
2026/03/09,PKO.WA,PLPKO0000016,2026-03-09,85.08000183105469,3438778.0,83.0,85.08000183105469,80.80000305175781,0.0,0.0,,,92.9000015258789,-8.0
2026/03/09,NEE,US65339F1012,2026-03-09,92.01000213623048,9559817.0,90.2699966430664,92.19000244140624,89.6500015258789,0.0,0.0,,,93.42298126220705,-2.0
2026/03/09,UKW.L,GB00B8SC6K54,2026-03-09,96.0,6154280.0,94.9000015258789,97.0,94.5500030517578,0.0,0.0,,,93.5,3.0
2026/03/09,SRE,US8168511090,2026-03-09,93.51000213623048,3145399.0,92.06999969482422,93.7699966430664,90.81500244140624,0.0,0.0,,,93.5999984741211,-0.0
2026/03/09,KTOS,US50077B2079,2026-03-09,92.47000122070312,5229338.0,88.18000030517578,93.66999816894533,87.20010375976562,0.0,0.0,,,94.30999755859376,-2.0
2026/03/09,SBUX,US8552441094,2026-03-09,99.77999877929688,7489290.0,98.25,100.37999725341795,96.81999969482422,0.0,0.0,,,94.77999877929688,5.0
2026/03/09,RIO,US7672041008,2026-03-09,90.3499984741211,3274761.0,87.88999938964844,90.81999969482422,87.25,0.0,0.0,,,95.01302337646484,-5.0
2026/03/09,SO,US8425871071,2026-03-09,97.33999633789062,3446483.0,97.5,97.6999969482422,96.70999908447266,0.0,0.0,,,95.18000030517578,2.0
2026/03/09,ORLY,US67103H1077,2026-03-09,94.61000061035156,5922820.0,94.73999786376952,95.47000122070312,93.44499969482422,0.0,0.0,,,95.3499984741211,-1.0
2026/03/09,BNP.PA,FR0000131104,2026-03-09,85.33000183105469,2692768.0,84.0,85.48999786376953,82.94999694824219,0.0,0.0,,,95.8499984741211,-11.0
2026/03/09,CL,US1941621039,2026-03-09,93.0,5446055.0,92.69000244140624,93.62000274658205,92.01000213623048,0.0,0.0,,,97.0999984741211,-4.0
2026/03/09,HEXA-B.ST,SE0015961909,2026-03-09,96.22000122070312,3939049.0,96.04000091552734,97.08000183105467,94.81999969482422,0.0,0.0,,,98.44000244140624,-2.0
2026/03/09,MDT,IE00BTN1Y115,2026-03-09,91.33999633789062,11109865.0,90.0,91.54000091552734,89.01000213623047,0.0,0.0,,,98.61000061035156,-7.0
2026/03/09,1211.HK,CNE100000296,2026-03-09,98.0500030517578,54953394.0,90.4000015258789,98.3000030517578,90.4000015258789,0.0,0.0,,,100.0999984741211,-2.0
2026/03/09,NOW,US81762P1021,2026-03-09,121.93000030517578,20303867.0,123.05999755859376,126.66999816894533,121.2853012084961,0.0,0.0,,,100.8000030517578,21.0
2026/03/09,ERIC-B.ST,SE0000108656,2026-03-09,102.3499984741211,6178936.0,99.73999786376952,102.6500015258789,99.5,0.0,0.0,,,100.8499984741211,1.0
2026/03/09,EXAS,US30063P1057,2026-03-09,103.70999908447266,2816362.0,103.43000030517578,103.74500274658205,103.21499633789062,0.0,0.0,,,103.38999938964844,0.0
2026/03/09,LLOY.L,GB0008706128,2026-03-09,95.16000366210938,220609227.0,93.5999984741211,95.16000366210938,92.36000061035156,0.0,0.0,,,103.8000030517578,-8.0
2026/03/09,BNS.TO,CA0641491075,2026-03-09,96.2300033569336,4489954.0,95.83999633789062,96.76000213623048,94.83999633789062,0.0,0.0,,,104.01000213623048,-7.0
2026/03/09,DIS,US2546871060,2026-03-09,101.66000366210938,11516481.0,100.5500030517578,101.87220001220705,98.4499969482422,0.0,0.0,,,104.41000366210938,-3.0
2026/03/09,ETR,US29364G1031,2026-03-09,104.6500015258789,2002364.0,104.20999908447266,104.77999877929688,102.7300033569336,0.0,0.0,,,104.87000274658205,-0.0
2026/03/09,UAL,US9100471096,2026-03-09,94.5199966430664,18313364.0,89.0999984741211,94.75650024414062,84.69999694824219,0.0,0.0,,,107.16999816894533,-12.0
2026/03/09,SATS,US2787681061,2026-03-09,109.91999816894533,6290609.0,109.33039855957033,110.63999938964844,104.9000015258789,0.0,0.0,,,107.41999816894533,2.0
2026/03/09,PHP.L,GB00BYRJ5J14,2026-03-09,100.0999984741211,16736970.0,101.0,101.1999969482422,98.8000030517578,0.0,0.0,,,108.0,-7.0
2026/03/09,TWLO,US90138F1021,2026-03-09,126.66000366210938,1543604.0,125.5,127.7699966430664,123.76000213623048,0.0,0.0,,,108.5,17.0
2026/03/09,SRE.L,GG00B1W3VF54,2026-03-09,98.3499984741211,6505926.0,100.6999969482422,101.9000015258789,97.5,0.0,0.0,,,108.8000030517578,-10.0
2026/03/09,KMB,US4943681035,2026-03-09,102.8499984741211,5290885.0,103.55999755859376,103.58000183105467,101.91500091552734,0.0,0.0,,,109.16167449951172,-6.0
2026/03/09,COP,US20825C1045,2026-03-09,116.5999984741211,11212118.0,117.54000091552734,118.76000213623048,116.1999969482422,0.0,0.0,,,109.87999725341795,6.0
2026/03/09,C,US1729674242,2026-03-09,106.58999633789062,16619662.0,104.4499969482422,107.0500030517578,102.0105972290039,0.0,0.0,,,110.75,-4.0
2026/03/09,EL,US5184391044,2026-03-09,92.62999725341795,4095327.0,91.0,92.76000213623048,88.16500091552734,0.0,0.0,,,112.66648864746094,-18.0
2026/03/09,TGT,US87612E1064,2026-03-09,119.82119750976562,4625394.0,118.66000366210938,120.15499877929688,115.75,0.0,0.0,,,113.33999633789062,6.0
2026/03/09,BX,US09260D1072,2026-03-09,110.6500015258789,9440977.0,108.25,111.68499755859376,106.04000091552734,0.0,0.0,,,113.70999908447266,-3.0
2026/03/09,APO,US03769M1062,2026-03-09,108.13999938964844,4880866.0,106.56999969482422,108.80999755859376,104.44010162353516,0.0,0.0,,,113.7300033569336,-5.0
2026/03/09,TW.L,GB0008782301,2026-03-09,96.23999786376952,34112868.0,96.5,97.4800033569336,95.02890014648438,0.0,0.0,,,114.6999969482422,-16.0
2026/03/09,UPS,US9113121068,2026-03-09,99.94000244140624,9075508.0,100.97000122070312,100.97000122070312,97.01000213623048,0.0,0.0,,,115.0199966430664,-13.0
2026/03/09,ABT,US0028241000,2026-03-09,112.6500015258789,10652538.0,109.41999816894533,112.7249984741211,108.94000244140624,0.0,0.0,,,115.29000091552734,-2.0
2026/03/09,BK,US0640581007,2026-03-09,115.0999984741211,3556219.0,113.1500015258789,115.69499969482422,111.70999908447266,0.0,0.0,,,115.54000091552734,-0.0
2026/03/09,LEN,US5260571048,2026-03-09,99.94000244140624,2774341.0,99.52999877929688,100.70999908447266,96.43000030517578,0.0,0.0,,,116.1999969482422,-14.0
2026/03/09,VOD.L,GB00BH4HKS39,2026-03-09,106.8499984741211,51724480.0,105.8000030517578,107.0999984741211,104.25,0.0,0.0,,,116.5,-8.0
2026/03/09,SHOP,CA82509L1076,2026-03-09,133.5,9121323.0,127.87000274658205,134.77999877929688,127.69000244140624,0.0,0.0,,,117.27999877929688,14.0
2026/03/09,DECK,US2435371073,2026-03-09,104.31999969482422,1890308.0,102.18000030517578,104.54000091552734,99.93000030517578,0.0,0.0,,,118.16999816894533,-12.0
2026/03/09,HICL.L,GB00BJLP1Y77,2026-03-09,118.4000015258789,4650387.0,117.4000015258789,118.8000030517578,115.63629913330078,0.0,0.0,,,120.97917175292967,-2.0
2026/03/09,CRH,IE0001827041,2026-03-09,105.7249984741211,5992562.0,102.9800033569336,106.08999633789062,101.87999725341795,0.0,0.0,,,121.0635223388672,-13.0
2026/03/09,AU,GB00BRXH2664,2026-03-09,108.9000015258789,2220925.0,104.8499984741211,109.43000030517578,102.55999755859376,0.0,0.0,,,121.12000274658205,-10.0
2026/03/09,EOG,US26875P1012,2026-03-09,131.6699981689453,7590557.0,133.48500061035156,134.36000061035156,130.1999969482422,0.0,0.0,,,122.30999755859376,8.0
2026/03/09,MSTR,US5949724083,2026-03-09,138.9499969482422,20223597.0,136.25,140.19000244140625,135.30299377441406,0.0,0.0,,,123.70999908447266,12.0
2026/03/09,MRK,US58933Y1055,2026-03-09,117.11000061035156,5581988.0,114.9800033569336,117.26000213623048,114.12000274658205,0.0,0.0,,,123.81999969482422,-5.0
2026/03/09,0669.HK,HK0669013440,2026-03-09,113.9000015258789,10629265.0,116.0,116.0,110.8000030517578,0.0,0.0,,,123.9000015258789,-8.0
2026/03/09,NEM,US6516391066,2026-03-09,116.95999908447266,7712949.0,112.31999969482422,117.06999969482422,109.3000030517578,0.0,0.0,,,123.99905395507812,-6.0
2026/03/09,3315.T,JP3889610006,2026-03-09,111.0,7786200.0,117.0,119.0,109.0,0.0,0.0,,,124.0,-10.0
2026/03/09,ZTS,US98978V1035,2026-03-09,122.36000061035156,3603000.0,119.77999877929688,122.36000061035156,118.33000183105467,0.0,0.0,,,125.79000091552734,-3.0
2026/03/09,WMT,US9311421039,2026-03-09,124.33999633789062,19363544.0,123.6884994506836,124.50499725341795,122.5,0.0,0.0,,,125.80999755859376,-1.0
2026/03/09,PCAR,US6937181088,2026-03-09,120.66999816894533,3336676.0,118.9000015258789,121.16999816894533,116.5500030517578,0.0,0.0,,,126.05999755859376,-4.0
2026/03/09,6869.HK,CNE100001T72,2026-03-09,142.1999969482422,35964446.0,126.0999984741211,143.0,116.0,0.0,0.0,,,127.6999969482422,11.0
2026/03/09,DUK,US26441C2044,2026-03-09,131.0800018310547,5518378.0,131.86000061035156,132.47999572753906,130.5399932861328,0.0,0.0,,,127.79000091552734,3.0
2026/03/09,WDAY,US98138H1014,2026-03-09,148.13999938964844,5309093.0,149.69000244140625,153.89999389648438,147.19000244140625,0.0,0.0,,,129.2100067138672,15.0
2026/03/09,DLTR,US2567461080,2026-03-09,115.73999786376952,1789646.0,114.18499755859376,116.12999725341795,111.3000030517578,0.0,0.0,,,130.41000366210938,-11.0
2026/03/09,AEP,US0255371017,2026-03-09,131.86000061035156,4476463.0,132.02000427246094,132.25999450683594,130.7899932861328,0.0,0.0,,,132.02999877929688,-0.0
2026/03/09,CM.TO,CA1360691010,2026-03-09,132.89999389648438,4004451.0,132.8800048828125,133.3300018310547,131.25,0.0,0.0,,,135.9600067138672,-2.0
2026/03/09,ENTG,US29362U1043,2026-03-09,117.33999633789062,3015486.0,110.73999786376952,117.44000244140624,108.1500015258789,0.0,0.0,,,136.4199981689453,-14.0
2026/03/09,QCOM,US7475251036,2026-03-09,138.11000061035156,12290764.0,133.49000549316406,138.57000732421875,132.4600067138672,0.0,0.0,,,139.51426696777344,-1.0
2026/03/09,0016.HK,HK0016000132,2026-03-09,136.89999389648438,16396335.0,135.10000610351562,138.6999969482422,130.8000030517578,0.0,0.0,,,140.0,-2.0
2026/03/09,PLD,US74340W1036,2026-03-09,135.14999389648438,3467986.0,133.02999877929688,136.05499267578125,129.8800048828125,0.0,0.0,,,140.74000549316406,-4.0
2026/03/09,ORCL,US68389X1054,2026-03-09,151.55999755859375,30965993.0,150.6999969482422,152.0,146.43479919433594,0.0,0.0,,,141.30999755859375,7.0
2026/03/09,JCI,IE00BY7QL619,2026-03-09,133.08999633789062,3274185.0,130.19000244140625,134.25,128.7581024169922,0.0,0.0,,,142.8300018310547,-7.0
2026/03/09,SHB-A.ST,SE0007100599,2026-03-09,138.5,5597429.0,138.0,139.0,135.6999969482422,0.0,0.0,,,143.64999389648438,-4.0
2026/03/09,PANW,US6974351057,2026-03-09,165.125,5857904.0,164.49000549316406,167.75999450683594,163.58999633789062,0.0,0.0,,,144.13999938964844,15.0
2026/03/09,GLW,US2193501051,2026-03-09,128.7899932861328,12648495.0,121.0,129.6136016845703,120.04000091552734,0.0,0.0,,,144.97940063476562,-11.0
2026/03/09,EMR,US2910111044,2026-03-09,141.1199951171875,3145253.0,135.97000122070312,141.4499969482422,134.64999389648438,0.0,0.0,,,145.50999450683594,-3.0
2026/03/09,APH,US0320951017,2026-03-09,135.66000366210938,6280323.0,129.57000732421875,136.72000122070312,128.6103057861328,0.0,0.0,,,147.82000732421875,-8.0
2026/03/09,SHC.L,GB00B62G9D36,2026-03-09,133.8000030517578,7649399.0,136.10000610351562,137.50900268554688,131.8000030517578,0.0,0.0,,,149.3000030517578,-10.0
2026/03/09,GILD,US3755581036,2026-03-09,146.6300048828125,5210224.0,143.86000061035156,146.77000427246094,143.48500061035156,0.0,0.0,,,149.8300018310547,-2.0
2026/03/09,XOM,US30231G1022,2026-03-09,150.44000244140625,25458780.0,152.01499938964844,153.889892578125,149.47000122070312,0.0,0.0,,,150.75999450683594,-0.0
2026/03/09,9432.T,JP3735400008,2026-03-09,154.0,351767100.0,150.5,154.0,150.10000610351562,0.0,0.0,,,151.0,2.0
2026/03/09,TPR,US8760301072,2026-03-09,145.5,1750804.0,140.5500030517578,145.6999969482422,137.86000061035156,0.0,0.0,,,152.5609893798828,-5.0
2026/03/09,BABA,US01609W1027,2026-03-09,132.63999938964844,9727751.0,130.24000549316406,132.91000366210938,128.5500030517578,0.0,0.0,,,152.77999877929688,-13.0
2026/03/09,DG,US2566771059,2026-03-09,145.52000427246094,2372668.0,144.75,145.76499938964844,141.6199951171875,0.0,0.0,,,152.89999389648438,-5.0
2026/03/09,ICE,US45866F1049,2026-03-09,165.8000030517578,2353869.0,164.9600067138672,166.3300018310547,162.5,0.0,0.0,,,154.10000610351562,8.0
2026/03/09,PSX,US7185461040,2026-03-09,161.9499969482422,3639476.0,168.02000427246094,168.02000427246094,161.74000549316406,0.0,0.0,,,154.85000610351562,5.0
2026/03/09,CURY.L,GB00B4Y7R145,2026-03-09,141.5,4725490.0,143.89999389648438,144.0,138.1999969482422,0.0,0.0,,,156.5,-10.0
2026/03/09,VWS.CO,DK0061539921,2026-03-09,154.60000610351562,2249212.0,153.75,156.5500030517578,153.0,0.0,0.0,,,157.60000610351562,-2.0
2026/03/09,TJX,US8725401090,2026-03-09,158.13999938964844,3628681.0,158.47999572753906,158.9250030517578,155.11000061035156,0.0,0.0,,,157.69000244140625,0.0
2026/03/09,DHI,US23331A1097,2026-03-09,147.69000244140625,2775109.0,144.74000549316406,148.18499755859375,141.89999389648438,0.0,0.0,,,164.25,-10.0
2026/03/09,PG,US7427181091,2026-03-09,155.22000122070312,9449708.0,153.14999389648438,156.22999572753906,152.91000366210938,0.0,0.0,,,165.1699981689453,-6.0
2026/03/09,MMM,US88579Y1010,2026-03-09,151.6300048828125,4869493.0,151.49000549316406,152.9199981689453,147.72000122070312,0.0,0.0,,,166.33999633789062,-9.0
2026/03/09,MS,US6174464486,2026-03-09,160.4499969482422,5728989.0,157.9199981689453,161.85000610351562,154.07000732421875,0.0,0.0,,,166.8000030517578,-4.0
2026/03/09,PEP,US7134481081,2026-03-09,161.52999877929688,6387747.0,159.27000427246094,162.42999267578125,158.09500122070312,0.0,0.0,,,166.82952880859375,-3.0
2026/03/09,BBOX.L,GB00BG49KP99,2026-03-09,155.1999969482422,9662738.0,154.0,156.3000030517578,151.6999969482422,0.0,0.0,,,170.8000030517578,-9.0
2026/03/09,ALB,US0126531013,2026-03-09,169.57000732421875,2418597.0,158.75999450683594,169.80999755859375,157.50999450683594,0.0,0.0,,,177.52000427246094,-4.0
2026/03/09,LULU,US5500211090,2026-03-09,169.75999450683594,2703490.0,165.92999267578125,170.92999267578125,163.4499969482422,0.0,0.0,,,178.11000061035156,-5.0
2026/03/09,CRM,US79466L3024,2026-03-09,198.7899932861328,10401663.0,198.55999755859372,203.5399932861328,195.8699951171875,0.0,0.0,,,178.16000366210938,12.0
2026/03/09,PAF.L,GB0004300496,2026-03-09,160.39999389648438,8550913.0,150.60000610351562,161.8000030517578,148.60000610351562,0.0,0.0,,,178.39999389648438,-10.0
2026/03/09,MTO.L,GB0004657408,2026-03-09,168.60000610351562,3410064.0,169.0,170.8000030517578,166.0,0.0,0.0,,,180.0,-6.0
2026/03/09,BDX,US0758871091,2026-03-09,165.4600067138672,2343646.0,165.0,167.00999450683594,161.75,0.0,0.0,,,184.33999633789065,-10.0
2026/03/09,CVX,US1667641005,2026-03-09,189.25999450683597,12316870.0,190.9949951171875,191.6499938964844,188.1100006103516,0.0,0.0,,,184.91000366210935,2.0
2026/03/09,PM,US7181721090,2026-03-09,173.25,3785715.0,169.5,173.27499389648438,169.25,0.0,0.0,,,187.22000122070312,-7.0
2026/03/09,BME.L,LU1072616219,2026-03-09,175.0,6941910.0,177.5,178.5,140.0,0.0,0.0,,,188.3999938964844,-7.0
2026/03/09,COF,US14040H1059,2026-03-09,185.72999572753903,8724408.0,183.1100006103516,186.25,178.72999572753906,0.0,0.0,,,190.0,-2.0
2026/03/09,AMT,US03027X1000,2026-03-09,187.8300018310547,1822394.0,188.22999572753903,189.10499572753903,185.3000030517578,0.0,0.0,,,190.0500030517578,-1.0
2026/03/09,NVDA,US67066G1040,2026-03-09,181.7449951171875,144169060.0,176.8300018310547,182.91000366210935,175.55999755859375,0.0,0.0,,,191.5500030517578,-5.0
2026/03/09,CNA.L,GB00B033F229,2026-03-09,194.3999938964844,17942957.0,192.4499969482422,194.5,189.3500061035156,0.0,0.0,,,192.6000061035156,1.0
2026/03/09,SEB-A.ST,SE0000148884,2026-03-09,183.1000061035156,2523277.0,181.5,184.0500030517578,179.4499969482422,0.0,0.0,,,194.6000061035156,-6.0
2026/03/09,ATCO-A.ST,SE0017486889,2026-03-09,170.60000610351562,5946575.0,169.60000610351562,171.10000610351562,167.25,0.0,0.0,,,194.8500061035156,-12.0
2026/03/09,AMD,US0079031078,2026-03-09,202.67999267578125,38678483.0,189.0200042724609,202.97000122070312,189.0200042724609,0.0,0.0,,,196.6000061035156,3.0
2026/03/09,VLO,US91913Y1001,2026-03-09,215.9499969482422,6437259.0,226.3699951171875,226.3699951171875,214.11070251464844,0.0,0.0,,,197.38999938964844,9.0
2026/03/09,GFNORTEO.MX,MXP370711014,2026-03-09,189.2700042724609,5280455.0,190.0,191.38999938964844,184.7400054931641,0.0,0.0,,,198.22000122070312,-5.0
2026/03/09,EA,US2855121099,2026-03-09,199.2700042724609,3305248.0,197.8500061035156,199.9550018310547,197.00999450683597,0.0,0.0,,,200.2904815673828,-1.0
2026/03/09,ACN,IE00B4BNMY34,2026-03-09,209.3600006103516,7847276.0,212.83999633789065,215.6499938964844,205.831298828125,0.0,0.0,,,201.17999267578125,4.0
2026/03/09,ROST,US7782961038,2026-03-09,212.1499938964844,3389659.0,211.00999450683597,212.27999877929688,204.2449951171875,0.0,0.0,,,201.88999938964844,5.0
2026/03/09,RTX,US75513E1010,2026-03-09,208.22999572753903,8599220.0,211.7550048828125,213.0,206.8500061035156,0.0,0.0,,,201.9199981689453,3.0
2026/03/09,GMEXICOB.MX,MXP370841019,2026-03-09,194.82000732421875,7102643.0,193.0,195.82000732421875,184.3500061035156,0.0,0.0,,,203.58059692382807,-4.0
2026/03/09,PGR,US7433151039,2026-03-09,206.8000030517578,2074482.0,209.80999755859372,210.56500244140625,205.05099487304688,0.0,0.0,,,203.69000244140625,2.0
2026/03/09,AMZN,US0231351067,2026-03-09,213.4900054931641,53488342.0,210.4600067138672,213.82000732421875,207.1100006103516,0.0,0.0,,,205.2700042724609,4.0
2026/03/09,BT-A.L,GB0030913577,2026-03-09,203.8000030517578,10580302.0,203.6999969482422,205.0,201.0919952392578,0.0,0.0,,,206.5,-1.0
2026/03/09,WELL,US95040Q1040,2026-03-09,207.55499267578125,2402108.0,202.8600006103516,208.2400054931641,202.6100006103516,0.0,0.0,,,208.7991485595703,-1.0
2026/03/09,DHR,US2358511028,2026-03-09,198.13999938964844,2472895.0,194.8300018310547,199.3699951171875,193.3999938964844,0.0,0.0,,,210.9199981689453,-6.0
2026/03/09,LMP.L,GB00B4WFW713,2026-03-09,196.6000061035156,9740242.0,198.3999938964844,198.5,194.0,0.0,0.0,,,213.3999938964844,-8.0
2026/03/09,ABDN.L,GB00BF8Q6K64,2026-03-09,199.3999938964844,5936812.0,199.8999938964844,200.88400268554688,194.8999938964844,0.0,0.0,,,214.3999938964844,-7.0
2026/03/09,JUST.L,GB00BCRX1J15,2026-03-09,216.5,2917254.0,216.5,217.0,216.5,0.0,0.0,,,217.0,-0.0
2026/03/09,TMUS,US8725901040,2026-03-09,217.5,4800876.0,220.0,220.1649932861328,215.0800018310547,0.0,0.0,,,218.8974609375,-1.0
2026/03/09,TXN,US8825081040,2026-03-09,195.9459991455078,4269322.0,192.75,197.16000366210935,189.6999969482422,0.0,0.0,,,219.8600006103516,-11.0
2026/03/09,IBM,US4592001014,2026-03-09,253.3300018310547,6121477.0,255.3800048828125,258.0799865722656,251.5709991455078,0.0,0.0,,,223.3500061035156,13.0
2026/03/09,ABBV,US00287Y1091,2026-03-09,227.4499969482422,5906342.0,229.97000122070312,230.6750030517578,223.22999572753903,0.0,0.0,,,229.47999572753903,-1.0
2026/03/09,BA,US0970231058,2026-03-09,225.0,7577258.0,226.75,227.58349609375,220.44630432128903,0.0,0.0,,,230.44000244140625,-2.0
2026/03/09,NXPI,NL0009538784,2026-03-09,205.7400054931641,1819624.0,200.0,206.25,193.07000732421875,0.0,0.0,,,231.16000366210935,-11.0
2026/03/09,OCDO.L,GB00B3MBS747,2026-03-09,195.1999969482422,1842043.0,197.0,200.0,189.31900024414065,0.0,0.0,,,232.6000061035156,-16.0
2026/03/09,RY.TO,CA7800871021,2026-03-09,222.58999633789065,1875769.0,219.3500061035156,222.58999633789065,218.25,0.0,0.0,,,234.0,-5.0
2026/03/09,AEM,CA0084741085,2026-03-09,225.41000366210935,1573138.0,215.5399932861328,225.73919677734372,212.44500732421875,0.0,0.0,,,240.05987548828125,-6.0
2026/03/09,2181.T,JP3547670004,2026-03-09,241.6999969482422,26312100.0,244.8000030517578,246.1999969482422,241.3000030517578,0.0,0.0,,,240.5,0.0
2026/03/09,HON,US4385161066,2026-03-09,237.58999633789065,2862966.0,234.0,238.3800048828125,230.7899932861328,0.0,0.0,,,241.85922241210935,-2.0
2026/03/09,LRCX,US5128073062,2026-03-09,211.1499938964844,13082206.0,195.0,211.5,194.0800018310547,0.0,0.0,,,241.98008728027344,-13.0
2026/03/09,FSLR,US3364331070,2026-03-09,195.3800048828125,1923657.0,187.3500061035156,196.59500122070312,187.1000061035156,0.0,0.0,,,242.1499938964844,-19.0
2026/03/09,JNJ,US4781601046,2026-03-09,242.58999633789065,5745711.0,240.8699951171875,244.0800018310547,240.0399932861328,0.0,0.0,,,244.5399932861328,-1.0
2026/03/09,ADBE,US00724F1012,2026-03-09,282.44000244140625,4470501.0,281.3900146484375,285.20001220703125,277.8999938964844,0.0,0.0,,,246.67999267578125,14.0
2026/03/09,COHR,US19247G1076,2026-03-09,252.32000732421875,9762231.0,236.38999938964844,254.35499572753903,236.0,0.0,0.0,,,248.88999938964844,1.0
2026/03/09,NOVO-B.CO,DK0062498333,2026-03-09,254.5,6639002.0,245.3999938964844,255.8500061035156,244.3500061035156,0.0,0.0,,,251.3999938964844,1.0
2026/03/09,UNP,US9078181081,2026-03-09,253.6100006103516,2392322.0,251.25,254.6822052001953,247.6450042724609,0.0,0.0,,,262.3887939453125,-3.0
2026/03/09,AAPL,US0378331005,2026-03-09,259.8800048828125,37958303.0,255.69000244140625,261.1499938964844,253.6804962158203,0.0,0.0,,,266.17999267578125,-2.0
2026/03/09,LGEN.L,GB0005603997,2026-03-09,249.8999938964844,29627318.0,252.0,252.0,245.0,0.0,0.0,,,269.1000061035156,-7.0
2026/03/09,WPP.L,JE00B8KF9B49,2026-03-09,257.70001220703125,4755085.0,256.79998779296875,266.0,254.8000030517578,0.0,0.0,,,270.0,-5.0
2026/03/09,EMG.L,JE00BJ1DLW90,2026-03-09,250.8000030517578,4886043.0,256.20001220703125,256.20001220703125,246.7899932861328,0.0,0.0,,,270.20001220703125,-7.0
2026/03/09,EQNR.OL,NO0010096985,2026-03-09,325.3999938964844,12532023.0,335.0,336.20001220703125,321.20001220703125,0.0,0.0,,,277.5,17.0
2026/03/09,WDC,US9581021055,2026-03-09,262.0599975585937,9314560.0,239.19000244140625,262.1600036621094,238.0,0.0,0.0,,,280.2858581542969,-7.0
2026/03/09,UNH,US91324P1021,2026-03-09,285.1700134277344,10098503.0,282.0,284.9649963378906,278.6600036621094,0.0,0.0,,,282.3399963378906,1.0
2026/03/09,8410.T,JP3105220002,2026-03-09,278.6000061035156,7534800.0,275.0,279.6000061035156,273.1000061035156,0.0,0.0,,,295.70001220703125,-6.0
2026/03/09,JPM,US46625H1005,2026-03-09,289.9200134277344,9645478.0,285.5,291.09991455078125,280.45001220703125,0.0,0.0,,,297.6700134277344,-3.0
2026/03/09,V,US92826C8394,2026-03-09,315.9700012207031,5929982.0,313.4599914550781,316.2300109863281,310.1499938964844,0.0,0.0,,,306.5199890136719,3.0
2026/03/09,GOOG,US02079K1079,2026-03-09,304.8699951171875,14891921.0,294.1400146484375,306.0,293.989990234375,0.0,0.0,,,311.69000244140625,-2.0
2026/03/09,TER,US8807701029,2026-03-09,294.2352905273437,4603081.0,266.0,295.9200134277344,263.0199890136719,0.0,0.0,,,318.5,-8.0
2026/03/09,AXP,US0258161092,2026-03-09,305.3800048828125,4689643.0,294.5299987792969,306.2969970703125,292.5,0.0,0.0,,,321.239990234375,-5.0
2026/03/09,AVGO,US11135F1012,2026-03-09,345.75,38913091.0,327.25,348.489990234375,323.610107421875,0.0,0.0,,,330.3399963378906,5.0
2026/03/09,MCD,US5801351017,2026-03-09,331.510009765625,2507138.0,325.79998779296875,331.69000244140625,324.5799865722656,0.0,0.0,,,332.7014465332031,-0.0
2026/03/09,GE,US3696043013,2026-03-09,321.92999267578125,5691875.0,319.8900146484375,321.94000244140625,310.12451171875,0.0,0.0,,,338.989990234375,-5.0
2026/03/09,ADI,US0326541051,2026-03-09,319.7099914550781,5632787.0,311.010009765625,319.8999938964844,307.2200012207031,0.0,0.0,,,354.0414428710937,-10.0
2026/03/09,SBRY.L,GB00B019KW72,2026-03-09,336.3999938964844,6609775.0,337.20001220703125,337.3999938964844,331.6000061035156,0.0,0.0,,,357.20001220703125,-6.0
2026/03/09,4593.T,JP3835100003,2026-03-09,413.0,4982700.0,425.0,426.0,397.0,0.0,0.0,,,358.0,15.0
2026/03/09,KGF.L,GB0033195214,2026-03-09,314.70001220703125,6113214.0,316.0,320.02301025390625,309.70001220703125,0.0,0.0,,,358.8999938964844,-12.0
2026/03/09,ETN,IE00B8KQN827,2026-03-09,353.8699951171875,3406465.0,343.32000732421875,355.44000244140625,338.25,0.0,0.0,,,362.0499877929688,-2.0
2026/03/09,INVE-B.ST,SE0015811963,2026-03-09,350.54998779296875,4341953.0,343.8500061035156,351.95001220703125,341.04998779296875,0.0,0.0,,,368.0499877929688,-5.0
2026/03/09,AMAT,US0382221051,2026-03-09,338.94000244140625,9496881.0,320.0,339.1600036621094,316.6600036621094,0.0,0.0,,,373.5499877929688,-9.0
2026/03/09,4689.T,JP3933800009,2026-03-09,398.5,41334400.0,388.0,398.6000061035156,383.2999877929688,0.0,0.0,,,374.2999877929688,6.0
2026/03/09,BTRW.L,GB0000811801,2026-03-09,302.5,8665780.0,307.5,307.993896484375,299.20001220703125,0.0,0.0,,,375.2999877929688,-19.0
2026/03/09,HD,US4370761029,2026-03-09,353.5599975585937,3430200.0,355.6000061035156,355.8999938964844,345.6400146484375,0.0,0.0,,,376.989990234375,-6.0
2026/03/09,MSFT,US5949181045,2026-03-09,409.4100036621094,29608618.0,404.9150085449219,410.2099914550781,403.5,0.0,0.0,,,384.4700012207031,6.0
2026/03/09,TSLA,US88160R1014,2026-03-09,398.6799926757813,66410328.0,390.0499877929688,401.5780029296875,381.3999938964844,0.0,0.0,,,399.8299865722656,-0.0
2026/03/09,MKS.L,GB0031274896,2026-03-09,353.29998779296875,5163604.0,357.3999938964844,359.4200134277344,347.70001220703125,0.0,0.0,,,406.8999938964844,-13.0
2026/03/09,STX,IE00BKVD2N49,2026-03-09,374.3299865722656,2910955.0,342.4200134277344,374.6600036621094,342.0,0.0,0.0,,,407.3999938964844,-8.0
2026/03/09,6472.T,JP3165600002,2026-03-09,346.20001220703125,4660700.0,351.8999938964844,353.0,338.0,0.0,0.0,,,411.7999877929688,-16.0
2026/03/09,BLND.L,GB0001367019,2026-03-09,365.3999938964844,5415530.0,371.0,375.3599853515625,356.79998779296875,0.0,0.0,,,417.0,-12.0
2026/03/09,0388.HK,HK0388045442,2026-03-09,407.0,7514150.0,402.0,407.6000061035156,399.6000061035156,0.0,0.0,,,417.7999877929688,-3.0
2026/03/09,MU,US5951121038,2026-03-09,389.3200073242188,35262492.0,363.9599914550781,390.0,357.6700134277344,0.0,0.0,,,420.9700012207031,-8.0
2026/03/09,RMV.L,GB00BGDT3G23,2026-03-09,453.3999938964844,11226660.0,458.7000122070313,460.1950073242188,448.7000122070313,0.0,0.0,,,424.2999877929688,7.0
2026/03/09,IAG.L,ES0177542018,2026-03-09,357.6000061035156,24955496.0,347.20001220703125,360.3999938964844,343.4880065917969,0.0,0.0,,,429.8999938964844,-17.0
2026/03/09,7211.T,JP3899800001,2026-03-09,366.8999938964844,18828900.0,360.6000061035156,369.7000122070313,355.79998779296875,0.0,0.0,,,434.7000122070313,-16.0
2026/03/09,7205.T,JP3792600003,2026-03-09,400.0,6300800.0,406.0,409.0,392.0,0.0,0.0,,,444.0,-10.0
2026/03/09,7201.T,JP3672400003,2026-03-09,370.6000061035156,38160100.0,370.0,379.7999877929688,359.29998779296875,0.0,0.0,,,445.0,-17.0
2026/03/09,RTO.L,GB00B082RF11,2026-03-09,458.8999938964844,10155907.0,465.2999877929688,465.2999877929688,453.0,0.0,0.0,,,459.2999877929688,-0.0
2026/03/09,BARC.L,GB0031348658,2026-03-09,397.3999938964844,66733405.0,389.7000122070313,398.3500061035156,382.7999877929688,0.0,0.0,,,463.0,-14.0
2026/03/09,EZJ.L,GB00B7KR2P84,2026-03-09,395.5,6464323.0,399.0,401.2999877929688,389.2999877929688,0.0,0.0,,,469.6000061035156,-16.0
2026/03/09,AUTO.L,GB00BVYVFW23,2026-03-09,483.2000122070313,4098880.0,484.2000122070313,487.2999877929688,476.0,0.0,0.0,,,471.8999938964844,2.0
2026/03/09,BP.L,GB0007980591,2026-03-09,510.0,75010341.0,510.0,515.0,498.1499938964844,0.0,0.0,,,474.1000061035156,8.0
2026/03/09,BRK-B,US0846707026,2026-03-09,497.2000122070313,4549526.0,494.8999938964844,498.8200073242188,490.2099914550781,0.0,0.0,,,494.0899963378906,1.0
2026/03/09,MA,US57636Q1040,2026-03-09,517.719970703125,2895153.0,516.27001953125,520.8900146484375,509.1400146484375,0.0,0.0,,,496.0299987792969,4.0
2026/03/09,TSCO.L,GB00BLGZ9862,2026-03-09,466.0,11410278.0,469.2999877929688,470.7000122070313,463.7999877929688,0.0,0.0,,,499.0,-7.0
2026/03/09,GLEN.L,JE00B4T3BW64,2026-03-09,506.7999877929688,40593489.0,489.3500061035156,507.5,486.3500061035156,0.0,0.0,,,513.0,-1.0
2026/03/09,0700.HK,KYG875721634,2026-03-09,516.0,31383491.0,502.5,517.5,502.5,0.0,0.0,,,538.0,-4.0
2026/03/09,4005.T,JP3401400001,2026-03-09,484.5,20852700.0,473.5,484.5,466.3999938964844,0.0,0.0,,,568.0,-15.0
2026/03/09,9831.T,JP3939000000,2026-03-09,552.0,3707600.0,548.5999755859375,555.0999755859375,546.0,0.0,0.0,,,569.9000244140625,-3.0
2026/03/09,SDR.L,GB00BP9LHF23,2026-03-09,585.0,6792171.0,585.5,586.0,585.0,0.0,0.0,,,586.0,-0.0
2026/03/09,4902.T,JP3300600008,2026-03-09,505.6000061035156,5718800.0,496.1000061035156,517.4000244140625,488.3999938964844,0.0,0.0,,,591.5,-15.0
2026/03/09,NWG.L,GB00BM8PJY71,2026-03-09,575.7999877929688,26353369.0,565.0,575.7999877929688,556.0,0.0,0.0,,,610.4000244140625,-6.0
2026/03/09,META,US30303M1027,2026-03-09,646.1400146484375,9157917.0,634.7525024414062,647.1500244140625,626.780029296875,0.0,0.0,,,637.25,1.0
2026/03/09,AV.L,GB00BPQY8M80,2026-03-09,612.2000122070312,10306817.0,621.2000122070312,622.9840087890625,608.4000244140625,0.0,0.0,,,647.4000244140625,-5.0
2026/03/09,SAAB-B.ST,SE0021921269,2026-03-09,673.5,1782647.0,645.9000244140625,673.5,638.5,0.0,0.0,,,649.4000244140625,4.0
2026/03/09,3697.T,JP3355400007,2026-03-09,746.2999877929688,14369300.0,723.5999755859375,753.0,705.0999755859375,0.0,0.0,,,657.0999755859375,14.0
2026/03/09,LAND.L,GB00BYW0PQ60,2026-03-09,587.5,3343771.0,593.0,594.5,573.0,0.0,0.0,,,664.5,-12.0
2026/03/09,MRO.L,GB00BNGDN821,2026-03-09,524.7999877929688,6857143.0,516.7999877929688,524.7999877929688,509.6253051757813,0.0,0.0,,,669.7999877929688,-22.0
2026/03/09,5401.T,JP3381000003,2026-03-09,590.5999755859375,62904500.0,590.0,597.0999755859375,578.0,0.0,0.0,,,673.9000244140625,-12.0
2026/03/09,LITE,US55024U1097,2026-03-09,640.6900024414062,7736455.0,578.0,641.02001953125,573.660400390625,0.0,0.0,,,674.72998046875,-5.0
2026/03/09,9501.T,JP3585800000,2026-03-09,598.2000122070312,76743000.0,612.7000122070312,615.2999877929688,587.2999877929688,0.0,0.0,,,703.2999877929688,-15.0
2026/03/09,8698.T,JP3869970008,2026-03-09,719.0,3306300.0,701.0,722.0,698.0,0.0,0.0,,,718.0,0.0
2026/03/09,SGE.L,GB00B8C3BL03,2026-03-09,841.7999877929688,8754627.0,842.0,848.0,829.5999755859375,0.0,0.0,,,783.5999755859375,7.0
2026/03/09,SGRO.L,GB00B5ZN1N88,2026-03-09,724.7999877929688,2842493.0,704.7999877929688,732.5999755859375,692.86279296875,0.0,0.0,,,816.0,-11.0
2026/03/09,INF.L,GB00BMJ6DW54,2026-03-09,775.5999755859375,7200386.0,773.7999877929688,784.2000122070312,755.4310302734375,0.0,0.0,,,817.4000244140625,-5.0
2026/03/09,4755.T,JP3967200001,2026-03-09,786.2999877929688,23479500.0,762.7999877929688,786.7000122070312,761.2000122070312,0.0,0.0,,,822.4000244140625,-4.0
2026/03/09,3861.T,JP3174410005,2026-03-09,912.7000122070312,7859300.0,899.7999877929688,917.0,890.2000122070312,0.0,0.0,,,971.5999755859376,-6.0
2026/03/09,7532.T,JP3639650005,2026-03-09,1047.5,15621000.0,1035.5,1051.5,1006.5,0.0,0.0,,,1005.0,4.0
2026/03/09,LLY,US5324571083,2026-03-09,1005.3250122070312,1823270.0,986.8900146484376,1008.6199951171876,980.5800170898438,0.0,0.0,,,1058.56005859375,-5.0
2026/03/09,8113.T,JP3951600000,2026-03-09,917.0999755859376,12065300.0,914.7999877929688,932.5,909.2000122070312,0.0,0.0,,,1065.0,-14.0
2026/03/09,3092.T,JP3399310006,2026-03-09,1193.0,5556400.0,1142.5,1194.0,1140.0,0.0,0.0,,,1080.5,10.0
2026/03/09,PRU.L,GB0007099541,2026-03-09,1064.5,6698170.0,1050.5,1064.5,1025.0,0.0,0.0,,,1117.5,-5.0
2026/03/09,3231.T,JP3762900003,2026-03-09,1081.5,2741400.0,1050.0,1082.5,1048.0,0.0,0.0,,,1118.0,-3.0
2026/03/09,4612.T,JP3749400002,2026-03-09,1020.0,6162500.0,991.5,1021.5,991.5,0.0,0.0,,,1158.0,-12.0
2026/03/09,9509.T,JP3850200001,2026-03-09,1005.0,9827500.0,1004.0,1025.0,982.0,0.0,0.0,,,1191.0,-16.0
2026/03/09,LHC.JO,ZAE000145892,2026-03-09,1116.0,4424215.0,1115.0,1119.0,1104.0,0.0,0.0,,,1209.0,-8.0
2026/03/09,BEZ.L,GB00BYQ0JC66,2026-03-09,1288.0,6438308.0,1288.0,1290.0,1288.0,0.0,0.0,,,1217.0,6.0
2026/03/09,7272.T,JP3942800008,2026-03-09,1121.5,7542800.0,1104.0,1133.5,1100.0,0.0,0.0,,,1233.0,-9.0
2026/03/09,3103.T,JP3951200009,2026-03-09,1512.0,11716900.0,1474.0,1548.0,1358.0,0.0,0.0,,,1236.0,22.0
2026/03/09,3402.T,JP3621000003,2026-03-09,1152.0,8468400.0,1150.0,1157.5,1127.5,0.0,0.0,,,1279.0,-10.0
2026/03/09,HSBA.L,GB0005405286,2026-03-09,1251.0,38965590.0,1239.4000244140625,1253.0,1221.4000244140625,0.0,0.0,,,1292.800048828125,-3.0
2026/03/09,4751.T,JP3311400000,2026-03-09,1325.5,6395100.0,1248.0,1330.0,1247.0,0.0,0.0,,,1309.0,1.0
2026/03/09,7167.T,JP3117700009,2026-03-09,1172.0,3530800.0,1135.5,1179.0,1130.0,0.0,0.0,,,1320.0,-11.0
2026/03/09,RR.L,GB00B63H8491,2026-03-09,1238.5,42478310.0,1210.0,1242.18994140625,1168.5,0.0,0.0,,,1333.0,-7.0
2026/03/09,6366.T,JP3528600004,2026-03-09,1029.0,7697800.0,1007.0,1038.0,970.0,0.0,0.0,,,1339.0,-23.0
2026/03/09,7261.T,JP3868400007,2026-03-09,1134.0,11923100.0,1116.5,1142.5,1102.0,0.0,0.0,,,1342.0,-15.0
2026/03/09,NG.L,GB00BDR05C01,2026-03-09,1332.5,10011330.0,1321.5,1335.5,1307.0,0.0,0.0,,,1359.5,-2.0
2026/03/09,8604.T,JP3762600009,2026-03-09,1180.5,22342500.0,1148.0,1190.5,1145.0,0.0,0.0,,,1404.5,-16.0
2026/03/09,5019.T,JP3142500002,2026-03-09,1387.0,5324600.0,1401.0,1421.5,1377.0,0.0,0.0,,,1416.5,-2.0
2026/03/09,5020.T,JP3386450005,2026-03-09,1333.0,17406300.0,1352.5,1374.0,1307.0,0.0,0.0,,,1456.0,-8.0
2026/03/09,7733.T,JP3201200007,2026-03-09,1365.0,8890300.0,1314.0,1365.0,1308.0,0.0,0.0,,,1480.0,-8.0
2026/03/09,2801.T,JP3240400006,2026-03-09,1402.0,3340700.0,1370.0,1416.0,1368.0,0.0,0.0,,,1483.0,-5.0
2026/03/09,9602.T,JP3598600009,2026-03-09,1601.5,6412200.0,1483.0,1601.5,1482.5,0.0,0.0,,,1486.6448974609375,8.0
2026/03/09,8593.T,JP3499800005,2026-03-09,1415.5,7304300.0,1397.0,1424.0,1388.5,0.0,0.0,,,1503.5,-6.0
2026/03/09,7267.T,JP3854600008,2026-03-09,1454.0,34420500.0,1413.5,1464.5,1409.5,0.0,0.0,,,1543.0,-6.0
2026/03/09,8750.T,JP3476480003,2026-03-09,1470.0,16344000.0,1432.0,1489.0,1430.0,0.0,0.0,,,1562.0,-6.0
2026/03/09,8601.T,JP3502200003,2026-03-09,1436.5,7394500.0,1400.5,1440.5,1400.5,0.0,0.0,,,1592.5,-10.0
2026/03/09,2413.T,JP3435750009,2026-03-09,1643.0,5829100.0,1588.5,1654.0,1585.0,0.0,0.0,,,1598.0,3.0
2026/03/09,3436.T,JP3322930003,2026-03-09,1546.5,8059900.0,1570.0,1578.0,1500.0,0.0,0.0,,,1614.0,-4.0
2026/03/09,7186.T,JP3305990008,2026-03-09,1452.5,5398100.0,1410.0,1461.0,1405.0,0.0,0.0,,,1698.5,-14.0
2026/03/09,2502.T,JP3116000005,2026-03-09,1627.0,9287900.0,1620.0,1630.5,1605.5,0.0,0.0,,,1708.5,-5.0
2026/03/09,3407.T,JP3111200006,2026-03-09,1630.5,6707200.0,1592.0,1630.5,1572.5,0.0,0.0,,,1740.0,-6.0
2026/03/09,1911.T,JP3409800004,2026-03-09,1490.0,5460600.0,1448.0,1490.5,1441.5,0.0,0.0,,,1766.5,-16.0
2026/03/09,STAN.L,GB0004082847,2026-03-09,1628.5,13965380.0,1644.0,1647.16796875,1586.0,0.0,0.0,,,1815.5,-10.0
2026/03/09,DGE.L,GB0002374006,2026-03-09,1521.0,4639167.0,1504.0,1523.069091796875,1491.0,0.0,0.0,,,1858.0,-18.0
2026/03/09,8697.T,JP3183200009,2026-03-09,1958.0,5675700.0,1895.0,1971.0,1883.0,0.0,0.0,,,1877.0,4.0
2026/03/09,4543.T,JP3546800008,2026-03-09,2042.0,9419600.0,1968.5,2057.0,1963.0,0.0,0.0,,,1962.0,4.0
2026/03/09,8308.T,JP3500610005,2026-03-09,1750.5,12594000.0,1678.0,1752.0,1667.0,0.0,0.0,,,1980.5,-12.0
2026/03/09,6178.T,JP3752900005,2026-03-09,1810.0,5842400.0,1764.0,1815.5,1763.0,0.0,0.0,,,2012.0,-10.0
2026/03/09,8801.T,JP3893200000,2026-03-09,1950.0,12619200.0,1905.0,1950.0,1894.0,0.0,0.0,,,2086.0,-7.0
2026/03/09,BA.L,GB0002634946,2026-03-09,2259.0,6498830.0,2195.0,2268.0,2177.0,0.0,0.0,,,2137.0,6.0
2026/03/09,CPG.L,GB00BD6K4575,2026-03-09,2283.0,2171523.0,2276.0,2310.0,2269.0,0.0,0.0,,,2155.0,6.0
2026/03/09,3382.T,JP3422950000,2026-03-09,2065.0,10729800.0,1982.5,2072.0,1981.0,0.0,0.0,,,2166.265380859375,-5.0
2026/03/09,8001.T,JP3143600009,2026-03-09,2029.5,18590200.0,1971.0,2035.5,1967.0,0.0,0.0,,,2192.5,-7.0
2026/03/09,GSK.L,GB00BN7SWP63,2026-03-09,2046.0,9595859.0,1994.0,2051.0,1987.5,0.0,0.0,,,2206.0,-7.0
2026/03/09,6902.T,JP3551500006,2026-03-09,1994.0,12084400.0,1964.0,2006.5,1947.0,0.0,0.0,,,2215.0,-10.0
2026/03/09,5411.T,JP3386030005,2026-03-09,1933.5,8245900.0,1920.0,1936.0,1898.5,0.0,0.0,,,2249.5,-14.0
2026/03/09,REL.L,GB00B2B0DG97,2026-03-09,2646.0,11587159.0,2664.0,2676.0,2600.0,0.0,0.0,,,2251.0,18.0
2026/03/09,8267.T,JP3388200002,2026-03-09,2016.5,8527100.0,2000.0,2031.0,1974.0,0.0,0.0,,,2287.96484375,-12.0
2026/03/09,7269.T,JP3397200001,2026-03-09,2043.5,9211500.0,2000.0,2050.0,2000.0,0.0,0.0,,,2294.0,-11.0
2026/03/09,6594.T,JP3734800000,2026-03-09,2185.0,9181500.0,2222.0,2257.0,2125.0,0.0,0.0,,,2300.0,-5.0
2026/03/09,6762.T,JP3538800008,2026-03-09,2100.0,15571400.0,2078.0,2100.0,2002.0,0.0,0.0,,,2380.0,-12.0
2026/03/09,9107.T,JP3223800008,2026-03-09,2578.0,10912400.0,2547.5,2605.5,2522.0,0.0,0.0,,,2405.5,7.0
2026/03/09,4506.T,JP3495000006,2026-03-09,1878.5,12326300.0,1804.0,1897.5,1800.5,0.0,0.0,,,2475.5,-24.0
2026/03/09,4503.T,JP3942400007,2026-03-09,2370.0,7838200.0,2454.0,2470.0,2317.5,0.0,0.0,,,2476.5,-4.0
2026/03/09,6752.T,JP3866800000,2026-03-09,2428.5,16312700.0,2314.5,2441.5,2294.0,0.0,0.0,,,2510.5,-3.0
2026/03/09,SSE.L,GB0007908733,2026-03-09,2631.0,2499982.0,2576.0,2631.0,2546.64306640625,0.0,0.0,,,2580.0,2.0
2026/03/09,9433.T,JP3496400007,2026-03-09,2680.0,11718600.0,2609.0,2695.5,2605.0,0.0,0.0,,,2616.0,2.0
2026/03/09,2503.T,JP3258000003,2026-03-09,2609.5,4861500.0,2545.5,2622.0,2535.0,0.0,0.0,,,2638.5,-1.0
2026/03/09,6963.T,JP3982800009,2026-03-09,3474.0,25254900.0,3523.0,3549.0,3376.0,0.0,0.0,,,2650.0,31.0
2026/03/09,6971.T,JP3249600002,2026-03-09,2524.0,7620500.0,2504.0,2549.5,2468.0,0.0,0.0,,,2656.5,-5.0
2026/03/09,2432.T,JP3548610009,2026-03-09,2559.0,3735400.0,2511.5,2559.0,2487.0,0.0,0.0,,,2664.5,-4.0
2026/03/09,9503.T,JP3228600007,2026-03-09,2420.0,7322600.0,2400.0,2429.0,2368.5,0.0,0.0,,,2682.0,-10.0
2026/03/09,4661.T,JP3198900007,2026-03-09,2838.0,8569200.0,2789.0,2852.5,2785.0,0.0,0.0,,,2710.5,5.0
2026/03/09,6723.T,JP3164720009,2026-03-09,2400.0,12886800.0,2360.5,2402.5,2282.0,0.0,0.0,,,2908.0,-17.0
2026/03/09,6315.T,JP3555700008,2026-03-09,2491.0,4035600.0,2558.0,2600.0,2392.0,0.0,0.0,,,2909.0,-14.0
2026/03/09,4568.T,JP3475350009,2026-03-09,2849.0,10458100.0,2771.0,2884.0,2763.5,0.0,0.0,,,2918.5,-2.0
2026/03/09,8306.T,JP3902900004,2026-03-09,2665.0,67658800.0,2579.0,2676.5,2572.0,0.0,0.0,,,2942.0,-9.0
2026/03/09,SHEL.L,GB00BP6MXD84,2026-03-09,3207.0,11098118.0,3201.0,3225.593017578125,3164.0,0.0,0.0,,,2965.0,8.0
2026/03/09,4901.T,JP3814000000,2026-03-09,2967.5,7321100.0,2950.0,2975.5,2901.5,0.0,0.0,,,3000.0,-1.0
2026/03/09,7270.T,JP3814800003,2026-03-09,2674.5,5211600.0,2600.0,2684.0,2599.5,0.0,0.0,,,3021.0,-11.0
2026/03/09,6326.T,JP3266400005,2026-03-09,2670.0,5910000.0,2621.5,2686.0,2566.0,0.0,0.0,,,3046.0,-12.0
2026/03/09,7182.T,JP3946750001,2026-03-09,2683.0,9852700.0,2602.0,2701.0,2602.0,0.0,0.0,,,3054.0,-12.0
2026/03/09,6330.T,JP3607800004,2026-03-09,2532.0,2361500.0,2639.0,2659.0,2480.0,0.0,0.0,,,3060.0,-17.0
2026/03/09,4911.T,JP3351600006,2026-03-09,3036.0,2839100.0,2950.0,3045.0,2947.5,0.0,0.0,,,3074.0,-1.0
2026/03/09,6758.T,JP3435000009,2026-03-09,3346.0,25561600.0,3220.0,3346.0,3218.0,0.0,0.0,,,3336.0,0.0
2026/03/09,8473.T,JP3436120004,2026-03-09,2931.5,5986500.0,2812.0,2934.5,2811.0,0.0,0.0,,,3355.0,-13.0
2026/03/09,4676.T,JP3819400007,2026-03-09,3751.0,811000.0,3686.0,3785.0,3680.0,0.0,0.0,,,3374.0,11.0
2026/03/09,1803.T,JP3358800005,2026-03-09,3063.0,5072700.0,2982.0,3068.0,2930.5,0.0,0.0,,,3452.0,-11.0
2026/03/09,7453.T,JP3976300008,2026-03-09,3571.0,4920800.0,3517.0,3580.0,3427.0,0.0,0.0,,,3605.90673828125,-1.0
2026/03/09,5108.T,JP3830800003,2026-03-09,3381.0,7620700.0,3335.0,3399.0,3301.0,0.0,0.0,,,3620.0,-7.0
2026/03/09,6988.T,JP3684000007,2026-03-09,3172.0,5826700.0,3087.0,3178.0,3059.0,0.0,0.0,,,3624.0,-12.0
2026/03/09,6702.T,JP3818000006,2026-03-09,3683.0,12001600.0,3588.0,3688.0,3557.0,0.0,0.0,,,3630.0,1.0
2026/03/09,7203.T,JP3633400001,2026-03-09,3393.0,28223800.0,3299.0,3423.0,3295.0,0.0,0.0,,,3635.0,-7.0
2026/03/09,AAL.L,GB00BTK05J60,2026-03-09,3127.0,12805516.0,3002.0,3127.0,3002.0,0.0,0.0,,,3650.0,-14.0
2026/03/09,6981.T,JP3914400001,2026-03-09,3473.0,10957300.0,3433.0,3511.0,3346.0,0.0,0.0,,,3675.0,-5.0
2026/03/09,1605.T,JP3294460005,2026-03-09,4101.0,34033700.0,4150.0,4320.0,4031.0,0.0,0.0,,,3677.0,12.0
2026/03/09,6701.T,JP3733000008,2026-03-09,4419.0,12898800.0,4250.0,4419.0,4231.0,0.0,0.0,,,3916.0,13.0
2026/03/09,1802.T,JP3190000004,2026-03-09,3818.0,3402800.0,3784.0,3836.0,3723.0,0.0,0.0,,,4153.0,-8.0
2026/03/09,8725.T,JP3890310000,2026-03-09,4025.0,5766200.0,3930.0,4027.0,3908.0,0.0,0.0,,,4320.0,-7.0
2026/03/09,9984.T,JP3436100006,2026-03-09,3541.0,58861800.0,3534.0,3598.0,3436.0,0.0,0.0,,,4329.0,-18.0
2026/03/09,7013.T,JP3134800006,2026-03-09,3751.0,22141000.0,3605.0,3780.0,3572.0,0.0,0.0,,,4384.0,-14.0
2026/03/09,BATS.L,GB0002875804,2026-03-09,4309.0,2986078.0,4280.0,4336.0,4230.0,0.0,0.0,,,4597.0,-6.0
2026/03/09,2802.T,JP3119600009,2026-03-09,4345.0,3980800.0,4275.0,4381.0,4271.0,0.0,0.0,,,4602.0,-6.0
2026/03/09,7751.T,JP3242800005,2026-03-09,4460.0,4433200.0,4398.0,4479.0,4388.0,0.0,0.0,,,4685.0,-5.0
2026/03/09,7936.T,JP3118000003,2026-03-09,4373.0,3954200.0,4257.0,4387.0,4240.0,0.0,0.0,,,4810.0,-9.0
2026/03/09,6501.T,JP3788600009,2026-03-09,4718.0,17993200.0,4567.0,4719.0,4543.0,0.0,0.0,,,4930.0,-4.0
2026/03/09,7011.T,JP3900000005,2026-03-09,4580.0,37588900.0,4500.0,4586.0,4375.0,0.0,0.0,,,4965.0,-8.0
2026/03/09,8058.T,JP3898400001,2026-03-09,4918.0,15218300.0,4800.0,4963.0,4731.0,0.0,0.0,,,4991.0,-1.0
2026/03/09,8830.T,JP3409000001,2026-03-09,4816.0,3048400.0,4773.0,4828.0,4680.0,0.0,0.0,,,5044.0,-5.0
2026/03/09,8802.T,JP3899600005,2026-03-09,4754.0,4333900.0,4694.0,4778.0,4625.0,0.0,0.0,,,5089.0,-7.0
2026/03/09,6506.T,JP3932000007,2026-03-09,4325.0,5150300.0,4383.0,4402.0,4157.0,0.0,0.0,,,5165.2900390625,-16.0
2026/03/09,8136.T,JP3343200006,2026-03-09,5784.0,11795300.0,5679.0,5798.0,5580.0,0.0,0.0,,,5295.0,9.0
2026/03/09,WHL.JO,ZAE000063863,2026-03-09,5189.0,3146262.0,5101.0,5211.0,5069.0,0.0,0.0,,,5405.0,-4.0
2026/03/09,8591.T,JP3200450009,2026-03-09,4925.0,4981600.0,4780.0,4943.0,4764.0,0.0,0.0,,,5410.0,-9.0
2026/03/09,9104.T,JP3362700001,2026-03-09,5961.0,6055500.0,5835.0,6003.0,5814.0,0.0,0.0,,,5441.0,10.0
2026/03/09,ULVR.L,GB00BVZK7T90,2026-03-09,4903.5,3540145.0,4926.0,4926.0,4843.0,0.0,0.0,,,5461.59033203125,-10.0
2026/03/09,8031.T,JP3893600001,2026-03-09,5722.0,10425100.0,5631.0,5789.0,5513.0,0.0,0.0,,,5505.0,4.0
2026/03/09,7014.T,JP3651400008,2026-03-09,4650.0,1490200.0,4610.0,4665.0,4435.0,0.0,0.0,,,5630.0,-17.0
2026/03/09,6361.T,JP3166000004,2026-03-09,4827.0,4402100.0,4801.0,4923.0,4609.0,0.0,0.0,,,5638.0,-14.0
2026/03/09,8002.T,JP3877600001,2026-03-09,5150.0,7919800.0,5008.0,5169.0,4952.0,0.0,0.0,,,5710.0,-10.0
2026/03/09,4063.T,JP3371200001,2026-03-09,5970.0,13096700.0,5898.0,5989.0,5816.0,0.0,0.0,,,5750.0,4.0
2026/03/09,4502.T,JP3463000004,2026-03-09,5617.0,5182700.0,5517.0,5648.0,5509.0,0.0,0.0,,,5790.0,-3.0
2026/03/09,6503.T,JP3902400005,2026-03-09,5235.0,7878000.0,5170.0,5259.0,5077.0,0.0,0.0,,,5850.0,-11.0
2026/03/09,2914.T,JP3726800000,2026-03-09,5660.0,5079700.0,5595.0,5684.0,5551.0,0.0,0.0,,,5893.0,-4.0
2026/03/09,8630.T,JP3165000005,2026-03-09,5770.0,2786100.0,5607.0,5801.0,5604.0,0.0,0.0,,,5904.0,-2.0
2026/03/09,8316.T,JP3890350006,2026-03-09,5210.0,21531200.0,5050.0,5236.0,5028.0,0.0,0.0,,,5963.0,-13.0
2026/03/09,6098.T,JP3970300004,2026-03-09,6700.0,7012200.0,6500.0,6722.0,6492.0,0.0,0.0,,,6284.0,7.0
2026/03/09,8053.T,JP3404600003,2026-03-09,5613.0,5434100.0,5471.0,5647.0,5417.0,0.0,0.0,,,6382.0,-12.0
2026/03/09,6954.T,JP3802400006,2026-03-09,5936.0,7475800.0,5801.0,5936.0,5640.0,0.0,0.0,,,6421.0,-8.0
2026/03/09,8766.T,JP3910660004,2026-03-09,6023.0,6719700.0,5783.0,6053.0,5781.0,0.0,0.0,,,6475.0,-7.0
2026/03/09,RIO.L,GB0007188757,2026-03-09,6635.0,8661529.0,6451.0,6661.0,6401.0,0.0,0.0,,,7159.4697265625,-7.0
2026/03/09,8411.T,JP3885780001,2026-03-09,6176.0,17551200.0,6052.0,6223.0,5995.0,0.0,0.0,,,7175.0,-14.0
2026/03/09,6301.T,JP3304200003,2026-03-09,6641.0,4536100.0,6660.0,6714.0,6477.0,0.0,0.0,,,7541.0,-12.0
2026/03/09,OUT.JO,ZAE000314084,2026-03-09,6813.0,2128331.0,6821.0,6915.0,6793.0,0.0,0.0,,,7628.0,-11.0
2026/03/09,7003.T,JP3891600003,2026-03-09,6157.0,7812600.0,6279.0,6402.0,5911.0,0.0,0.0,,,8090.0,-24.0
2026/03/09,7974.T,JP3756600007,2026-03-09,8606.0,13031300.0,8503.0,8611.0,8417.0,0.0,0.0,,,8587.0,0.0
2026/03/09,4062.T,JP3148800000,2026-03-09,7238.0,8310000.0,7121.0,7238.0,6900.0,0.0,0.0,,,9157.0,-21.0
2026/03/09,FSR.JO,ZAE000066304,2026-03-09,8837.0,20419107.0,8596.0,8837.0,8506.0,0.0,0.0,,,9743.0,-9.0
2026/03/09,5802.T,JP3407400005,2026-03-09,9125.0,10983000.0,9000.0,9199.0,8550.0,0.0,0.0,,,9748.0,-6.0
2026/03/09,5713.T,JP3402600005,2026-03-09,9566.0,8565400.0,9525.0,9673.0,9038.0,0.0,0.0,,,10010.0,-4.0
2026/03/09,SLM.JO,ZAE000070660,2026-03-09,9272.0,5024507.0,9225.0,9401.0,9090.0,0.0,0.0,,,10620.0,-13.0
2026/03/09,SOL.JO,ZAE000006896,2026-03-09,15824.0,13222748.0,17244.0,17248.0,15401.0,0.0,0.0,,,14110.0,12.0
2026/03/09,7012.T,JP3224200000,2026-03-09,15695.0,5340800.0,15200.0,15720.0,14980.0,0.0,0.0,,,17915.0,-12.0
2026/03/09,MTN.JO,ZAE000042164,2026-03-09,18973.0,4048398.0,18950.0,19154.0,18560.0,0.0,0.0,,,19517.0,-3.0
2026/03/09,5803.T,JP3811000003,2026-03-09,22615.0,12998200.0,22600.0,23240.0,21360.0,0.0,0.0,,,22900.0,-1.0
2026/03/09,5801.T,JP3827200001,2026-03-09,25300.0,8853900.0,25610.0,25955.0,23210.0,0.0,0.0,,,23335.0,8.0
2026/03/09,6857.T,JP3122400009,2026-03-09,22875.0,13435300.0,23140.0,23430.0,22120.0,0.0,0.0,,,25475.0,-10.0
2026/03/09,IMP.JO,ZAE000083648,2026-03-09,26403.0,6804933.0,26699.0,26940.0,25036.0,0.0,0.0,,,30469.0,-13.0
2026/03/09,SBK.JO,ZAE000109815,2026-03-09,29471.0,4063501.0,28894.0,29471.0,28434.0,0.0,0.0,,,32202.0,-8.0
2026/03/09,8035.T,JP3571400005,2026-03-09,38920.0,5170200.0,38290.0,39170.0,37600.0,0.0,0.0,,,43960.0,-11.0
