ERROR:yfinance:HTTP Error 500: 
ERROR:yfinance:HTTP Error 404: 
ERROR:yfinance:HTTP Error 404: 
ERROR:yfinance:HTTP Error 404: 
ERROR:yfinance:HTTP Error 404: 
ERROR:yfinance:HTTP Error 500: 
ERROR:yfinance:HTTP Error 404: 
ERROR:yfinance:HTTP Error 404: 
ERROR:yfinance:HTTP Error 404: 
ERROR:yfinance:HTTP Error 404: 
ERROR:yfinance:HTTP Error 404: 
ERROR:yfinance:Failed to perform, curl: (16) . See https://curl.se/libcurl/c/libcurl-errors.html first for more details.
ERROR:yfinance:HTTP Error 404: 
ERROR:yfinance:HTTP Error 404: 
ERROR:yfinance:HTTP Error 404: 
ERROR:yfinance:HTTP Error 404: 
ERROR:yfinance:HTTP Error 404: 
ERROR:yfinance:HTTP Error 404: 
ERROR:yfinance:HTTP Error 404: 
ERROR:yfinance:HTTP Error 404: 
ERROR:yfinance:HTTP Error 404: 
ERROR:yfinance:HTTP Error 404: 
ERROR:yfinance:HTTP Error 404: 
ERROR:yfinance:HTTP Error 404: 
ERROR:yfinance:HTTP Error 404: 
ERROR:yfinance:HTTP Error 404: 
ERROR:yfinance:HTTP Error 404: 
ERROR:yfinance:HTTP Error 404: 
ERROR:yfinance:HTTP Error 404: 
ERROR:yfinance:HTTP Error 404: 
ERROR:yfinance:HTTP Error 404: 
ERROR:yfinance:HTTP Error 404: 
ERROR:yfinance:HTTP Error 404: 
ERROR:yfinance:HTTP Error 404: 
ERROR:yfinance:HTTP Error 404: 
ERROR:yfinance:HTTP Error 404: 
ERROR:yfinance:HTTP Error 404: 
ERROR:yfinance:HTTP Error 404: 
ERROR:yfinance:HTTP Error 404: 
ERROR:yfinance:HTTP Error 404: 
ERROR:yfinance:HTTP Error 404: 
ERROR:yfinance:HTTP Error 404: 
ERROR:yfinance:HTTP Error 404: 
ERROR:yfinance:HTTP Error 404: 
ERROR:yfinance:HTTP Error 404: 
ERROR:yfinance:HTTP Error 404: 
ERROR:yfinance:HTTP Error 404: 
ERROR:yfinance:HTTP Error 404: 
ERROR:yfinance:HTTP Error 404: 
ERROR:yfinance:HTTP Error 404: 
ERROR:yfinance:HTTP Error 404: 
ERROR:yfinance:HTTP Error 404: 
ERROR:yfinance:HTTP Error 404: 
ERROR:yfinance:HTTP Error 404: 
ERROR:yfinance:HTTP Error 404: 
ERROR:yfinance:HTTP Error 404: 
ERROR:yfinance:HTTP Error 404: 
ERROR:yfinance:HTTP Error 404: 
ERROR:yfinance:HTTP Error 404: 
ERROR:yfinance:HTTP Error 404: 
ERROR:yfinance:HTTP Error 404: 
ERROR:yfinance:HTTP Error 404: 
ERROR:yfinance:HTTP Error 404: 
ERROR:yfinance:HTTP Error 404: 
ERROR:yfinance:HTTP Error 404: 
ERROR:yfinance:HTTP Error 404: 
ERROR:yfinance:HTTP Error 404: 
ERROR:yfinance:HTTP Error 404: 
ERROR:yfinance:HTTP Error 404: 
ERROR:yfinance:HTTP Error 404: 
ERROR:yfinance:HTTP Error 404: 
ERROR:yfinance:HTTP Error 404: 
ERROR:yfinance:HTTP Error 404: 
ERROR:yfinance:Failed to perform, curl: (16) . See https://curl.se/libcurl/c/libcurl-errors.html first for more details.
ERROR:yfinance:HTTP Error 500: 
ERROR:yfinance:HTTP Error 404: 
ERROR:yfinance:HTTP Error 500: 
ERROR:yfinance:HTTP Error 404: 
ERROR:yfinance:HTTP Error 404: 
ERROR:yfinance:HTTP Error 404: 
ERROR:yfinance:HTTP Error 404: 
ERROR:yfinance:HTTP Error 404: 
ERROR:yfinance:HTTP Error 404: 
ERROR:yfinance:HTTP Error 404: 
ERROR:yfinance:HTTP Error 404: 
ERROR:yfinance:HTTP Error 404: 
ERROR:yfinance:HTTP Error 404: 
ERROR:yfinance:ID1000122500: Failed to retrieve search results and received faulty response instead.
ERROR:yfinance:KYG6427A1022: Failed to retrieve search results and received faulty response instead.
ERROR:yfinance:US3994732069: Failed to retrieve search results and received faulty response instead.
ERROR:yfinance:JP3274400005: Failed to retrieve search results and received faulty response instead.
ERROR:yfinance:BMG713292081: Failed to retrieve search results and received faulty response instead.
ERROR:yfinance:SE0014504817: Failed to retrieve search results and received faulty response instead.
ERROR:yfinance:US86887Q1094: Failed to retrieve search results and received faulty response instead.
ERROR:yfinance:BE0974362940: Failed to retrieve search results and received faulty response instead.
ERROR:yfinance:SG1EB6000000: Failed to retrieve search results and received faulty response instead.
ERROR:yfinance:US1330341082: Failed to retrieve search results and received faulty response instead.
ERROR:yfinance:US3563901046: Failed to retrieve search results and received faulty response instead.
ERROR:yfinance:CNE1000000V6: Failed to retrieve search results and received faulty response instead.
ERROR:yfinance:IL0011429839: Failed to retrieve search results and received faulty response instead.
ERROR:yfinance:US48253L2051: Failed to retrieve search results and received faulty response instead.
ERROR:yfinance:US92538J1060: Failed to retrieve search results and received faulty response instead.
ERROR:yfinance:BMG022411000: Failed to retrieve search results and received faulty response instead.
ERROR:yfinance:CA7281231000: Failed to retrieve search results and received faulty response instead.
ERROR:yfinance:CNE100000510: Failed to retrieve search results and received faulty response instead.
ERROR:yfinance:CNE100001336: Failed to retrieve search results and received faulty response instead.
ERROR:yfinance:FI0009009377: Failed to retrieve search results and received faulty response instead.
ERROR:yfinance:GB00BDR6W943: Failed to retrieve search results and received faulty response instead.
ERROR:yfinance:GB00BYX5K988: Failed to retrieve search results and received faulty response instead.
ERROR:yfinance:GB0031509804: Failed to retrieve search results and received faulty response instead.
ERROR:yfinance:KYG2120T1004: Failed to retrieve search results and received faulty response instead.
ERROR:yfinance:US3614381040: Failed to retrieve search results and received faulty response instead.
ERROR:yfinance:US6103351010: Failed to retrieve search results and received faulty response instead.
ERROR:yfinance:US8722801029: Failed to retrieve search results and received faulty response instead.
ERROR:yfinance:PLENAP000010: Failed to retrieve search results and received faulty response instead.
ERROR:yfinance:JP3048300002: Failed to retrieve search results and received faulty response instead.
ERROR:yfinance:JP3220200004: Failed to retrieve search results and received faulty response instead.
ERROR:yfinance:JP3298000005: Failed to retrieve search results and received faulty response instead.
ERROR:yfinance:JP3862800004: Failed to retrieve search results and received faulty response instead.
ERROR:yfinance:US45783Q1004: Failed to retrieve search results and received faulty response instead.
ERROR:yfinance:NL00150006R6: Failed to retrieve search results and received faulty response instead.
ERROR:yfinance:HTTP Error 404: 
ERROR:yfinance:HTTP Error 404: 
ERROR:yfinance:HTTP Error 404: 
ERROR:yfinance:HTTP Error 404: 
ERROR:yfinance:HTTP Error 404: 
ERROR:yfinance:HTTP Error 404: 
ERROR:yfinance:HTTP Error 404: 
ERROR:yfinance:HTTP Error 404: 
ERROR:yfinance:HTTP Error 404: 
ERROR:yfinance:HTTP Error 404: 
ERROR:yfinance:HTTP Error 404: 
ERROR:yfinance:HTTP Error 404: 
ERROR:yfinance:HTTP Error 404: 
ERROR:yfinance:HTTP Error 404: 
ERROR:yfinance:HTTP Error 404: 
ERROR:yfinance:HTTP Error 404: 
ERROR:yfinance:HTTP Error 404: 
ERROR:yfinance:HTTP Error 404: 
ERROR:yfinance:HTTP Error 404: 
ERROR:yfinance:HTTP Error 404: 
ERROR:yfinance:HTTP Error 404: 
ERROR:yfinance:HTTP Error 404: 
ERROR:yfinance:HTTP Error 404: 
ERROR:yfinance:HTTP Error 404: 
ERROR:yfinance:HTTP Error 404: 
ERROR:yfinance:HTTP Error 404: 
ERROR:yfinance:HTTP Error 404: 
ERROR:yfinance:HTTP Error 404: 
ERROR:yfinance:HTTP Error 404: 
ERROR:yfinance:HTTP Error 404: 
ERROR:yfinance:HTTP Error 404: 
ERROR:yfinance:HTTP Error 404: 
ERROR:yfinance:HTTP Error 404: 
ERROR:yfinance:HTTP Error 404: 
ERROR:yfinance:HTTP Error 404: 
ERROR:yfinance:HTTP Error 404: 
ERROR:yfinance:HTTP Error 404: 
ERROR:yfinance:HTTP Error 404: 
ERROR:yfinance:HTTP Error 404: 
ERROR:yfinance:HTTP Error 404: 
ERROR:yfinance:HTTP Error 404: 
ERROR:yfinance:HTTP Error 404: 
ERROR:yfinance:HTTP Error 404: 
ERROR:yfinance:HTTP Error 404: 
ERROR:yfinance:HTTP Error 404: 
ERROR:yfinance:HTTP Error 404: 
ERROR:yfinance:HTTP Error 404: 
ERROR:yfinance:HTTP Error 404: 
ERROR:yfinance:HTTP Error 404: 
ERROR:yfinance:HTTP Error 404: 
ERROR:yfinance:HTTP Error 404: 
ERROR:yfinance:HTTP Error 404: 
ERROR:yfinance:HTTP Error 404: 
ERROR:yfinance:HTTP Error 404: 
ERROR:yfinance:HTTP Error 404: 
ERROR:yfinance:HTTP Error 404: 
ERROR:yfinance:HTTP Error 404: 
ERROR:yfinance:HTTP Error 404: 
ERROR:yfinance:HTTP Error 404: 
ERROR:yfinance:HTTP Error 404: 
ERROR:yfinance:HTTP Error 404: 
ERROR:yfinance:HTTP Error 404: 
ERROR:yfinance:HTTP Error 404: 
ERROR:yfinance:HTTP Error 404: 
ERROR:yfinance:HTTP Error 404: 
ERROR:yfinance:HTTP Error 404: 
ERROR:yfinance:HTTP Error 404: 
ERROR:yfinance:HTTP Error 404: 
ERROR:yfinance:HTTP Error 404: 
ERROR:yfinance:HTTP Error 404: 
ERROR:yfinance:HTTP Error 404: 
ERROR:yfinance:$NRX.V: possibly delisted; no price data found  (period=2y)
ERROR:yfinance:$WLI.WA: possibly delisted; no price data found  (period=2y) (Yahoo error = "No data found, symbol may be delisted")
ERROR:yfinance:$WLI.WA: possibly delisted; no price data found  (period=5d) (Yahoo error = "No data found, symbol may be delisted")
ERROR:yfinance:HTTP Error 404: 
ERROR:yfinance:HTTP Error 404: 
ERROR:yfinance:HTTP Error 404: 
ERROR:yfinance:HTTP Error 404: 
ERROR:yfinance:HTTP Error 404: 
ERROR:yfinance:HTTP Error 404: 
ERROR:yfinance:HTTP Error 404: 
ERROR:yfinance:HTTP Error 500: 
ERROR:yfinance:HTTP Error 404: 
ERROR:yfinance:HTTP Error 404: 
ERROR:yfinance:HTTP Error 404: 
ERROR:yfinance:HTTP Error 404: 
ERROR:yfinance:HTTP Error 404: 
ERROR:yfinance:HTTP Error 404: 
ERROR:yfinance:HTTP Error 404: 
ERROR:yfinance:HTTP Error 404: 
ERROR:yfinance:HTTP Error 404: 
ERROR:yfinance:HTTP Error 404: 
ERROR:yfinance:HTTP Error 404: 
ERROR:yfinance:HTTP Error 404: 
ERROR:yfinance:HTTP Error 404: 
ERROR:yfinance:HTTP Error 404: 
ERROR:yfinance:HTTP Error 404: 
ERROR:yfinance:HTTP Error 404: 
ERROR:yfinance:HTTP Error 404: 
ERROR:yfinance:HTTP Error 404: 
ERROR:yfinance:HTTP Error 404: 
ERROR:yfinance:HTTP Error 404: 
ERROR:yfinance:HTTP Error 404: 
ERROR:yfinance:HTTP Error 404: 
ERROR:yfinance:HTTP Error 404: 
ERROR:yfinance:HTTP Error 404: 
ERROR:yfinance:HTTP Error 404: 
ERROR:yfinance:HTTP Error 404: 
ERROR:yfinance:HTTP Error 404: 
ERROR:yfinance:HTTP Error 404: 
ERROR:yfinance:HTTP Error 404: 
ERROR:yfinance:HTTP Error 404: 
ERROR:yfinance:HTTP Error 404: 
ERROR:yfinance:HTTP Error 404: 
ERROR:yfinance:HTTP Error 404: 
ERROR:yfinance:HTTP Error 404: 
ERROR:yfinance:HTTP Error 404: 
ERROR:yfinance:HTTP Error 404: 
ERROR:yfinance:HTTP Error 404: 
ERROR:yfinance:HTTP Error 404: 
ERROR:yfinance:HTTP Error 404: 
ERROR:yfinance:Failed to perform, curl: (16) . See https://curl.se/libcurl/c/libcurl-errors.html first for more details.
ERROR:yfinance:HTTP Error 404: 
ERROR:yfinance:HTTP Error 404: 
ERROR:yfinance:HTTP Error 404: 
ERROR:yfinance:HTTP Error 404: 
ERROR:yfinance:HTTP Error 404: 
ERROR:yfinance:HTTP Error 404: 
ERROR:yfinance:HTTP Error 404: 
ERROR:yfinance:HTTP Error 404: 
ERROR:yfinance:HTTP Error 404: 
ERROR:yfinance:HTTP Error 404: 
ERROR:yfinance:HTTP Error 404: 
ERROR:yfinance:HTTP Error 500: 
ERROR:yfinance:HTTP Error 404: 
ERROR:yfinance:HTTP Error 500: 
ERROR:yfinance:HTTP Error 404: 
ERROR:yfinance:HTTP Error 404: 
ERROR:yfinance:HTTP Error 404: 
ERROR:yfinance:HTTP Error 404: 
ERROR:yfinance:HTTP Error 404: 
ERROR:yfinance:HTTP Error 404: 
ERROR:yfinance:HTTP Error 404: 
ERROR:yfinance:HTTP Error 404: 
ERROR:yfinance:HTTP Error 404: 
ERROR:yfinance:HTTP Error 404: 
ERROR:yfinance:HTTP Error 404: 
ERROR:yfinance:HTTP Error 404: 
ERROR:yfinance:HTTP Error 404: 
ERROR:yfinance:HTTP Error 404: 
ERROR:yfinance:HTTP Error 404: 
ERROR:yfinance:HTTP Error 404: 
ERROR:yfinance:HTTP Error 404: 
ERROR:yfinance:HTTP Error 404: 
ERROR:yfinance:HTTP Error 404: 
ERROR:yfinance:HTTP Error 404: 
ERROR:yfinance:HTTP Error 404: 
ERROR:yfinance:HTTP Error 404: 
ERROR:yfinance:HTTP Error 404: 
ERROR:yfinance:HTTP Error 404: 
ERROR:yfinance:HTTP Error 404: 
ERROR:yfinance:HTTP Error 404: 
ERROR:yfinance:HTTP Error 404: 
ERROR:yfinance:HTTP Error 404: 
ERROR:yfinance:HTTP Error 404: 
ERROR:yfinance:HTTP Error 404: 
ERROR:yfinance:HTTP Error 404: 
ERROR:yfinance:HTTP Error 404: 
ERROR:yfinance:HTTP Error 404: 
ERROR:yfinance:HTTP Error 404: 
ERROR:yfinance:HTTP Error 404: 
ERROR:yfinance:HTTP Error 404: 
ERROR:yfinance:HTTP Error 404: 
ERROR:yfinance:HTTP Error 404: 
ERROR:yfinance:HTTP Error 404: 
ERROR:yfinance:HTTP Error 404: 
ERROR:yfinance:HTTP Error 404: 
ERROR:yfinance:HTTP Error 404: 
ERROR:yfinance:HTTP Error 404: 
ERROR:yfinance:HTTP Error 404: 
ERROR:yfinance:HTTP Error 404: 
ERROR:yfinance:HTTP Error 404: 
ERROR:yfinance:HTTP Error 404: 
ERROR:yfinance:HTTP Error 404: 
ERROR:yfinance:HTTP Error 404: 
ERROR:yfinance:HTTP Error 404: 
ERROR:yfinance:HTTP Error 404: 
ERROR:yfinance:HTTP Error 404: 
ERROR:yfinance:HTTP Error 404: 
ERROR:yfinance:HTTP Error 404: 
ERROR:yfinance:HTTP Error 404: 
ERROR:yfinance:HTTP Error 404: 
ERROR:yfinance:HTTP Error 404: 
ERROR:yfinance:HTTP Error 404: 
ERROR:yfinance:HTTP Error 404: 
ERROR:yfinance:HTTP Error 404: 
ERROR:yfinance:HTTP Error 404: 
ERROR:yfinance:HTTP Error 404: 
ERROR:yfinance:HTTP Error 404: 
ERROR:yfinance:HTTP Error 404: 
ERROR:yfinance:HTTP Error 404: 
ERROR:yfinance:HTTP Error 404: 
ERROR:yfinance:HTTP Error 404: 
ERROR:yfinance:HTTP Error 404: 
ERROR:yfinance:HTTP Error 404: 
ERROR:yfinance:HTTP Error 404: 
ERROR:yfinance:HTTP Error 404: 
ERROR:yfinance:HTTP Error 404: 
ERROR:yfinance:HTTP Error 404: 
ERROR:yfinance:HTTP Error 404: 
ERROR:yfinance:HTTP Error 404: 
ERROR:yfinance:HTTP Error 404: 
ERROR:yfinance:HTTP Error 404: 
ERROR:yfinance:HTTP Error 404: 
ERROR:yfinance:HTTP Error 404: 
ERROR:yfinance:Failed to perform, curl: (16) . See https://curl.se/libcurl/c/libcurl-errors.html first for more details.
ERROR:yfinance:$WLI.WA: possibly delisted; no price data found  (period=2y) (Yahoo error = "No data found, symbol may be delisted")
ERROR:yfinance:$WLI.WA: possibly delisted; no price data found  (period=5d) (Yahoo error = "No data found, symbol may be delisted")
ERROR:yfinance:HTTP Error 404: 
ERROR:yfinance:HTTP Error 404: 
ERROR:yfinance:HTTP Error 404: 
ERROR:yfinance:HTTP Error 404: 
ERROR:yfinance:HTTP Error 404: 
ERROR:yfinance:HTTP Error 404: 
ERROR:yfinance:HTTP Error 404: 
ERROR:yfinance:HTTP Error 500: 
ERROR:yfinance:HTTP Error 404: 
ERROR:yfinance:HTTP Error 404: 
ERROR:yfinance:HTTP Error 404: 
ERROR:yfinance:HTTP Error 404: 
ERROR:yfinance:HTTP Error 404: 
ERROR:yfinance:HTTP Error 404: 
ERROR:yfinance:HTTP Error 404: 
ERROR:yfinance:HTTP Error 404: 
ERROR:yfinance:HTTP Error 404: 
ERROR:yfinance:HTTP Error 404: 
ERROR:yfinance:HTTP Error 404: 
ERROR:yfinance:HTTP Error 404: 
ERROR:yfinance:HTTP Error 404: 
ERROR:yfinance:HTTP Error 404: 
ERROR:yfinance:HTTP Error 404: 
ERROR:yfinance:HTTP Error 404: 
ERROR:yfinance:HTTP Error 404: 
ERROR:yfinance:HTTP Error 404: 
ERROR:yfinance:HTTP Error 404: 
ERROR:yfinance:HTTP Error 404: 
ERROR:yfinance:HTTP Error 404: 
ERROR:yfinance:HTTP Error 404: 
ERROR:yfinance:HTTP Error 404: 
ERROR:yfinance:HTTP Error 404: 
ERROR:yfinance:HTTP Error 404: 
ERROR:yfinance:HTTP Error 404: 
ERROR:yfinance:HTTP Error 404: 
ERROR:yfinance:HTTP Error 404: 
ERROR:yfinance:HTTP Error 404: 
ERROR:yfinance:HTTP Error 404: 
ERROR:yfinance:HTTP Error 404: 
ERROR:yfinance:HTTP Error 404: 
ERROR:yfinance:HTTP Error 404: 
ERROR:yfinance:HTTP Error 404: 
ERROR:yfinance:HTTP Error 404: 
ERROR:yfinance:HTTP Error 404: 
ERROR:yfinance:HTTP Error 404: 
ERROR:yfinance:HTTP Error 404: 
ERROR:yfinance:HTTP Error 404: 
ERROR:yfinance:HTTP Error 404: 
ERROR:yfinance:HTTP Error 404: 
ERROR:yfinance:HTTP Error 404: 
ERROR:yfinance:HTTP Error 404: 
ERROR:yfinance:HTTP Error 404: 
ERROR:yfinance:HTTP Error 404: 
ERROR:yfinance:HTTP Error 404: 
ERROR:yfinance:HTTP Error 404: 
ERROR:yfinance:HTTP Error 404: 
ERROR:yfinance:HTTP Error 404: 
ERROR:yfinance:HTTP Error 404: 
ERROR:yfinance:HTTP Error 500: 
ERROR:yfinance:HTTP Error 404: 
ERROR:yfinance:HTTP Error 500: 
ERROR:yfinance:HTTP Error 404: 
ERROR:yfinance:HTTP Error 404: 
ERROR:yfinance:HTTP Error 404: 
ERROR:yfinance:HTTP Error 404: 
ERROR:yfinance:HTTP Error 404: 
ERROR:yfinance:HTTP Error 404: 
ERROR:yfinance:HTTP Error 404: 
ERROR:yfinance:HTTP Error 404: 
ERROR:yfinance:HTTP Error 500: 
ERROR:yfinance:HTTP Error 404: 
ERROR:yfinance:HTTP Error 404: 
ERROR:yfinance:HTTP Error 404: 
ERROR:yfinance:HTTP Error 404: 
ERROR:yfinance:HTTP Error 404: 
ERROR:yfinance:HTTP Error 404: 
ERROR:yfinance:HTTP Error 404: 
ERROR:yfinance:HTTP Error 404: 
ERROR:yfinance:HTTP Error 404: 
ERROR:yfinance:HTTP Error 404: 
ERROR:yfinance:HTTP Error 404: 
ERROR:yfinance:HTTP Error 404: 
ERROR:yfinance:HTTP Error 404: 
ERROR:yfinance:HTTP Error 404: 
ERROR:yfinance:HTTP Error 404: 
ERROR:yfinance:HTTP Error 404: 
ERROR:yfinance:HTTP Error 404: 
ERROR:yfinance:HTTP Error 404: 
ERROR:yfinance:HTTP Error 404: 
ERROR:yfinance:HTTP Error 404: 
ERROR:yfinance:HTTP Error 404: 
ERROR:yfinance:HTTP Error 404: 
ERROR:yfinance:HTTP Error 404: 
ERROR:yfinance:HTTP Error 404: 
ERROR:yfinance:HTTP Error 404: 
ERROR:yfinance:HTTP Error 404: 
ERROR:yfinance:HTTP Error 404: 
ERROR:yfinance:HTTP Error 404: 
ERROR:yfinance:HTTP Error 404: 
ERROR:yfinance:HTTP Error 404: 
ERROR:yfinance:HTTP Error 404: 
ERROR:yfinance:HTTP Error 404: 
ERROR:yfinance:HTTP Error 404: 
ERROR:yfinance:HTTP Error 404: 
ERROR:yfinance:HTTP Error 404: 
ERROR:yfinance:HTTP Error 404: 
ERROR:yfinance:HTTP Error 404: 
ERROR:yfinance:HTTP Error 404: 
ERROR:yfinance:HTTP Error 404: 
ERROR:yfinance:HTTP Error 404: 
ERROR:yfinance:HTTP Error 404: 
ERROR:yfinance:HTTP Error 404: 
ERROR:yfinance:HTTP Error 404: 
ERROR:yfinance:HTTP Error 404: 
ERROR:yfinance:HTTP Error 404: 
ERROR:yfinance:HTTP Error 404: 
ERROR:yfinance:HTTP Error 404: 
ERROR:yfinance:HTTP Error 404: 
ERROR:yfinance:HTTP Error 404: 
ERROR:yfinance:Failed to get ticker 'KINV-B.ST' reason: Failed to perform, curl: (16) . See https://curl.se/libcurl/c/libcurl-errors.html first for more details.
ERROR:yfinance:$TKO.PA: possibly delisted; no price data found  (period=2y)
ERROR:yfinance:Failed to get ticker 'ALDNE.PA' reason: Failed to perform, curl: (28) Operation timed out after 10002 milliseconds with 0 bytes received. See https://curl.se/libcurl/c/libcurl-errors.html first for more details.
ERROR:yfinance:HTTP Error 404: 
ERROR:yfinance:HTTP Error 404: 
ERROR:yfinance:HTTP Error 404: 
ERROR:yfinance:HTTP Error 404: 
ERROR:yfinance:HTTP Error 404: 
ERROR:yfinance:HTTP Error 404: 
ERROR:yfinance:HTTP Error 404: 
ERROR:yfinance:HTTP Error 404: 
ERROR:yfinance:HTTP Error 404: 
ERROR:yfinance:HTTP Error 404: 
ERROR:yfinance:HTTP Error 404: 
ERROR:yfinance:HTTP Error 404: 
ERROR:yfinance:HTTP Error 404: 
ERROR:yfinance:HTTP Error 404: 
ERROR:yfinance:HTTP Error 404: 
ERROR:yfinance:HTTP Error 404: 
ERROR:yfinance:HTTP Error 404: 
ERROR:yfinance:HTTP Error 404: 
ERROR:yfinance:HTTP Error 404: 
ERROR:yfinance:HTTP Error 404: 
ERROR:yfinance:HTTP Error 404: 
ERROR:yfinance:HTTP Error 404: 
ERROR:yfinance:HTTP Error 404: 
ERROR:yfinance:HTTP Error 404: 
ERROR:yfinance:HTTP Error 404: 
ERROR:yfinance:HTTP Error 404: 
ERROR:yfinance:HTTP Error 404: 
ERROR:yfinance:HTTP Error 404: 
ERROR:yfinance:HTTP Error 404: 
ERROR:yfinance:HTTP Error 404: 
ERROR:yfinance:HTTP Error 404: 
ERROR:yfinance:HTTP Error 404: 
ERROR:yfinance:HTTP Error 404: 
ERROR:yfinance:HTTP Error 404: 
ERROR:yfinance:HTTP Error 404: 
ERROR:yfinance:HTTP Error 404: 
ERROR:yfinance:HTTP Error 404: 
ERROR:yfinance:HTTP Error 404: 
ERROR:yfinance:HTTP Error 404: 
ERROR:yfinance:HTTP Error 404: 
ERROR:yfinance:HTTP Error 404: 
ERROR:yfinance:HTTP Error 404: 
ERROR:yfinance:HTTP Error 404: 
ERROR:yfinance:HTTP Error 404: 
ERROR:yfinance:HTTP Error 404: 
ERROR:yfinance:HTTP Error 404: 
ERROR:yfinance:HTTP Error 404: 
ERROR:yfinance:HTTP Error 404: 
ERROR:yfinance:HTTP Error 404: 
ERROR:yfinance:HTTP Error 404: 
ERROR:yfinance:HTTP Error 404: 
ERROR:yfinance:HTTP Error 404: 
ERROR:yfinance:HTTP Error 404: 
ERROR:yfinance:HTTP Error 404: 
ERROR:yfinance:$WLI.WA: possibly delisted; no price data found  (period=2y) (Yahoo error = "No data found, symbol may be delisted")
ERROR:yfinance:$WLI.WA: possibly delisted; no price data found  (period=5d) (Yahoo error = "No data found, symbol may be delisted")
ERROR:yfinance:HTTP Error 404: 
ERROR:yfinance:HTTP Error 404: 
ERROR:yfinance:HTTP Error 404: 
ERROR:yfinance:HTTP Error 404: 
ERROR:yfinance:HTTP Error 404: 
ERROR:yfinance:HTTP Error 404: 
ERROR:yfinance:HTTP Error 404: 
ERROR:yfinance:HTTP Error 500: 
ERROR:yfinance:HTTP Error 404: 
ERROR:yfinance:HTTP Error 404: 
ERROR:yfinance:HTTP Error 404: 
ERROR:yfinance:HTTP Error 404: 
ERROR:yfinance:HTTP Error 404: 
ERROR:yfinance:HTTP Error 404: 
ERROR:yfinance:HTTP Error 404: 
ERROR:yfinance:HTTP Error 404: 
ERROR:yfinance:HTTP Error 404: 
ERROR:yfinance:HTTP Error 404: 
ERROR:yfinance:HTTP Error 404: 
ERROR:yfinance:HTTP Error 404: 
ERROR:yfinance:HTTP Error 404: 
ERROR:yfinance:HTTP Error 404: 
ERROR:yfinance:HTTP Error 404: 
ERROR:yfinance:HTTP Error 404: 
ERROR:yfinance:HTTP Error 404: 
ERROR:yfinance:HTTP Error 404: 
ERROR:yfinance:Failed to perform, curl: (16) . See https://curl.se/libcurl/c/libcurl-errors.html first for more details.
ERROR:yfinance:HTTP Error 404: 
ERROR:yfinance:HTTP Error 404: 
ERROR:yfinance:Failed to get ticker 'MGTX' reason: Failed to perform, curl: (16) . See https://curl.se/libcurl/c/libcurl-errors.html first for more details.
ERROR:yfinance:HTTP Error 404: 
ERROR:yfinance:HTTP Error 404: 
ERROR:yfinance:HTTP Error 404: 
ERROR:yfinance:HTTP Error 404: 
ERROR:yfinance:HTTP Error 404: 
ERROR:yfinance:HTTP Error 404: 
ERROR:yfinance:HTTP Error 404: 
ERROR:yfinance:HTTP Error 404: 
ERROR:yfinance:HTTP Error 404: 
ERROR:yfinance:HTTP Error 404: 
ERROR:yfinance:HTTP Error 404: 
ERROR:yfinance:HTTP Error 404: 
ERROR:yfinance:HTTP Error 404: 
ERROR:yfinance:HTTP Error 404: 
ERROR:yfinance:HTTP Error 404: 
ERROR:yfinance:HTTP Error 404: 
ERROR:yfinance:HTTP Error 404: 
ERROR:yfinance:HTTP Error 500: 
ERROR:yfinance:HTTP Error 404: 
ERROR:yfinance:HTTP Error 500: 
ERROR:yfinance:HTTP Error 404: 
ERROR:yfinance:HTTP Error 404: 
ERROR:yfinance:HTTP Error 404: 
ERROR:yfinance:HTTP Error 404: 
ERROR:yfinance:HTTP Error 404: 
ERROR:yfinance:HTTP Error 404: 
ERROR:yfinance:HTTP Error 404: 
ERROR:yfinance:HTTP Error 404: 
ERROR:yfinance:HTTP Error 404: 
ERROR:yfinance:HTTP Error 404: 
ERROR:yfinance:HTTP Error 404: 
ERROR:yfinance:HTTP Error 404: 
ERROR:yfinance:HTTP Error 404: 
ERROR:yfinance:HTTP Error 404: 
ERROR:yfinance:HTTP Error 404: 
ERROR:yfinance:HTTP Error 404: 
ERROR:yfinance:HTTP Error 404: 
ERROR:yfinance:HTTP Error 404: 
ERROR:yfinance:HTTP Error 404: 
ERROR:yfinance:HTTP Error 404: 
ERROR:yfinance:HTTP Error 404: 
ERROR:yfinance:HTTP Error 404: 
ERROR:yfinance:HTTP Error 404: 
ERROR:yfinance:HTTP Error 404: 
ERROR:yfinance:HTTP Error 404: 
ERROR:yfinance:HTTP Error 404: 
ERROR:yfinance:HTTP Error 404: 
ERROR:yfinance:HTTP Error 404: 
ERROR:yfinance:HTTP Error 404: 
ERROR:yfinance:HTTP Error 404: 
ERROR:yfinance:HTTP Error 404: 
ERROR:yfinance:HTTP Error 404: 
ERROR:yfinance:HTTP Error 404: 
ERROR:yfinance:HTTP Error 404: 
ERROR:yfinance:HTTP Error 404: 
ERROR:yfinance:HTTP Error 404: 
ERROR:yfinance:HTTP Error 404: 
ERROR:yfinance:HTTP Error 404: 
ERROR:yfinance:HTTP Error 404: 
ERROR:yfinance:HTTP Error 404: 
ERROR:yfinance:HTTP Error 404: 
ERROR:yfinance:HTTP Error 404: 
ERROR:yfinance:HTTP Error 404: 
ERROR:yfinance:HTTP Error 404: 
ERROR:yfinance:HTTP Error 404: 
ERROR:yfinance:HTTP Error 404: 
ERROR:yfinance:HTTP Error 404: 
ERROR:yfinance:HTTP Error 404: 
ERROR:yfinance:HTTP Error 404: 
ERROR:yfinance:HTTP Error 404: 
ERROR:yfinance:HTTP Error 404: 
ERROR:yfinance:HTTP Error 404: 
ERROR:yfinance:HTTP Error 404: 
ERROR:yfinance:HTTP Error 404: 
ERROR:yfinance:HTTP Error 404: 
ERROR:yfinance:HTTP Error 404: 
ERROR:yfinance:HTTP Error 404: 
ERROR:yfinance:HTTP Error 404: 
ERROR:yfinance:HTTP Error 404: 
ERROR:yfinance:HTTP Error 404: 
ERROR:yfinance:HTTP Error 404: 
ERROR:yfinance:HTTP Error 404: 
ERROR:yfinance:HTTP Error 404: 
ERROR:yfinance:HTTP Error 404: 
ERROR:yfinance:HTTP Error 404: 
ERROR:yfinance:HTTP Error 404: 
ERROR:yfinance:HTTP Error 404: 
ERROR:yfinance:HTTP Error 404: 
ERROR:yfinance:HTTP Error 404: 
ERROR:yfinance:HTTP Error 404: 
ERROR:yfinance:HTTP Error 404: 
ERROR:yfinance:HTTP Error 404: 
ERROR:yfinance:HTTP Error 404: 
ERROR:yfinance:HTTP Error 404: 
ERROR:yfinance:HTTP Error 404: 
ERROR:yfinance:HTTP Error 404: 
ERROR:yfinance:HTTP Error 404: 
ERROR:yfinance:HTTP Error 404: 
ERROR:yfinance:HTTP Error 404: 
ERROR:yfinance:HTTP Error 404: 
ERROR:yfinance:HTTP Error 404: 
ERROR:yfinance:HTTP Error 404: 
ERROR:yfinance:HTTP Error 404: 
ERROR:yfinance:HTTP Error 404: 
ERROR:yfinance:HTTP Error 404: 
ERROR:yfinance:HTTP Error 404: 
ERROR:yfinance:HTTP Error 404: 
ERROR:yfinance:HTTP Error 404: 
ERROR:yfinance:HTTP Error 404: 
ERROR:yfinance:HTTP Error 404: 
ERROR:yfinance:HTTP Error 404: 
ERROR:yfinance:HTTP Error 404: 
ERROR:yfinance:HTTP Error 404: 
ERROR:yfinance:HTTP Error 404: 
ERROR:yfinance:HTTP Error 404: 
ERROR:yfinance:HTTP Error 404: 
ERROR:yfinance:HTTP Error 404: 
ERROR:yfinance:HTTP Error 404: 
ERROR:yfinance:HTTP Error 404: 
ERROR:yfinance:HTTP Error 404: 
ERROR:yfinance:HTTP Error 404: 
ERROR:yfinance:HTTP Error 404: 
ERROR:yfinance:HTTP Error 404: 
ERROR:yfinance:HTTP Error 404: 
ERROR:yfinance:HTTP Error 404: 
ERROR:yfinance:HTTP Error 404: 
ERROR:yfinance:HTTP Error 404: 
ERROR:yfinance:HTTP Error 404: 
ERROR:yfinance:HTTP Error 404: 
ERROR:yfinance:$WLI.WA: possibly delisted; no price data found  (period=2y) (Yahoo error = "No data found, symbol may be delisted")
ERROR:yfinance:$WLI.WA: possibly delisted; no price data found  (period=5d) (Yahoo error = "No data found, symbol may be delisted")
ERROR:yfinance:HTTP Error 404: 
ERROR:yfinance:HTTP Error 404: 
ERROR:yfinance:HTTP Error 404: 
ERROR:yfinance:HTTP Error 404: 
ERROR:yfinance:HTTP Error 404: 
ERROR:yfinance:HTTP Error 404: 
ERROR:yfinance:HTTP Error 404: 
ERROR:yfinance:HTTP Error 500: 
ERROR:yfinance:HTTP Error 404: 
ERROR:yfinance:HTTP Error 404: 
ERROR:yfinance:HTTP Error 404: 
ERROR:yfinance:HTTP Error 404: 
ERROR:yfinance:HTTP Error 404: 
ERROR:yfinance:HTTP Error 404: 
ERROR:yfinance:HTTP Error 404: 
ERROR:yfinance:HTTP Error 404: 
ERROR:yfinance:HTTP Error 404: 
ERROR:yfinance:HTTP Error 404: 
ERROR:yfinance:HTTP Error 404: 
ERROR:yfinance:HTTP Error 404: 
ERROR:yfinance:HTTP Error 404: 
ERROR:yfinance:HTTP Error 404: 
ERROR:yfinance:HTTP Error 404: 
ERROR:yfinance:HTTP Error 404: 
ERROR:yfinance:HTTP Error 404: 
ERROR:yfinance:HTTP Error 404: 
ERROR:yfinance:HTTP Error 404: 
ERROR:yfinance:HTTP Error 404: 
ERROR:yfinance:Failed to perform, curl: (16) . See https://curl.se/libcurl/c/libcurl-errors.html first for more details.
ERROR:yfinance:HTTP Error 404: 
ERROR:yfinance:HTTP Error 404: 
ERROR:yfinance:HTTP Error 404: 
ERROR:yfinance:HTTP Error 404: 
ERROR:yfinance:HTTP Error 404: 
ERROR:yfinance:HTTP Error 404: 
ERROR:yfinance:HTTP Error 404: 
ERROR:yfinance:HTTP Error 404: 
ERROR:yfinance:HTTP Error 404: 
ERROR:yfinance:HTTP Error 404: 
ERROR:yfinance:HTTP Error 404: 
ERROR:yfinance:HTTP Error 404: 
ERROR:yfinance:HTTP Error 404: 
ERROR:yfinance:HTTP Error 404: 
ERROR:yfinance:HTTP Error 404: 
ERROR:yfinance:HTTP Error 404: 
ERROR:yfinance:HTTP Error 404: 
ERROR:yfinance:HTTP Error 500: 
ERROR:yfinance:HTTP Error 404: 
ERROR:yfinance:HTTP Error 500: 
ERROR:yfinance:HTTP Error 404: 
ERROR:yfinance:HTTP Error 404: 
ERROR:yfinance:HTTP Error 404: 
ERROR:yfinance:HTTP Error 404: 
ERROR:yfinance:HTTP Error 404: 
ERROR:yfinance:HTTP Error 404: 
ERROR:yfinance:HTTP Error 404: 
ERROR:yfinance:HTTP Error 404: 
ERROR:yfinance:HTTP Error 404: 
ERROR:yfinance:HTTP Error 404: 
ERROR:yfinance:HTTP Error 404: 
ERROR:yfinance:HTTP Error 404: 
ERROR:yfinance:HTTP Error 404: 
ERROR:yfinance:HTTP Error 404: 
ERROR:yfinance:HTTP Error 404: 
ERROR:yfinance:HTTP Error 404: 
ERROR:yfinance:HTTP Error 404: 
ERROR:yfinance:HTTP Error 404: 
ERROR:yfinance:HTTP Error 404: 
ERROR:yfinance:HTTP Error 404: 
ERROR:yfinance:HTTP Error 404: 
ERROR:yfinance:HTTP Error 404: 
ERROR:yfinance:HTTP Error 404: 
ERROR:yfinance:HTTP Error 404: 
ERROR:yfinance:HTTP Error 404: 
ERROR:yfinance:HTTP Error 404: 
ERROR:yfinance:HTTP Error 404: 
ERROR:yfinance:HTTP Error 404: 
ERROR:yfinance:HTTP Error 404: 
ERROR:yfinance:HTTP Error 404: 
ERROR:yfinance:$8219.T: possibly delisted; no price data found  (period=2y)
ERROR:yfinance:$NHHH.V: possibly delisted; no price data found  (period=2y)
ERROR:yfinance:HTTP Error 404: 
ERROR:yfinance:HTTP Error 404: 
ERROR:yfinance:HTTP Error 404: 
ERROR:yfinance:HTTP Error 404: 
ERROR:yfinance:HTTP Error 404: 
ERROR:yfinance:HTTP Error 404: 
ERROR:yfinance:HTTP Error 404: 
ERROR:yfinance:HTTP Error 404: 
ERROR:yfinance:HTTP Error 404: 
ERROR:yfinance:HTTP Error 404: 
ERROR:yfinance:HTTP Error 404: 
ERROR:yfinance:HTTP Error 404: 
ERROR:yfinance:HTTP Error 404: 
ERROR:yfinance:HTTP Error 404: 
ERROR:yfinance:HTTP Error 404: 
ERROR:yfinance:HTTP Error 404: 
ERROR:yfinance:HTTP Error 404: 
ERROR:yfinance:HTTP Error 404: 
ERROR:yfinance:HTTP Error 404: 
ERROR:yfinance:HTTP Error 404: 
ERROR:yfinance:HTTP Error 404: 
ERROR:yfinance:HTTP Error 404: 
ERROR:yfinance:HTTP Error 404: 
ERROR:yfinance:HTTP Error 404: 
ERROR:yfinance:HTTP Error 404: 
ERROR:yfinance:HTTP Error 404: 
ERROR:yfinance:HTTP Error 404: 
ERROR:yfinance:HTTP Error 404: 
ERROR:yfinance:HTTP Error 404: 
ERROR:yfinance:HTTP Error 404: 
ERROR:yfinance:HTTP Error 404: 
ERROR:yfinance:HTTP Error 404: 
ERROR:yfinance:HTTP Error 404: 
ERROR:yfinance:HTTP Error 404: 
ERROR:yfinance:HTTP Error 404: 
ERROR:yfinance:HTTP Error 404: 
ERROR:yfinance:HTTP Error 404: 
ERROR:yfinance:HTTP Error 404: 
ERROR:yfinance:HTTP Error 404: 
ERROR:yfinance:HTTP Error 404: 
ERROR:yfinance:HTTP Error 404: 
ERROR:yfinance:HTTP Error 404: 
ERROR:yfinance:HTTP Error 404: 
ERROR:yfinance:HTTP Error 404: 
ERROR:yfinance:HTTP Error 404: 
ERROR:yfinance:HTTP Error 404: 
ERROR:yfinance:HTTP Error 404: 
ERROR:yfinance:HTTP Error 404: 
ERROR:yfinance:HTTP Error 404: 
ERROR:yfinance:HTTP Error 404: 
ERROR:yfinance:HTTP Error 404: 
ERROR:yfinance:HTTP Error 404: 
ERROR:yfinance:HTTP Error 404: 
ERROR:yfinance:HTTP Error 404: 
ERROR:yfinance:HTTP Error 404: 
ERROR:yfinance:HTTP Error 404: 
ERROR:yfinance:HTTP Error 404: 
ERROR:yfinance:HTTP Error 404: 
ERROR:yfinance:HTTP Error 404: 
ERROR:yfinance:HTTP Error 404: 
ERROR:yfinance:HTTP Error 404: 
ERROR:yfinance:HTTP Error 404: 
ERROR:yfinance:HTTP Error 404: 
ERROR:yfinance:HTTP Error 404: 
ERROR:yfinance:HTTP Error 404: 
ERROR:yfinance:HTTP Error 404: 
ERROR:yfinance:HTTP Error 404: 
ERROR:yfinance:HTTP Error 404: 
ERROR:yfinance:HTTP Error 404: 
ERROR:yfinance:HTTP Error 404: 
ERROR:yfinance:HTTP Error 404: 
ERROR:yfinance:HTTP Error 404: 
ERROR:yfinance:HTTP Error 404: 
ERROR:yfinance:HTTP Error 404: 
ERROR:yfinance:HTTP Error 404: 
ERROR:yfinance:HTTP Error 404: 
ERROR:yfinance:HTTP Error 404: 
ERROR:yfinance:HTTP Error 404: 
ERROR:yfinance:HTTP Error 404: 
ERROR:yfinance:$WLI.WA: possibly delisted; no price data found  (period=2y) (Yahoo error = "No data found, symbol may be delisted")
ERROR:yfinance:$WLI.WA: possibly delisted; no price data found  (period=5d) (Yahoo error = "No data found, symbol may be delisted")
ERROR:yfinance:HTTP Error 404: 
ERROR:yfinance:HTTP Error 404: 
ERROR:yfinance:HTTP Error 404: 
ERROR:yfinance:HTTP Error 404: 
ERROR:yfinance:HTTP Error 404: 
ERROR:yfinance:HTTP Error 404: 
ERROR:yfinance:HTTP Error 404: 
ERROR:yfinance:HTTP Error 500: 
ERROR:yfinance:HTTP Error 404: 
ERROR:yfinance:HTTP Error 404: 
ERROR:yfinance:HTTP Error 404: 
ERROR:yfinance:HTTP Error 404: 
ERROR:yfinance:HTTP Error 404: 
ERROR:yfinance:HTTP Error 404: 
ERROR:yfinance:HTTP Error 404: 
ERROR:yfinance:HTTP Error 404: 
ERROR:yfinance:HTTP Error 404: 
ERROR:yfinance:HTTP Error 404: 
ERROR:yfinance:HTTP Error 404: 
ERROR:yfinance:HTTP Error 404: 
ERROR:yfinance:HTTP Error 404: 
ERROR:yfinance:HTTP Error 404: 
ERROR:yfinance:HTTP Error 404: 
ERROR:yfinance:HTTP Error 404: 
ERROR:yfinance:HTTP Error 404: 
ERROR:yfinance:HTTP Error 404: 
ERROR:yfinance:Failed to perform, curl: (16) . See https://curl.se/libcurl/c/libcurl-errors.html first for more details.
ERROR:yfinance:HTTP Error 404: 
ERROR:yfinance:HTTP Error 404: 
ERROR:yfinance:HTTP Error 404: 
ERROR:yfinance:HTTP Error 404: 
ERROR:yfinance:HTTP Error 404: 
ERROR:yfinance:HTTP Error 404: 
ERROR:yfinance:HTTP Error 404: 
ERROR:yfinance:HTTP Error 404: 
ERROR:yfinance:HTTP Error 404: 
ERROR:yfinance:HTTP Error 404: 
ERROR:yfinance:HTTP Error 404: 
ERROR:yfinance:HTTP Error 404: 
ERROR:yfinance:HTTP Error 404: 
ERROR:yfinance:HTTP Error 404: 
ERROR:yfinance:HTTP Error 404: 
ERROR:yfinance:Failed to get ticker '5707.T' reason: Failed to perform, curl: (16) . See https://curl.se/libcurl/c/libcurl-errors.html first for more details.
ERROR:yfinance:HTTP Error 404: 
ERROR:yfinance:HTTP Error 404: 
ERROR:yfinance:HTTP Error 404: 
ERROR:yfinance:HTTP Error 404: 
ERROR:yfinance:HTTP Error 500: 
ERROR:yfinance:HTTP Error 404: 
ERROR:yfinance:HTTP Error 500: 
ERROR:yfinance:HTTP Error 404: 
ERROR:yfinance:HTTP Error 404: 
ERROR:yfinance:HTTP Error 404: 
ERROR:yfinance:HTTP Error 404: 
ERROR:yfinance:HTTP Error 404: 
ERROR:yfinance:HTTP Error 404: 
ERROR:yfinance:HTTP Error 404: 
ERROR:yfinance:HTTP Error 404: 
ERROR:yfinance:HTTP Error 404: 
ERROR:yfinance:HTTP Error 404: 
ERROR:yfinance:HTTP Error 404: 
ERROR:yfinance:HTTP Error 404: 
ERROR:yfinance:HTTP Error 404: 
ERROR:yfinance:HTTP Error 404: 
ERROR:yfinance:HTTP Error 404: 
ERROR:yfinance:HTTP Error 404: 
ERROR:yfinance:HTTP Error 404: 
ERROR:yfinance:HTTP Error 404: 
ERROR:yfinance:HTTP Error 404: 
ERROR:yfinance:HTTP Error 404: 
ERROR:yfinance:HTTP Error 404: 
ERROR:yfinance:HTTP Error 404: 
ERROR:yfinance:HTTP Error 404: 
ERROR:yfinance:HTTP Error 404: 
ERROR:yfinance:HTTP Error 404: 
ERROR:yfinance:HTTP Error 404: 
ERROR:yfinance:HTTP Error 404: 
ERROR:yfinance:HTTP Error 404: 
ERROR:yfinance:HTTP Error 404: 
ERROR:yfinance:HTTP Error 404: 
ERROR:yfinance:HTTP Error 404: 
ERROR:yfinance:HTTP Error 404: 
ERROR:yfinance:HTTP Error 404: 
ERROR:yfinance:HTTP Error 404: 
ERROR:yfinance:HTTP Error 404: 
ERROR:yfinance:HTTP Error 404: 
ERROR:yfinance:HTTP Error 404: 
ERROR:yfinance:HTTP Error 404: 
ERROR:yfinance:HTTP Error 404: 
ERROR:yfinance:HTTP Error 404: 
ERROR:yfinance:HTTP Error 404: 
ERROR:yfinance:HTTP Error 404: 
ERROR:yfinance:HTTP Error 404: 
ERROR:yfinance:HTTP Error 404: 
ERROR:yfinance:HTTP Error 404: 
ERROR:yfinance:HTTP Error 404: 
ERROR:yfinance:HTTP Error 404: 
ERROR:yfinance:HTTP Error 404: 
ERROR:yfinance:HTTP Error 404: 
ERROR:yfinance:HTTP Error 404: 
ERROR:yfinance:HTTP Error 404: 
ERROR:yfinance:HTTP Error 404: 
ERROR:yfinance:HTTP Error 404: 
ERROR:yfinance:HTTP Error 404: 
ERROR:yfinance:HTTP Error 404: 
ERROR:yfinance:Failed to perform, curl: (16) . See https://curl.se/libcurl/c/libcurl-errors.html first for more details.
ERROR:yfinance:HTTP Error 404: 
ERROR:yfinance:HTTP Error 404: 
ERROR:yfinance:HTTP Error 404: 
ERROR:yfinance:HTTP Error 404: 
ERROR:yfinance:HTTP Error 404: 
ERROR:yfinance:HTTP Error 404: 
ERROR:yfinance:HTTP Error 404: 
ERROR:yfinance:HTTP Error 404: 
ERROR:yfinance:HTTP Error 404: 
ERROR:yfinance:HTTP Error 404: 
ERROR:yfinance:HTTP Error 404: 
ERROR:yfinance:HTTP Error 404: 
ERROR:yfinance:HTTP Error 404: 
ERROR:yfinance:HTTP Error 404: 
ERROR:yfinance:HTTP Error 404: 
ERROR:yfinance:HTTP Error 404: 
ERROR:yfinance:HTTP Error 404: 
ERROR:yfinance:HTTP Error 404: 
ERROR:yfinance:HTTP Error 404: 
ERROR:yfinance:HTTP Error 404: 
ERROR:yfinance:HTTP Error 404: 
ERROR:yfinance:HTTP Error 404: 
ERROR:yfinance:HTTP Error 404: 
ERROR:yfinance:HTTP Error 404: 
ERROR:yfinance:HTTP Error 404: 
ERROR:yfinance:HTTP Error 404: 
ERROR:yfinance:HTTP Error 404: 
ERROR:yfinance:HTTP Error 404: 
ERROR:yfinance:HTTP Error 404: 
ERROR:yfinance:HTTP Error 404: 
ERROR:yfinance:HTTP Error 404: 
ERROR:yfinance:HTTP Error 404: 
ERROR:yfinance:HTTP Error 404: 
ERROR:yfinance:HTTP Error 404: 
ERROR:yfinance:HTTP Error 404: 
ERROR:yfinance:HTTP Error 404: 
ERROR:yfinance:HTTP Error 404: 
ERROR:yfinance:HTTP Error 404: 
ERROR:yfinance:HTTP Error 404: 
ERROR:yfinance:HTTP Error 404: 
ERROR:yfinance:HTTP Error 404: 
ERROR:yfinance:HTTP Error 404: 
ERROR:yfinance:HTTP Error 404: 
ERROR:yfinance:HTTP Error 404: 
ERROR:yfinance:HTTP Error 404: 
ERROR:yfinance:HTTP Error 404: 
ERROR:yfinance:HTTP Error 404: 
ERROR:yfinance:HTTP Error 404: 
ERROR:yfinance:HTTP Error 404: 
ERROR:yfinance:HTTP Error 404: 
ERROR:yfinance:HTTP Error 404: 
ERROR:yfinance:HTTP Error 404: 
ERROR:yfinance:HTTP Error 404: 
ERROR:yfinance:HTTP Error 404: 
ERROR:yfinance:$WLI.WA: possibly delisted; no price data found  (period=2y) (Yahoo error = "No data found, symbol may be delisted")
ERROR:yfinance:$WLI.WA: possibly delisted; no price data found  (period=5d) (Yahoo error = "No data found, symbol may be delisted")
ERROR:yfinance:HTTP Error 404: 
ERROR:yfinance:HTTP Error 404: 
ERROR:yfinance:HTTP Error 404: 
ERROR:yfinance:HTTP Error 404: 
ERROR:yfinance:HTTP Error 404: 
ERROR:yfinance:HTTP Error 404: 
ERROR:yfinance:HTTP Error 404: 
ERROR:yfinance:HTTP Error 500: 
ERROR:yfinance:HTTP Error 404: 
ERROR:yfinance:HTTP Error 404: 
ERROR:yfinance:HTTP Error 404: 
ERROR:yfinance:HTTP Error 404: 
ERROR:yfinance:HTTP Error 404: 
ERROR:yfinance:HTTP Error 404: 
ERROR:yfinance:HTTP Error 404: 
ERROR:yfinance:HTTP Error 404: 
ERROR:yfinance:HTTP Error 404: 
ERROR:yfinance:HTTP Error 404: 
ERROR:yfinance:HTTP Error 404: 
ERROR:yfinance:HTTP Error 404: 
ERROR:yfinance:HTTP Error 404: 
ERROR:yfinance:HTTP Error 404: 
ERROR:yfinance:HTTP Error 404: 
ERROR:yfinance:HTTP Error 404: 
ERROR:yfinance:HTTP Error 404: 
ERROR:yfinance:HTTP Error 404: 
ERROR:yfinance:HTTP Error 404: 
ERROR:yfinance:Failed to perform, curl: (16) . See https://curl.se/libcurl/c/libcurl-errors.html first for more details.
ERROR:yfinance:HTTP Error 404: 
ERROR:yfinance:HTTP Error 404: 
ERROR:yfinance:HTTP Error 404: 
ERROR:yfinance:HTTP Error 404: 
ERROR:yfinance:HTTP Error 404: 
ERROR:yfinance:HTTP Error 404: 
ERROR:yfinance:HTTP Error 404: 
ERROR:yfinance:HTTP Error 404: 
ERROR:yfinance:HTTP Error 404: 
ERROR:yfinance:HTTP Error 404: 
ERROR:yfinance:HTTP Error 404: 
ERROR:yfinance:HTTP Error 404: 
ERROR:yfinance:HTTP Error 404: 
ERROR:yfinance:HTTP Error 404: 
ERROR:yfinance:HTTP Error 404: 
ERROR:yfinance:HTTP Error 404: 
ERROR:yfinance:HTTP Error 404: 
ERROR:yfinance:HTTP Error 404: 
ERROR:yfinance:HTTP Error 500: 
ERROR:yfinance:HTTP Error 404: 
ERROR:yfinance:HTTP Error 500: 
ERROR:yfinance:HTTP Error 404: 
ERROR:yfinance:HTTP Error 404: 
ERROR:yfinance:HTTP Error 404: 
ERROR:yfinance:HTTP Error 404: 
ERROR:yfinance:HTTP Error 404: 
ERROR:yfinance:HTTP Error 404: 
ERROR:yfinance:HTTP Error 404: 
ERROR:yfinance:HTTP Error 404: 
ERROR:yfinance:HTTP Error 404: 
ERROR:yfinance:HTTP Error 404: 
ERROR:yfinance:HTTP Error 404: 
ERROR:yfinance:HTTP Error 404: 
ERROR:yfinance:HTTP Error 404: 
ERROR:yfinance:HTTP Error 404: 
ERROR:yfinance:HTTP Error 404: 
ERROR:yfinance:HTTP Error 404: 
ERROR:yfinance:HTTP Error 404: 
ERROR:yfinance:HTTP Error 404: 
ERROR:yfinance:HTTP Error 404: 
ERROR:yfinance:HTTP Error 404: 
ERROR:yfinance:HTTP Error 404: 
ERROR:yfinance:HTTP Error 404: 
ERROR:yfinance:HTTP Error 404: 
ERROR:yfinance:HTTP Error 404: 
ERROR:yfinance:HTTP Error 404: 
ERROR:yfinance:HTTP Error 404: 
ERROR:yfinance:HTTP Error 404: 
ERROR:yfinance:HTTP Error 404: 
ERROR:yfinance:HTTP Error 404: 
ERROR:yfinance:HTTP Error 404: 
ERROR:yfinance:HTTP Error 404: 
ERROR:yfinance:HTTP Error 404: 
ERROR:yfinance:HTTP Error 404: 
ERROR:yfinance:HTTP Error 404: 
ERROR:yfinance:HTTP Error 404: 
ERROR:yfinance:HTTP Error 404: 
ERROR:yfinance:HTTP Error 404: 
ERROR:yfinance:HTTP Error 404: 
ERROR:yfinance:HTTP Error 404: 
ERROR:yfinance:HTTP Error 404: 
ERROR:yfinance:HTTP Error 404: 
ERROR:yfinance:HTTP Error 404: 
ERROR:yfinance:HTTP Error 404: 
ERROR:yfinance:HTTP Error 404: 
ERROR:yfinance:HTTP Error 404: 
ERROR:yfinance:HTTP Error 404: 
ERROR:yfinance:HTTP Error 404: 
ERROR:yfinance:HTTP Error 404: 
ERROR:yfinance:HTTP Error 404: 
ERROR:yfinance:HTTP Error 404: 
ERROR:yfinance:HTTP Error 404: 
ERROR:yfinance:HTTP Error 404: 
ERROR:yfinance:HTTP Error 404: 
ERROR:yfinance:HTTP Error 404: 
ERROR:yfinance:HTTP Error 404: 
ERROR:yfinance:Failed to perform, curl: (16) . See https://curl.se/libcurl/c/libcurl-errors.html first for more details.
ERROR:yfinance:Failed to get ticker 'BPE.MI' reason: Failed to perform, curl: (16) . See https://curl.se/libcurl/c/libcurl-errors.html first for more details.
ERROR:yfinance:HTTP Error 404: 
ERROR:yfinance:HTTP Error 404: 
ERROR:yfinance:HTTP Error 404: 
ERROR:yfinance:HTTP Error 404: 
ERROR:yfinance:HTTP Error 404: 
ERROR:yfinance:HTTP Error 404: 
ERROR:yfinance:HTTP Error 404: 
ERROR:yfinance:HTTP Error 404: 
ERROR:yfinance:HTTP Error 404: 
ERROR:yfinance:HTTP Error 404: 
ERROR:yfinance:HTTP Error 404: 
ERROR:yfinance:HTTP Error 404: 
ERROR:yfinance:HTTP Error 404: 
ERROR:yfinance:HTTP Error 404: 
ERROR:yfinance:HTTP Error 404: 
ERROR:yfinance:HTTP Error 404: 
ERROR:yfinance:HTTP Error 404: 
ERROR:yfinance:HTTP Error 404: 
ERROR:yfinance:HTTP Error 404: 
ERROR:yfinance:HTTP Error 404: 
ERROR:yfinance:HTTP Error 404: 
ERROR:yfinance:HTTP Error 404: 
ERROR:yfinance:HTTP Error 404: 
ERROR:yfinance:HTTP Error 404: 
ERROR:yfinance:HTTP Error 404: 
ERROR:yfinance:HTTP Error 404: 
ERROR:yfinance:HTTP Error 404: 
ERROR:yfinance:HTTP Error 404: 
ERROR:yfinance:HTTP Error 404: 
ERROR:yfinance:HTTP Error 404: 
ERROR:yfinance:HTTP Error 404: 
ERROR:yfinance:HTTP Error 404: 
ERROR:yfinance:HTTP Error 404: 
ERROR:yfinance:HTTP Error 404: 
ERROR:yfinance:HTTP Error 404: 
ERROR:yfinance:HTTP Error 404: 
ERROR:yfinance:HTTP Error 404: 
ERROR:yfinance:HTTP Error 404: 
ERROR:yfinance:HTTP Error 404: 
ERROR:yfinance:HTTP Error 404: 
ERROR:yfinance:HTTP Error 404: 
ERROR:yfinance:HTTP Error 404: 
ERROR:yfinance:HTTP Error 404: 
ERROR:yfinance:HTTP Error 404: 
ERROR:yfinance:HTTP Error 404: 
ERROR:yfinance:HTTP Error 404: 
ERROR:yfinance:HTTP Error 404: 
ERROR:yfinance:HTTP Error 404: 
ERROR:yfinance:HTTP Error 404: 
ERROR:yfinance:HTTP Error 404: 
ERROR:yfinance:HTTP Error 404: 
ERROR:yfinance:HTTP Error 404: 
ERROR:yfinance:HTTP Error 404: 
ERROR:yfinance:HTTP Error 404: 
ERROR:yfinance:$WLI.WA: possibly delisted; no price data found  (period=2y) (Yahoo error = "No data found, symbol may be delisted")
ERROR:yfinance:$WLI.WA: possibly delisted; no price data found  (period=5d) (Yahoo error = "No data found, symbol may be delisted")
ERROR:yfinance:HTTP Error 404: 
ERROR:yfinance:HTTP Error 404: 
ERROR:yfinance:HTTP Error 404: 
ERROR:yfinance:HTTP Error 404: 
ERROR:yfinance:HTTP Error 404: 
ERROR:yfinance:HTTP Error 404: 
ERROR:yfinance:HTTP Error 404: 
ERROR:yfinance:HTTP Error 500: 
ERROR:yfinance:HTTP Error 404: 
ERROR:yfinance:HTTP Error 404: 
ERROR:yfinance:HTTP Error 404: 
ERROR:yfinance:HTTP Error 404: 
ERROR:yfinance:HTTP Error 404: 
ERROR:yfinance:HTTP Error 404: 
ERROR:yfinance:HTTP Error 404: 
ERROR:yfinance:HTTP Error 404: 
ERROR:yfinance:HTTP Error 404: 
ERROR:yfinance:HTTP Error 404: 
ERROR:yfinance:HTTP Error 404: 
ERROR:yfinance:HTTP Error 404: 
ERROR:yfinance:HTTP Error 404: 
ERROR:yfinance:HTTP Error 404: 
ERROR:yfinance:HTTP Error 404: 
ERROR:yfinance:HTTP Error 404: 
ERROR:yfinance:HTTP Error 404: 
ERROR:yfinance:HTTP Error 404: 
ERROR:yfinance:HTTP Error 404: 
ERROR:yfinance:HTTP Error 404: 
ERROR:yfinance:HTTP Error 404: 
ERROR:yfinance:HTTP Error 404: 
ERROR:yfinance:HTTP Error 404: 
ERROR:yfinance:HTTP Error 404: 
ERROR:yfinance:HTTP Error 404: 
ERROR:yfinance:HTTP Error 404: 
ERROR:yfinance:HTTP Error 404: 
ERROR:yfinance:HTTP Error 404: 
ERROR:yfinance:HTTP Error 404: 
ERROR:yfinance:HTTP Error 404: 
ERROR:yfinance:HTTP Error 404: 
ERROR:yfinance:HTTP Error 404: 
ERROR:yfinance:HTTP Error 404: 
ERROR:yfinance:HTTP Error 404: 
ERROR:yfinance:HTTP Error 404: 
ERROR:yfinance:HTTP Error 404: 
ERROR:yfinance:HTTP Error 404: 
ERROR:yfinance:HTTP Error 500: 
ERROR:yfinance:HTTP Error 404: 
ERROR:yfinance:HTTP Error 500: 
ERROR:yfinance:HTTP Error 404: 
ERROR:yfinance:HTTP Error 404: 
ERROR:yfinance:HTTP Error 404: 
ERROR:yfinance:HTTP Error 404: 
ERROR:yfinance:HTTP Error 404: 
ERROR:yfinance:HTTP Error 404: 
ERROR:yfinance:HTTP Error 404: 
ERROR:yfinance:HTTP Error 404: 
ERROR:yfinance:HTTP Error 404: 
ERROR:yfinance:HTTP Error 404: 
ERROR:yfinance:HTTP Error 404: 
ERROR:yfinance:HTTP Error 404: 
ERROR:yfinance:HTTP Error 404: 
ERROR:yfinance:HTTP Error 404: 
ERROR:yfinance:HTTP Error 404: 
ERROR:yfinance:HTTP Error 404: 
ERROR:yfinance:HTTP Error 404: 
ERROR:yfinance:HTTP Error 404: 
ERROR:yfinance:HTTP Error 404: 
ERROR:yfinance:HTTP Error 404: 
ERROR:yfinance:HTTP Error 404: 
ERROR:yfinance:HTTP Error 404: 
ERROR:yfinance:HTTP Error 404: 
ERROR:yfinance:HTTP Error 404: 
ERROR:yfinance:HTTP Error 404: 
ERROR:yfinance:HTTP Error 404: 
ERROR:yfinance:HTTP Error 404: 
ERROR:yfinance:HTTP Error 404: 
ERROR:yfinance:HTTP Error 404: 
ERROR:yfinance:HTTP Error 404: 
ERROR:yfinance:HTTP Error 404: 
ERROR:yfinance:HTTP Error 404: 
ERROR:yfinance:HTTP Error 404: 
ERROR:yfinance:HTTP Error 404: 
ERROR:yfinance:HTTP Error 404: 
ERROR:yfinance:HTTP Error 404: 
ERROR:yfinance:HTTP Error 404: 
ERROR:yfinance:HTTP Error 404: 
ERROR:yfinance:HTTP Error 404: 
ERROR:yfinance:HTTP Error 404: 
ERROR:yfinance:HTTP Error 404: 
ERROR:yfinance:HTTP Error 404: 
ERROR:yfinance:HTTP Error 404: 
ERROR:yfinance:HTTP Error 404: 
ERROR:yfinance:HTTP Error 404: 
ERROR:yfinance:HTTP Error 404: 
ERROR:yfinance:HTTP Error 404: 
ERROR:yfinance:HTTP Error 404: 
ERROR:yfinance:HTTP Error 404: 
ERROR:yfinance:HTTP Error 404: 
ERROR:yfinance:HTTP Error 404: 
ERROR:yfinance:HTTP Error 404: 
ERROR:yfinance:HTTP Error 404: 
ERROR:yfinance:HTTP Error 404: 
ERROR:yfinance:HTTP Error 404: 
ERROR:yfinance:Failed to perform, curl: (16) . See https://curl.se/libcurl/c/libcurl-errors.html first for more details.
ERROR:yfinance:HTTP Error 404: 
ERROR:yfinance:HTTP Error 404: 
ERROR:yfinance:HTTP Error 404: 
ERROR:yfinance:HTTP Error 404: 
ERROR:yfinance:HTTP Error 404: 
ERROR:yfinance:HTTP Error 404: 
ERROR:yfinance:HTTP Error 404: 
ERROR:yfinance:HTTP Error 404: 
ERROR:yfinance:HTTP Error 404: 
ERROR:yfinance:HTTP Error 404: 
ERROR:yfinance:HTTP Error 404: 
ERROR:yfinance:HTTP Error 404: 
ERROR:yfinance:HTTP Error 404: 
ERROR:yfinance:HTTP Error 404: 
ERROR:yfinance:HTTP Error 404: 
ERROR:yfinance:HTTP Error 404: 
ERROR:yfinance:HTTP Error 404: 
ERROR:yfinance:HTTP Error 404: 
ERROR:yfinance:HTTP Error 404: 
ERROR:yfinance:HTTP Error 404: 
ERROR:yfinance:HTTP Error 404: 
ERROR:yfinance:HTTP Error 404: 
ERROR:yfinance:HTTP Error 404: 
ERROR:yfinance:HTTP Error 503: 
ERROR:yfinance:HTTP Error 503: 
ERROR:yfinance:HTTP Error 404: 
ERROR:yfinance:HTTP Error 404: 
ERROR:yfinance:HTTP Error 404: 
ERROR:yfinance:HTTP Error 404: 
ERROR:yfinance:HTTP Error 404: 
ERROR:yfinance:HTTP Error 404: 
ERROR:yfinance:HTTP Error 404: 
ERROR:yfinance:HTTP Error 404: 
ERROR:yfinance:HTTP Error 404: 
ERROR:yfinance:HTTP Error 404: 
ERROR:yfinance:HTTP Error 404: 
ERROR:yfinance:HTTP Error 404: 
ERROR:yfinance:HTTP Error 404: 
ERROR:yfinance:HTTP Error 404: 
ERROR:yfinance:HTTP Error 404: 
ERROR:yfinance:HTTP Error 404: 
ERROR:yfinance:HTTP Error 404: 
ERROR:yfinance:HTTP Error 404: 
ERROR:yfinance:HTTP Error 404: 
ERROR:yfinance:HTTP Error 404: 
ERROR:yfinance:HTTP Error 404: 
ERROR:yfinance:HTTP Error 404: 
ERROR:yfinance:HTTP Error 404: 
ERROR:yfinance:HTTP Error 404: 
ERROR:yfinance:HTTP Error 404: 
ERROR:yfinance:HTTP Error 404: 
ERROR:yfinance:HTTP Error 404: 
ERROR:yfinance:HTTP Error 404: 
ERROR:yfinance:HTTP Error 404: 
ERROR:yfinance:HTTP Error 404: 
ERROR:yfinance:HTTP Error 404: 
ERROR:yfinance:$WLI.WA: possibly delisted; no price data found  (period=2y) (Yahoo error = "No data found, symbol may be delisted")
ERROR:yfinance:$WLI.WA: possibly delisted; no price data found  (period=5d) (Yahoo error = "No data found, symbol may be delisted")
ERROR:yfinance:HTTP Error 404: 
ERROR:yfinance:HTTP Error 404: 
ERROR:yfinance:HTTP Error 404: 
ERROR:yfinance:HTTP Error 404: 
ERROR:yfinance:HTTP Error 404: 
ERROR:yfinance:HTTP Error 404: 
ERROR:yfinance:HTTP Error 404: 
ERROR:yfinance:HTTP Error 500: 
ERROR:yfinance:HTTP Error 404: 
ERROR:yfinance:HTTP Error 404: 
ERROR:yfinance:HTTP Error 404: 
ERROR:yfinance:HTTP Error 404: 
ERROR:yfinance:HTTP Error 404: 
ERROR:yfinance:HTTP Error 404: 
ERROR:yfinance:HTTP Error 404: 
ERROR:yfinance:HTTP Error 404: 
ERROR:yfinance:HTTP Error 404: 
ERROR:yfinance:HTTP Error 404: 
ERROR:yfinance:HTTP Error 404: 
ERROR:yfinance:HTTP Error 404: 
ERROR:yfinance:HTTP Error 404: 
ERROR:yfinance:HTTP Error 404: 
ERROR:yfinance:HTTP Error 404: 
ERROR:yfinance:HTTP Error 404: 
ERROR:yfinance:HTTP Error 404: 
ERROR:yfinance:HTTP Error 404: 
ERROR:yfinance:HTTP Error 404: 
ERROR:yfinance:HTTP Error 404: 
ERROR:yfinance:Failed to perform, curl: (16) . See https://curl.se/libcurl/c/libcurl-errors.html first for more details.
ERROR:yfinance:HTTP Error 404: 
ERROR:yfinance:HTTP Error 404: 
ERROR:yfinance:HTTP Error 404: 
ERROR:yfinance:HTTP Error 404: 
ERROR:yfinance:HTTP Error 404: 
ERROR:yfinance:HTTP Error 404: 
ERROR:yfinance:HTTP Error 404: 
ERROR:yfinance:HTTP Error 404: 
ERROR:yfinance:HTTP Error 404: 
ERROR:yfinance:HTTP Error 404: 
ERROR:yfinance:HTTP Error 404: 
ERROR:yfinance:HTTP Error 404: 
ERROR:yfinance:HTTP Error 404: 
ERROR:yfinance:HTTP Error 404: 
ERROR:yfinance:HTTP Error 404: 
ERROR:yfinance:HTTP Error 404: 
ERROR:yfinance:HTTP Error 404: 
ERROR:yfinance:HTTP Error 500: 
ERROR:yfinance:HTTP Error 404: 
ERROR:yfinance:HTTP Error 500: 
ERROR:yfinance:HTTP Error 404: 
ERROR:yfinance:HTTP Error 404: 
ERROR:yfinance:HTTP Error 404: 
ERROR:yfinance:HTTP Error 404: 
ERROR:yfinance:HTTP Error 404: 
ERROR:yfinance:HTTP Error 404: 
ERROR:yfinance:HTTP Error 404: 
ERROR:yfinance:HTTP Error 404: 
ERROR:yfinance:HTTP Error 404: 
ERROR:yfinance:HTTP Error 404: 
ERROR:yfinance:HTTP Error 404: 
ERROR:yfinance:HTTP Error 404: 
ERROR:yfinance:HTTP Error 404: 
ERROR:yfinance:HTTP Error 404: 
ERROR:yfinance:HTTP Error 404: 
ERROR:yfinance:HTTP Error 404: 
ERROR:yfinance:HTTP Error 404: 
ERROR:yfinance:HTTP Error 404: 
ERROR:yfinance:HTTP Error 404: 
ERROR:yfinance:HTTP Error 404: 
ERROR:yfinance:HTTP Error 404: 
ERROR:yfinance:HTTP Error 404: 
ERROR:yfinance:HTTP Error 404: 
ERROR:yfinance:HTTP Error 404: 
ERROR:yfinance:HTTP Error 404: 
ERROR:yfinance:HTTP Error 404: 
ERROR:yfinance:HTTP Error 404: 
ERROR:yfinance:HTTP Error 404: 
ERROR:yfinance:HTTP Error 404: 
ERROR:yfinance:HTTP Error 404: 
ERROR:yfinance:HTTP Error 404: 
ERROR:yfinance:HTTP Error 404: 
ERROR:yfinance:HTTP Error 404: 
ERROR:yfinance:HTTP Error 404: 
ERROR:yfinance:HTTP Error 404: 
ERROR:yfinance:HTTP Error 404: 
ERROR:yfinance:HTTP Error 404: 
ERROR:yfinance:HTTP Error 404: 
ERROR:yfinance:HTTP Error 404: 
ERROR:yfinance:HTTP Error 404: 
ERROR:yfinance:HTTP Error 404: 
ERROR:yfinance:HTTP Error 404: 
ERROR:yfinance:HTTP Error 404: 
ERROR:yfinance:HTTP Error 404: 
ERROR:yfinance:HTTP Error 404: 
ERROR:yfinance:HTTP Error 404: 
ERROR:yfinance:HTTP Error 404: 
ERROR:yfinance:HTTP Error 404: 
ERROR:yfinance:HTTP Error 404: 
ERROR:yfinance:HTTP Error 404: 
ERROR:yfinance:HTTP Error 404: 
ERROR:yfinance:HTTP Error 404: 
ERROR:yfinance:HTTP Error 404: 
ERROR:yfinance:HTTP Error 404: 
ERROR:yfinance:HTTP Error 404: 
ERROR:yfinance:Failed to perform, curl: (16) . See https://curl.se/libcurl/c/libcurl-errors.html first for more details.
ERROR:yfinance:HTTP Error 404: 
ERROR:yfinance:HTTP Error 404: 
ERROR:yfinance:HTTP Error 404: 
ERROR:yfinance:HTTP Error 404: 
ERROR:yfinance:HTTP Error 404: 
ERROR:yfinance:HTTP Error 404: 
ERROR:yfinance:HTTP Error 404: 
ERROR:yfinance:HTTP Error 404: 
ERROR:yfinance:HTTP Error 404: 
ERROR:yfinance:HTTP Error 404: 
ERROR:yfinance:HTTP Error 404: 
ERROR:yfinance:HTTP Error 404: 
ERROR:yfinance:HTTP Error 404: 
ERROR:yfinance:HTTP Error 404: 
ERROR:yfinance:HTTP Error 404: 
ERROR:yfinance:HTTP Error 404: 
ERROR:yfinance:HTTP Error 404: 
ERROR:yfinance:HTTP Error 404: 
ERROR:yfinance:HTTP Error 404: 
ERROR:yfinance:HTTP Error 404: 
ERROR:yfinance:HTTP Error 404: 
ERROR:yfinance:HTTP Error 404: 
ERROR:yfinance:HTTP Error 404: 
ERROR:yfinance:HTTP Error 404: 
ERROR:yfinance:HTTP Error 404: 
ERROR:yfinance:HTTP Error 404: 
ERROR:yfinance:HTTP Error 404: 
ERROR:yfinance:HTTP Error 404: 
ERROR:yfinance:HTTP Error 404: 
ERROR:yfinance:HTTP Error 404: 
ERROR:yfinance:HTTP Error 404: 
ERROR:yfinance:HTTP Error 404: 
ERROR:yfinance:HTTP Error 404: 
ERROR:yfinance:HTTP Error 404: 
ERROR:yfinance:HTTP Error 404: 
ERROR:yfinance:HTTP Error 404: 
ERROR:yfinance:HTTP Error 404: 
ERROR:yfinance:HTTP Error 404: 
ERROR:yfinance:HTTP Error 404: 
ERROR:yfinance:HTTP Error 404: 
ERROR:yfinance:HTTP Error 404: 
ERROR:yfinance:HTTP Error 404: 
ERROR:yfinance:HTTP Error 404: 
ERROR:yfinance:HTTP Error 404: 
ERROR:yfinance:HTTP Error 404: 
ERROR:yfinance:HTTP Error 404: 
ERROR:yfinance:HTTP Error 404: 
ERROR:yfinance:HTTP Error 404: 
ERROR:yfinance:HTTP Error 404: 
ERROR:yfinance:HTTP Error 404: 
ERROR:yfinance:HTTP Error 502: 
ERROR:yfinance:HTTP Error 404: 
ERROR:yfinance:HTTP Error 404: 
ERROR:yfinance:HTTP Error 404: 
ERROR:yfinance:HTTP Error 404: 
ERROR:yfinance:HTTP Error 502: 
ERROR:yfinance:HTTP Error 502: 
ERROR:yfinance:$WLI.WA: possibly delisted; no price data found  (period=2y) (Yahoo error = "No data found, symbol may be delisted")
ERROR:yfinance:$WLI.WA: possibly delisted; no price data found  (period=5d) (Yahoo error = "No data found, symbol may be delisted")
ERROR:yfinance:HTTP Error 404: 
ERROR:yfinance:HTTP Error 404: 
ERROR:yfinance:HTTP Error 404: 
ERROR:yfinance:HTTP Error 404: 
ERROR:yfinance:HTTP Error 404: 
ERROR:yfinance:HTTP Error 404: 
ERROR:yfinance:HTTP Error 404: 
ERROR:yfinance:HTTP Error 500: 
ERROR:yfinance:HTTP Error 404: 
ERROR:yfinance:HTTP Error 404: 
ERROR:yfinance:HTTP Error 404: 
ERROR:yfinance:HTTP Error 404: 
ERROR:yfinance:HTTP Error 404: 
ERROR:yfinance:HTTP Error 404: 
ERROR:yfinance:HTTP Error 404: 
ERROR:yfinance:HTTP Error 404: 
ERROR:yfinance:HTTP Error 404: 
ERROR:yfinance:HTTP Error 404: 
ERROR:yfinance:HTTP Error 404: 
ERROR:yfinance:HTTP Error 404: 
ERROR:yfinance:HTTP Error 404: 
ERROR:yfinance:HTTP Error 404: 
ERROR:yfinance:HTTP Error 404: 
ERROR:yfinance:HTTP Error 404: 
ERROR:yfinance:HTTP Error 404: 
ERROR:yfinance:Failed to perform, curl: (16) . See https://curl.se/libcurl/c/libcurl-errors.html first for more details.
ERROR:yfinance:HTTP Error 404: 
ERROR:yfinance:HTTP Error 404: 
ERROR:yfinance:HTTP Error 404: 
ERROR:yfinance:HTTP Error 404: 
ERROR:yfinance:HTTP Error 404: 
ERROR:yfinance:HTTP Error 404: 
ERROR:yfinance:HTTP Error 404: 
ERROR:yfinance:HTTP Error 404: 
ERROR:yfinance:HTTP Error 404: 
ERROR:yfinance:HTTP Error 404: 
ERROR:yfinance:HTTP Error 404: 
ERROR:yfinance:HTTP Error 404: 
ERROR:yfinance:HTTP Error 404: 
ERROR:yfinance:HTTP Error 404: 
ERROR:yfinance:HTTP Error 404: 
ERROR:yfinance:HTTP Error 404: 
ERROR:yfinance:HTTP Error 404: 
ERROR:yfinance:HTTP Error 404: 
ERROR:yfinance:HTTP Error 404: 
ERROR:yfinance:HTTP Error 404: 
ERROR:yfinance:HTTP Error 500: 
ERROR:yfinance:HTTP Error 404: 
ERROR:yfinance:HTTP Error 500: 
ERROR:yfinance:HTTP Error 404: 
ERROR:yfinance:HTTP Error 404: 
ERROR:yfinance:HTTP Error 404: 
ERROR:yfinance:HTTP Error 404: 
ERROR:yfinance:HTTP Error 404: 
ERROR:yfinance:HTTP Error 404: 
ERROR:yfinance:HTTP Error 404: 
ERROR:yfinance:HTTP Error 404: 
ERROR:yfinance:HTTP Error 404: 
ERROR:yfinance:HTTP Error 404: 
ERROR:yfinance:HTTP Error 404: 
ERROR:yfinance:HTTP Error 404: 
ERROR:yfinance:HTTP Error 404: 
ERROR:yfinance:HTTP Error 404: 
ERROR:yfinance:HTTP Error 404: 
ERROR:yfinance:HTTP Error 404: 
ERROR:yfinance:HTTP Error 404: 
ERROR:yfinance:HTTP Error 404: 
ERROR:yfinance:HTTP Error 404: 
ERROR:yfinance:HTTP Error 404: 
ERROR:yfinance:HTTP Error 404: 
ERROR:yfinance:HTTP Error 404: 
ERROR:yfinance:HTTP Error 404: 
ERROR:yfinance:HTTP Error 404: 
ERROR:yfinance:HTTP Error 404: 
ERROR:yfinance:HTTP Error 404: 
ERROR:yfinance:HTTP Error 404: 
ERROR:yfinance:HTTP Error 404: 
ERROR:yfinance:HTTP Error 404: 
ERROR:yfinance:HTTP Error 404: 
ERROR:yfinance:HTTP Error 404: 
ERROR:yfinance:HTTP Error 404: 
ERROR:yfinance:HTTP Error 404: 
ERROR:yfinance:HTTP Error 404: 
ERROR:yfinance:HTTP Error 404: 
ERROR:yfinance:HTTP Error 404: 
ERROR:yfinance:HTTP Error 404: 
ERROR:yfinance:HTTP Error 404: 
ERROR:yfinance:HTTP Error 404: 
ERROR:yfinance:HTTP Error 404: 
ERROR:yfinance:HTTP Error 404: 
ERROR:yfinance:HTTP Error 404: 
ERROR:yfinance:HTTP Error 404: 
ERROR:yfinance:HTTP Error 404: 
ERROR:yfinance:HTTP Error 404: 
ERROR:yfinance:HTTP Error 404: 
ERROR:yfinance:HTTP Error 404: 
ERROR:yfinance:HTTP Error 404: 
ERROR:yfinance:HTTP Error 404: 
ERROR:yfinance:HTTP Error 404: 
ERROR:yfinance:HTTP Error 404: 
ERROR:yfinance:HTTP Error 404: 
ERROR:yfinance:HTTP Error 404: 
ERROR:yfinance:HTTP Error 404: 
ERROR:yfinance:HTTP Error 404: 
ERROR:yfinance:Failed to get ticker 'TTALO.HE' reason: Failed to perform, curl: (16) . See https://curl.se/libcurl/c/libcurl-errors.html first for more details.
ERROR:yfinance:HTTP Error 404: 
ERROR:yfinance:HTTP Error 404: 
ERROR:yfinance:HTTP Error 404: 
ERROR:yfinance:HTTP Error 404: 
ERROR:yfinance:HTTP Error 404: 
ERROR:yfinance:HTTP Error 404: 
ERROR:yfinance:HTTP Error 404: 
ERROR:yfinance:HTTP Error 404: 
ERROR:yfinance:HTTP Error 404: 
ERROR:yfinance:HTTP Error 404: 
ERROR:yfinance:HTTP Error 404: 
ERROR:yfinance:HTTP Error 404: 
ERROR:yfinance:HTTP Error 404: 
ERROR:yfinance:HTTP Error 404: 
ERROR:yfinance:HTTP Error 404: 
ERROR:yfinance:HTTP Error 404: 
ERROR:yfinance:HTTP Error 404: 
ERROR:yfinance:HTTP Error 404: 
ERROR:yfinance:HTTP Error 404: 
ERROR:yfinance:HTTP Error 404: 
ERROR:yfinance:HTTP Error 404: 
ERROR:yfinance:HTTP Error 404: 
ERROR:yfinance:HTTP Error 404: 
ERROR:yfinance:HTTP Error 404: 
ERROR:yfinance:HTTP Error 404: 
ERROR:yfinance:HTTP Error 404: 
ERROR:yfinance:HTTP Error 404: 
ERROR:yfinance:HTTP Error 404: 
ERROR:yfinance:HTTP Error 404: 
ERROR:yfinance:HTTP Error 404: 
ERROR:yfinance:HTTP Error 404: 
ERROR:yfinance:HTTP Error 404: 
ERROR:yfinance:HTTP Error 404: 
ERROR:yfinance:HTTP Error 404: 
ERROR:yfinance:HTTP Error 404: 
ERROR:yfinance:HTTP Error 404: 
ERROR:yfinance:HTTP Error 404: 
ERROR:yfinance:HTTP Error 404: 
ERROR:yfinance:HTTP Error 404: 
ERROR:yfinance:HTTP Error 404: 
ERROR:yfinance:HTTP Error 404: 
ERROR:yfinance:HTTP Error 404: 
ERROR:yfinance:HTTP Error 404: 
ERROR:yfinance:HTTP Error 404: 
ERROR:yfinance:HTTP Error 404: 
ERROR:yfinance:HTTP Error 404: 
ERROR:yfinance:HTTP Error 404: 
ERROR:yfinance:HTTP Error 404: 
ERROR:yfinance:HTTP Error 404: 
ERROR:yfinance:HTTP Error 404: 
ERROR:yfinance:HTTP Error 404: 
ERROR:yfinance:HTTP Error 404: 
ERROR:yfinance:HTTP Error 404: 
ERROR:yfinance:HTTP Error 404: 
ERROR:yfinance:$WLI.WA: possibly delisted; no price data found  (period=2y) (Yahoo error = "No data found, symbol may be delisted")
ERROR:yfinance:$WLI.WA: possibly delisted; no price data found  (period=5d) (Yahoo error = "No data found, symbol may be delisted")
ERROR:yfinance:HTTP Error 404: 
ERROR:yfinance:HTTP Error 404: 
ERROR:yfinance:HTTP Error 404: 
ERROR:yfinance:HTTP Error 404: 
ERROR:yfinance:HTTP Error 404: 
ERROR:yfinance:HTTP Error 404: 
ERROR:yfinance:HTTP Error 404: 
ERROR:yfinance:HTTP Error 500: 
ERROR:yfinance:HTTP Error 404: 
ERROR:yfinance:HTTP Error 404: 
ERROR:yfinance:HTTP Error 404: 
ERROR:yfinance:HTTP Error 404: 
ERROR:yfinance:HTTP Error 404: 
ERROR:yfinance:HTTP Error 404: 
ERROR:yfinance:HTTP Error 404: 
ERROR:yfinance:HTTP Error 404: 
ERROR:yfinance:HTTP Error 404: 
ERROR:yfinance:HTTP Error 404: 
ERROR:yfinance:HTTP Error 404: 
ERROR:yfinance:HTTP Error 404: 
ERROR:yfinance:HTTP Error 404: 
ERROR:yfinance:HTTP Error 404: 
ERROR:yfinance:HTTP Error 404: 
ERROR:yfinance:HTTP Error 404: 
ERROR:yfinance:HTTP Error 404: 
ERROR:yfinance:HTTP Error 404: 
ERROR:yfinance:HTTP Error 404: 
ERROR:yfinance:HTTP Error 404: 
ERROR:yfinance:Failed to perform, curl: (16) . See https://curl.se/libcurl/c/libcurl-errors.html first for more details.
ERROR:yfinance:HTTP Error 404: 
ERROR:yfinance:HTTP Error 404: 
ERROR:yfinance:HTTP Error 404: 
ERROR:yfinance:HTTP Error 404: 
ERROR:yfinance:HTTP Error 404: 
ERROR:yfinance:HTTP Error 404: 
ERROR:yfinance:HTTP Error 404: 
ERROR:yfinance:HTTP Error 404: 
ERROR:yfinance:HTTP Error 404: 
ERROR:yfinance:HTTP Error 404: 
ERROR:yfinance:HTTP Error 404: 
ERROR:yfinance:HTTP Error 404: 
ERROR:yfinance:HTTP Error 404: 
ERROR:yfinance:HTTP Error 404: 
ERROR:yfinance:HTTP Error 404: 
ERROR:yfinance:HTTP Error 404: 
ERROR:yfinance:HTTP Error 404: 
ERROR:yfinance:HTTP Error 500: 
ERROR:yfinance:HTTP Error 404: 
ERROR:yfinance:HTTP Error 500: 
ERROR:yfinance:HTTP Error 404: 
ERROR:yfinance:HTTP Error 404: 
ERROR:yfinance:$RHM.DE: possibly delisted; no price data found  (period=2y)
ERROR:yfinance:HTTP Error 404: 
ERROR:yfinance:HTTP Error 404: 
ERROR:yfinance:HTTP Error 404: 
ERROR:yfinance:HTTP Error 404: 
ERROR:yfinance:HTTP Error 404: 
ERROR:yfinance:HTTP Error 404: 
ERROR:yfinance:HTTP Error 404: 
ERROR:yfinance:HTTP Error 404: 
ERROR:yfinance:HTTP Error 404: 
ERROR:yfinance:HTTP Error 404: 
ERROR:yfinance:HTTP Error 404: 
ERROR:yfinance:HTTP Error 404: 
ERROR:yfinance:HTTP Error 404: 
ERROR:yfinance:HTTP Error 404: 
ERROR:yfinance:HTTP Error 404: 
ERROR:yfinance:HTTP Error 404: 
ERROR:yfinance:HTTP Error 404: 
ERROR:yfinance:HTTP Error 404: 
ERROR:yfinance:HTTP Error 404: 
ERROR:yfinance:HTTP Error 404: 
ERROR:yfinance:HTTP Error 404: 
ERROR:yfinance:HTTP Error 404: 
ERROR:yfinance:HTTP Error 404: 
ERROR:yfinance:HTTP Error 404: 
ERROR:yfinance:HTTP Error 404: 
ERROR:yfinance:HTTP Error 404: 
ERROR:yfinance:HTTP Error 404: 
ERROR:yfinance:HTTP Error 404: 
ERROR:yfinance:HTTP Error 404: 
ERROR:yfinance:HTTP Error 404: 
ERROR:yfinance:HTTP Error 404: 
ERROR:yfinance:HTTP Error 404: 
ERROR:yfinance:HTTP Error 404: 
ERROR:yfinance:HTTP Error 404: 
ERROR:yfinance:HTTP Error 404: 
ERROR:yfinance:HTTP Error 404: 
ERROR:yfinance:HTTP Error 404: 
ERROR:yfinance:HTTP Error 404: 
ERROR:yfinance:HTTP Error 404: 
ERROR:yfinance:HTTP Error 404: 
ERROR:yfinance:HTTP Error 404: 
ERROR:yfinance:HTTP Error 404: 
ERROR:yfinance:HTTP Error 404: 
ERROR:yfinance:HTTP Error 404: 
ERROR:yfinance:HTTP Error 404: 
ERROR:yfinance:HTTP Error 404: 
ERROR:yfinance:HTTP Error 404: 
ERROR:yfinance:HTTP Error 404: 
ERROR:yfinance:HTTP Error 404: 
ERROR:yfinance:HTTP Error 404: 
ERROR:yfinance:HTTP Error 404: 
ERROR:yfinance:HTTP Error 404: 
ERROR:yfinance:HTTP Error 404: 
ERROR:yfinance:Failed to perform, curl: (16) . See https://curl.se/libcurl/c/libcurl-errors.html first for more details.
ERROR:yfinance:HTTP Error 404: 
ERROR:yfinance:HTTP Error 404: 
ERROR:yfinance:HTTP Error 404: 
ERROR:yfinance:HTTP Error 404: 
ERROR:yfinance:HTTP Error 404: 
ERROR:yfinance:HTTP Error 404: 
ERROR:yfinance:HTTP Error 404: 
ERROR:yfinance:HTTP Error 404: 
ERROR:yfinance:HTTP Error 404: 
ERROR:yfinance:HTTP Error 404: 
ERROR:yfinance:HTTP Error 404: 
ERROR:yfinance:HTTP Error 404: 
ERROR:yfinance:HTTP Error 404: 
ERROR:yfinance:HTTP Error 404: 
ERROR:yfinance:HTTP Error 404: 
ERROR:yfinance:HTTP Error 404: 
ERROR:yfinance:HTTP Error 404: 
ERROR:yfinance:HTTP Error 404: 
ERROR:yfinance:HTTP Error 404: 
ERROR:yfinance:HTTP Error 404: 
ERROR:yfinance:HTTP Error 404: 
ERROR:yfinance:HTTP Error 404: 
ERROR:yfinance:HTTP Error 404: 
ERROR:yfinance:HTTP Error 404: 
ERROR:yfinance:HTTP Error 404: 
ERROR:yfinance:HTTP Error 404: 
ERROR:yfinance:HTTP Error 404: 
ERROR:yfinance:HTTP Error 404: 
ERROR:yfinance:HTTP Error 404: 
ERROR:yfinance:HTTP Error 404: 
ERROR:yfinance:HTTP Error 404: 
ERROR:yfinance:HTTP Error 404: 
ERROR:yfinance:HTTP Error 404: 
ERROR:yfinance:HTTP Error 404: 
ERROR:yfinance:HTTP Error 404: 
ERROR:yfinance:HTTP Error 404: 
ERROR:yfinance:HTTP Error 404: 
ERROR:yfinance:HTTP Error 404: 
ERROR:yfinance:HTTP Error 404: 
ERROR:yfinance:HTTP Error 404: 
ERROR:yfinance:HTTP Error 404: 
ERROR:yfinance:HTTP Error 404: 
ERROR:yfinance:HTTP Error 404: 
ERROR:yfinance:HTTP Error 404: 
ERROR:yfinance:HTTP Error 404: 
ERROR:yfinance:HTTP Error 404: 
ERROR:yfinance:HTTP Error 404: 
ERROR:yfinance:HTTP Error 404: 
ERROR:yfinance:HTTP Error 404: 
ERROR:yfinance:HTTP Error 404: 
ERROR:yfinance:HTTP Error 404: 
ERROR:yfinance:HTTP Error 404: 
ERROR:yfinance:HTTP Error 404: 
ERROR:yfinance:HTTP Error 404: 
ERROR:yfinance:$WLI.WA: possibly delisted; no price data found  (period=2y) (Yahoo error = "No data found, symbol may be delisted")
ERROR:yfinance:$WLI.WA: possibly delisted; no price data found  (period=5d) (Yahoo error = "No data found, symbol may be delisted")
ERROR:yfinance:HTTP Error 404: 
ERROR:yfinance:HTTP Error 404: 
ERROR:yfinance:HTTP Error 404: 
ERROR:yfinance:HTTP Error 404: 
ERROR:yfinance:HTTP Error 404: 
ERROR:yfinance:HTTP Error 404: 
ERROR:yfinance:HTTP Error 404: 
ERROR:yfinance:HTTP Error 500: 
ERROR:yfinance:HTTP Error 404: 
ERROR:yfinance:HTTP Error 404: 
ERROR:yfinance:HTTP Error 404: 
ERROR:yfinance:HTTP Error 404: 
ERROR:yfinance:HTTP Error 404: 
ERROR:yfinance:HTTP Error 404: 
ERROR:yfinance:HTTP Error 404: 
ERROR:yfinance:HTTP Error 404: 
ERROR:yfinance:HTTP Error 404: 
ERROR:yfinance:HTTP Error 404: 
ERROR:yfinance:HTTP Error 404: 
ERROR:yfinance:HTTP Error 404: 
ERROR:yfinance:HTTP Error 404: 
ERROR:yfinance:HTTP Error 404: 
ERROR:yfinance:HTTP Error 404: 
ERROR:yfinance:HTTP Error 404: 
ERROR:yfinance:HTTP Error 404: 
ERROR:yfinance:Failed to perform, curl: (16) . See https://curl.se/libcurl/c/libcurl-errors.html first for more details.
ERROR:yfinance:HTTP Error 404: 
ERROR:yfinance:HTTP Error 404: 
ERROR:yfinance:HTTP Error 404: 
ERROR:yfinance:HTTP Error 404: 
ERROR:yfinance:HTTP Error 404: 
ERROR:yfinance:HTTP Error 404: 
ERROR:yfinance:HTTP Error 404: 
ERROR:yfinance:HTTP Error 404: 
ERROR:yfinance:HTTP Error 404: 
ERROR:yfinance:HTTP Error 404: 
ERROR:yfinance:HTTP Error 404: 
ERROR:yfinance:HTTP Error 404: 
ERROR:yfinance:HTTP Error 404: 
ERROR:yfinance:HTTP Error 404: 
ERROR:yfinance:HTTP Error 404: 
ERROR:yfinance:HTTP Error 404: 
ERROR:yfinance:HTTP Error 404: 
ERROR:yfinance:HTTP Error 404: 
ERROR:yfinance:HTTP Error 404: 
ERROR:yfinance:HTTP Error 404: 
ERROR:yfinance:HTTP Error 500: 
ERROR:yfinance:HTTP Error 404: 
ERROR:yfinance:HTTP Error 500: 
ERROR:yfinance:HTTP Error 404: 
ERROR:yfinance:HTTP Error 404: 
ERROR:yfinance:HTTP Error 404: 
ERROR:yfinance:HTTP Error 404: 
ERROR:yfinance:HTTP Error 404: 
ERROR:yfinance:HTTP Error 404: 
ERROR:yfinance:HTTP Error 404: 
ERROR:yfinance:HTTP Error 404: 
ERROR:yfinance:HTTP Error 404: 
ERROR:yfinance:HTTP Error 404: 
ERROR:yfinance:HTTP Error 404: 
ERROR:yfinance:HTTP Error 404: 
ERROR:yfinance:HTTP Error 404: 
ERROR:yfinance:HTTP Error 404: 
ERROR:yfinance:HTTP Error 404: 
ERROR:yfinance:HTTP Error 404: 
ERROR:yfinance:HTTP Error 404: 
ERROR:yfinance:HTTP Error 404: 
ERROR:yfinance:HTTP Error 404: 
ERROR:yfinance:HTTP Error 404: 
ERROR:yfinance:HTTP Error 404: 
ERROR:yfinance:HTTP Error 404: 
ERROR:yfinance:HTTP Error 404: 
ERROR:yfinance:HTTP Error 404: 
ERROR:yfinance:HTTP Error 404: 
ERROR:yfinance:HTTP Error 404: 
ERROR:yfinance:HTTP Error 404: 
ERROR:yfinance:HTTP Error 404: 
ERROR:yfinance:HTTP Error 404: 
ERROR:yfinance:HTTP Error 404: 
ERROR:yfinance:HTTP Error 404: 
ERROR:yfinance:HTTP Error 404: 
ERROR:yfinance:HTTP Error 404: 
ERROR:yfinance:HTTP Error 404: 
ERROR:yfinance:HTTP Error 404: 
ERROR:yfinance:HTTP Error 404: 
ERROR:yfinance:HTTP Error 404: 
ERROR:yfinance:HTTP Error 404: 
ERROR:yfinance:HTTP Error 404: 
ERROR:yfinance:HTTP Error 404: 
ERROR:yfinance:HTTP Error 404: 
ERROR:yfinance:HTTP Error 404: 
ERROR:yfinance:HTTP Error 404: 
ERROR:yfinance:HTTP Error 404: 
ERROR:yfinance:HTTP Error 404: 
ERROR:yfinance:HTTP Error 404: 
ERROR:yfinance:HTTP Error 404: 
ERROR:yfinance:HTTP Error 404: 
ERROR:yfinance:HTTP Error 404: 
ERROR:yfinance:HTTP Error 404: 
ERROR:yfinance:HTTP Error 404: 
ERROR:yfinance:HTTP Error 404: 
ERROR:yfinance:HTTP Error 404: 
ERROR:yfinance:HTTP Error 404: 
ERROR:yfinance:HTTP Error 404: 
ERROR:yfinance:HTTP Error 404: 
ERROR:yfinance:Failed to perform, curl: (16) . See https://curl.se/libcurl/c/libcurl-errors.html first for more details.
ERROR:yfinance:HTTP Error 404: 
ERROR:yfinance:HTTP Error 404: 
ERROR:yfinance:HTTP Error 404: 
ERROR:yfinance:HTTP Error 404: 
ERROR:yfinance:HTTP Error 404: 
ERROR:yfinance:HTTP Error 404: 
ERROR:yfinance:HTTP Error 404: 
ERROR:yfinance:HTTP Error 404: 
ERROR:yfinance:HTTP Error 404: 
ERROR:yfinance:HTTP Error 404: 
ERROR:yfinance:HTTP Error 404: 
ERROR:yfinance:HTTP Error 404: 
ERROR:yfinance:HTTP Error 404: 
ERROR:yfinance:HTTP Error 404: 
ERROR:yfinance:HTTP Error 404: 
ERROR:yfinance:HTTP Error 404: 
ERROR:yfinance:HTTP Error 404: 
ERROR:yfinance:HTTP Error 404: 
ERROR:yfinance:HTTP Error 404: 
ERROR:yfinance:HTTP Error 404: 
ERROR:yfinance:HTTP Error 404: 
ERROR:yfinance:HTTP Error 404: 
ERROR:yfinance:HTTP Error 404: 
ERROR:yfinance:HTTP Error 404: 
ERROR:yfinance:HTTP Error 404: 
ERROR:yfinance:HTTP Error 404: 
ERROR:yfinance:HTTP Error 404: 
ERROR:yfinance:HTTP Error 404: 
ERROR:yfinance:HTTP Error 404: 
ERROR:yfinance:HTTP Error 404: 
ERROR:yfinance:HTTP Error 404: 
ERROR:yfinance:HTTP Error 404: 
ERROR:yfinance:HTTP Error 404: 
ERROR:yfinance:HTTP Error 404: 
ERROR:yfinance:HTTP Error 404: 
ERROR:yfinance:HTTP Error 404: 
ERROR:yfinance:HTTP Error 404: 
ERROR:yfinance:HTTP Error 404: 
ERROR:yfinance:HTTP Error 404: 
ERROR:yfinance:HTTP Error 404: 
ERROR:yfinance:HTTP Error 404: 
ERROR:yfinance:HTTP Error 404: 
ERROR:yfinance:HTTP Error 404: 
ERROR:yfinance:HTTP Error 404: 
ERROR:yfinance:HTTP Error 404: 
ERROR:yfinance:HTTP Error 404: 
ERROR:yfinance:HTTP Error 404: 
ERROR:yfinance:HTTP Error 404: 
ERROR:yfinance:HTTP Error 404: 
ERROR:yfinance:HTTP Error 404: 
ERROR:yfinance:HTTP Error 404: 
ERROR:yfinance:HTTP Error 404: 
ERROR:yfinance:HTTP Error 404: 
ERROR:yfinance:$WLI.WA: possibly delisted; no price data found  (period=2y) (Yahoo error = "No data found, symbol may be delisted")
ERROR:yfinance:$WLI.WA: possibly delisted; no price data found  (period=5d) (Yahoo error = "No data found, symbol may be delisted")
ERROR:yfinance:HTTP Error 404: 
ERROR:yfinance:HTTP Error 404: 
ERROR:yfinance:HTTP Error 404: 
ERROR:yfinance:HTTP Error 404: 
ERROR:yfinance:HTTP Error 404: 
ERROR:yfinance:HTTP Error 404: 
ERROR:yfinance:HTTP Error 404: 
ERROR:yfinance:HTTP Error 500: 
ERROR:yfinance:HTTP Error 404: 
ERROR:yfinance:HTTP Error 404: 
ERROR:yfinance:HTTP Error 404: 
ERROR:yfinance:HTTP Error 404: 
ERROR:yfinance:HTTP Error 404: 
ERROR:yfinance:HTTP Error 404: 
ERROR:yfinance:HTTP Error 404: 
ERROR:yfinance:HTTP Error 404: 
ERROR:yfinance:HTTP Error 404: 
ERROR:yfinance:HTTP Error 404: 
ERROR:yfinance:HTTP Error 404: 
ERROR:yfinance:HTTP Error 404: 
ERROR:yfinance:HTTP Error 404: 
ERROR:yfinance:HTTP Error 404: 
ERROR:yfinance:HTTP Error 404: 
ERROR:yfinance:HTTP Error 404: 
ERROR:yfinance:HTTP Error 404: 
ERROR:yfinance:Failed to perform, curl: (16) . See https://curl.se/libcurl/c/libcurl-errors.html first for more details.
ERROR:yfinance:HTTP Error 404: 
ERROR:yfinance:HTTP Error 404: 
ERROR:yfinance:HTTP Error 404: 
ERROR:yfinance:HTTP Error 404: 
ERROR:yfinance:HTTP Error 404: 
ERROR:yfinance:HTTP Error 404: 
ERROR:yfinance:HTTP Error 404: 
ERROR:yfinance:HTTP Error 404: 
ERROR:yfinance:HTTP Error 404: 
ERROR:yfinance:HTTP Error 404: 
ERROR:yfinance:HTTP Error 404: 
ERROR:yfinance:HTTP Error 404: 
ERROR:yfinance:HTTP Error 404: 
ERROR:yfinance:HTTP Error 404: 
ERROR:yfinance:HTTP Error 404: 
ERROR:yfinance:HTTP Error 404: 
ERROR:yfinance:HTTP Error 404: 
ERROR:yfinance:HTTP Error 404: 
ERROR:yfinance:HTTP Error 404: 
ERROR:yfinance:HTTP Error 404: 
ERROR:yfinance:HTTP Error 500: 
ERROR:yfinance:HTTP Error 404: 
ERROR:yfinance:HTTP Error 500: 
ERROR:yfinance:HTTP Error 404: 
ERROR:yfinance:HTTP Error 404: 
ERROR:yfinance:HTTP Error 404: 
ERROR:yfinance:HTTP Error 404: 
ERROR:yfinance:HTTP Error 404: 
ERROR:yfinance:HTTP Error 404: 
ERROR:yfinance:HTTP Error 404: 
ERROR:yfinance:HTTP Error 404: 
ERROR:yfinance:HTTP Error 404: 
ERROR:yfinance:HTTP Error 404: 
ERROR:yfinance:HTTP Error 404: 
ERROR:yfinance:HTTP Error 404: 
ERROR:yfinance:HTTP Error 404: 
ERROR:yfinance:HTTP Error 404: 
ERROR:yfinance:HTTP Error 404: 
ERROR:yfinance:HTTP Error 404: 
ERROR:yfinance:HTTP Error 404: 
ERROR:yfinance:HTTP Error 404: 
ERROR:yfinance:HTTP Error 404: 
ERROR:yfinance:HTTP Error 404: 
ERROR:yfinance:HTTP Error 404: 
ERROR:yfinance:HTTP Error 404: 
ERROR:yfinance:HTTP Error 404: 
ERROR:yfinance:HTTP Error 404: 
ERROR:yfinance:HTTP Error 404: 
ERROR:yfinance:HTTP Error 404: 
ERROR:yfinance:HTTP Error 404: 
ERROR:yfinance:HTTP Error 404: 
ERROR:yfinance:HTTP Error 404: 
ERROR:yfinance:HTTP Error 404: 
ERROR:yfinance:HTTP Error 404: 
ERROR:yfinance:HTTP Error 404: 
ERROR:yfinance:HTTP Error 404: 
ERROR:yfinance:HTTP Error 404: 
ERROR:yfinance:HTTP Error 404: 
ERROR:yfinance:HTTP Error 404: 
ERROR:yfinance:HTTP Error 404: 
ERROR:yfinance:HTTP Error 404: 
ERROR:yfinance:HTTP Error 404: 
ERROR:yfinance:HTTP Error 404: 
ERROR:yfinance:HTTP Error 404: 
ERROR:yfinance:HTTP Error 404: 
ERROR:yfinance:HTTP Error 404: 
ERROR:yfinance:HTTP Error 404: 
ERROR:yfinance:HTTP Error 404: 
ERROR:yfinance:HTTP Error 404: 
ERROR:yfinance:HTTP Error 404: 
ERROR:yfinance:HTTP Error 404: 
ERROR:yfinance:HTTP Error 404: 
ERROR:yfinance:HTTP Error 404: 
ERROR:yfinance:HTTP Error 404: 
ERROR:yfinance:HTTP Error 404: 
ERROR:yfinance:HTTP Error 404: 
ERROR:yfinance:HTTP Error 404: 
ERROR:yfinance:HTTP Error 404: 
ERROR:yfinance:Failed to perform, curl: (16) . See https://curl.se/libcurl/c/libcurl-errors.html first for more details.
ERROR:yfinance:HTTP Error 404: 
ERROR:yfinance:HTTP Error 404: 
ERROR:yfinance:HTTP Error 404: 
ERROR:yfinance:HTTP Error 404: 
ERROR:yfinance:HTTP Error 404: 
ERROR:yfinance:HTTP Error 404: 
ERROR:yfinance:HTTP Error 404: 
ERROR:yfinance:HTTP Error 404: 
ERROR:yfinance:Failed to perform, curl: (16) . See https://curl.se/libcurl/c/libcurl-errors.html first for more details.
ERROR:yfinance:HTTP Error 404: 
ERROR:yfinance:HTTP Error 404: 
ERROR:yfinance:HTTP Error 404: 
ERROR:yfinance:HTTP Error 404: 
ERROR:yfinance:HTTP Error 404: 
ERROR:yfinance:HTTP Error 404: 
ERROR:yfinance:HTTP Error 404: 
ERROR:yfinance:HTTP Error 404: 
ERROR:yfinance:HTTP Error 404: 
ERROR:yfinance:HTTP Error 404: 
ERROR:yfinance:HTTP Error 404: 
ERROR:yfinance:HTTP Error 404: 
ERROR:yfinance:HTTP Error 404: 
ERROR:yfinance:HTTP Error 404: 
ERROR:yfinance:HTTP Error 404: 
ERROR:yfinance:HTTP Error 404: 
ERROR:yfinance:HTTP Error 404: 
ERROR:yfinance:HTTP Error 404: 
ERROR:yfinance:HTTP Error 404: 
ERROR:yfinance:HTTP Error 404: 
ERROR:yfinance:HTTP Error 404: 
ERROR:yfinance:HTTP Error 404: 
ERROR:yfinance:HTTP Error 404: 
ERROR:yfinance:HTTP Error 404: 
ERROR:yfinance:HTTP Error 404: 
ERROR:yfinance:HTTP Error 404: 
ERROR:yfinance:HTTP Error 404: 
ERROR:yfinance:HTTP Error 404: 
ERROR:yfinance:HTTP Error 404: 
ERROR:yfinance:HTTP Error 404: 
ERROR:yfinance:HTTP Error 404: 
ERROR:yfinance:HTTP Error 404: 
ERROR:yfinance:HTTP Error 404: 
ERROR:yfinance:HTTP Error 404: 
ERROR:yfinance:HTTP Error 404: 
ERROR:yfinance:HTTP Error 404: 
ERROR:yfinance:HTTP Error 404: 
ERROR:yfinance:HTTP Error 404: 
ERROR:yfinance:HTTP Error 404: 
ERROR:yfinance:HTTP Error 404: 
ERROR:yfinance:HTTP Error 404: 
ERROR:yfinance:HTTP Error 404: 
ERROR:yfinance:HTTP Error 404: 
ERROR:yfinance:HTTP Error 404: 
ERROR:yfinance:HTTP Error 404: 
ERROR:yfinance:HTTP Error 404: 
ERROR:yfinance:$WLI.WA: possibly delisted; no price data found  (period=2y) (Yahoo error = "No data found, symbol may be delisted")
ERROR:yfinance:$WLI.WA: possibly delisted; no price data found  (period=5d) (Yahoo error = "No data found, symbol may be delisted")
ERROR:yfinance:HTTP Error 404: 
ERROR:yfinance:HTTP Error 404: 
ERROR:yfinance:HTTP Error 404: 
ERROR:yfinance:HTTP Error 404: 
ERROR:yfinance:HTTP Error 404: 
ERROR:yfinance:HTTP Error 404: 
ERROR:yfinance:HTTP Error 404: 
ERROR:yfinance:HTTP Error 500: 
ERROR:yfinance:HTTP Error 404: 
ERROR:yfinance:HTTP Error 404: 
ERROR:yfinance:HTTP Error 404: 
ERROR:yfinance:HTTP Error 404: 
ERROR:yfinance:HTTP Error 404: 
ERROR:yfinance:HTTP Error 404: 
ERROR:yfinance:HTTP Error 404: 
ERROR:yfinance:HTTP Error 404: 
ERROR:yfinance:HTTP Error 404: 
ERROR:yfinance:HTTP Error 404: 
ERROR:yfinance:HTTP Error 404: 
ERROR:yfinance:HTTP Error 404: 
ERROR:yfinance:HTTP Error 404: 
ERROR:yfinance:HTTP Error 404: 
ERROR:yfinance:HTTP Error 404: 
ERROR:yfinance:HTTP Error 404: 
ERROR:yfinance:HTTP Error 404: 
ERROR:yfinance:HTTP Error 404: 
ERROR:yfinance:HTTP Error 404: 
ERROR:yfinance:HTTP Error 404: 
ERROR:yfinance:HTTP Error 404: 
ERROR:yfinance:HTTP Error 404: 
ERROR:yfinance:HTTP Error 404: 
ERROR:yfinance:HTTP Error 404: 
ERROR:yfinance:HTTP Error 404: 
ERROR:yfinance:HTTP Error 404: 
ERROR:yfinance:HTTP Error 404: 
ERROR:yfinance:HTTP Error 404: 
ERROR:yfinance:HTTP Error 404: 
ERROR:yfinance:HTTP Error 404: 
ERROR:yfinance:HTTP Error 404: 
ERROR:yfinance:HTTP Error 404: 
ERROR:yfinance:HTTP Error 404: 
ERROR:yfinance:HTTP Error 404: 
ERROR:yfinance:HTTP Error 404: 
ERROR:yfinance:HTTP Error 404: 
ERROR:yfinance:HTTP Error 404: 
ERROR:yfinance:HTTP Error 500: 
ERROR:yfinance:HTTP Error 404: 
ERROR:yfinance:HTTP Error 500: 
ERROR:yfinance:HTTP Error 404: 
ERROR:yfinance:HTTP Error 404: 
ERROR:yfinance:HTTP Error 404: 
ERROR:yfinance:HTTP Error 404: 
ERROR:yfinance:HTTP Error 404: 
ERROR:yfinance:HTTP Error 404: 
ERROR:yfinance:HTTP Error 404: 
ERROR:yfinance:HTTP Error 404: 
ERROR:yfinance:HTTP Error 404: 
ERROR:yfinance:HTTP Error 404: 
ERROR:yfinance:HTTP Error 404: 
ERROR:yfinance:HTTP Error 404: 
ERROR:yfinance:HTTP Error 404: 
ERROR:yfinance:HTTP Error 404: 
ERROR:yfinance:HTTP Error 404: 
ERROR:yfinance:HTTP Error 404: 
ERROR:yfinance:HTTP Error 404: 
ERROR:yfinance:HTTP Error 404: 
ERROR:yfinance:HTTP Error 404: 
ERROR:yfinance:HTTP Error 404: 
ERROR:yfinance:HTTP Error 404: 
ERROR:yfinance:HTTP Error 404: 
ERROR:yfinance:HTTP Error 404: 
ERROR:yfinance:HTTP Error 404: 
ERROR:yfinance:HTTP Error 404: 
ERROR:yfinance:HTTP Error 404: 
ERROR:yfinance:HTTP Error 404: 
ERROR:yfinance:HTTP Error 404: 
ERROR:yfinance:HTTP Error 404: 
ERROR:yfinance:HTTP Error 404: 
ERROR:yfinance:HTTP Error 404: 
ERROR:yfinance:HTTP Error 404: 
ERROR:yfinance:HTTP Error 404: 
ERROR:yfinance:HTTP Error 404: 
ERROR:yfinance:HTTP Error 404: 
ERROR:yfinance:HTTP Error 404: 
ERROR:yfinance:HTTP Error 404: 
ERROR:yfinance:HTTP Error 404: 
ERROR:yfinance:HTTP Error 404: 
ERROR:yfinance:HTTP Error 404: 
ERROR:yfinance:HTTP Error 404: 
ERROR:yfinance:HTTP Error 404: 
ERROR:yfinance:HTTP Error 404: 
ERROR:yfinance:HTTP Error 404: 
ERROR:yfinance:HTTP Error 404: 
ERROR:yfinance:HTTP Error 404: 
ERROR:yfinance:HTTP Error 404: 
ERROR:yfinance:HTTP Error 404: 
ERROR:yfinance:HTTP Error 404: 
ERROR:yfinance:HTTP Error 404: 
ERROR:yfinance:HTTP Error 404: 
ERROR:yfinance:HTTP Error 404: 
ERROR:yfinance:HTTP Error 404: 
ERROR:yfinance:HTTP Error 404: 
ERROR:yfinance:HTTP Error 404: 
ERROR:yfinance:Failed to perform, curl: (16) . See https://curl.se/libcurl/c/libcurl-errors.html first for more details.
ERROR:yfinance:HTTP Error 404: 
ERROR:yfinance:HTTP Error 404: 
ERROR:yfinance:HTTP Error 404: 
ERROR:yfinance:HTTP Error 404: 
ERROR:yfinance:HTTP Error 404: 
ERROR:yfinance:HTTP Error 404: 
ERROR:yfinance:HTTP Error 404: 
ERROR:yfinance:HTTP Error 404: 
ERROR:yfinance:HTTP Error 404: 
ERROR:yfinance:HTTP Error 404: 
ERROR:yfinance:HTTP Error 404: 
ERROR:yfinance:HTTP Error 404: 
ERROR:yfinance:HTTP Error 404: 
ERROR:yfinance:HTTP Error 404: 
ERROR:yfinance:HTTP Error 404: 
ERROR:yfinance:HTTP Error 404: 
ERROR:yfinance:HTTP Error 404: 
ERROR:yfinance:HTTP Error 404: 
ERROR:yfinance:HTTP Error 404: 
ERROR:yfinance:HTTP Error 404: 
ERROR:yfinance:HTTP Error 404: 
ERROR:yfinance:HTTP Error 404: 
ERROR:yfinance:HTTP Error 404: 
ERROR:yfinance:HTTP Error 404: 
ERROR:yfinance:HTTP Error 404: 
ERROR:yfinance:HTTP Error 404: 
ERROR:yfinance:HTTP Error 404: 
ERROR:yfinance:HTTP Error 404: 
ERROR:yfinance:HTTP Error 404: 
ERROR:yfinance:HTTP Error 404: 
ERROR:yfinance:HTTP Error 404: 
ERROR:yfinance:HTTP Error 404: 
ERROR:yfinance:HTTP Error 404: 
ERROR:yfinance:HTTP Error 404: 
ERROR:yfinance:HTTP Error 404: 
ERROR:yfinance:HTTP Error 404: 
ERROR:yfinance:HTTP Error 404: 
ERROR:yfinance:HTTP Error 404: 
ERROR:yfinance:HTTP Error 404: 
ERROR:yfinance:HTTP Error 404: 
ERROR:yfinance:HTTP Error 404: 
ERROR:yfinance:HTTP Error 404: 
ERROR:yfinance:HTTP Error 404: 
ERROR:yfinance:HTTP Error 404: 
ERROR:yfinance:HTTP Error 404: 
ERROR:yfinance:HTTP Error 404: 
ERROR:yfinance:HTTP Error 404: 
ERROR:yfinance:HTTP Error 404: 
ERROR:yfinance:HTTP Error 404: 
ERROR:yfinance:HTTP Error 404: 
ERROR:yfinance:HTTP Error 404: 
ERROR:yfinance:HTTP Error 404: 
ERROR:yfinance:HTTP Error 404: 
ERROR:yfinance:HTTP Error 404: 
ERROR:yfinance:$WLI.WA: possibly delisted; no price data found  (period=2y) (Yahoo error = "No data found, symbol may be delisted")
ERROR:yfinance:$WLI.WA: possibly delisted; no price data found  (period=5d) (Yahoo error = "No data found, symbol may be delisted")
ERROR:yfinance:HTTP Error 404: 
ERROR:yfinance:HTTP Error 404: 
ERROR:yfinance:HTTP Error 404: 
ERROR:yfinance:HTTP Error 404: 
ERROR:yfinance:HTTP Error 404: 
ERROR:yfinance:HTTP Error 404: 
ERROR:yfinance:HTTP Error 404: 
ERROR:yfinance:HTTP Error 500: 
ERROR:yfinance:HTTP Error 404: 
ERROR:yfinance:HTTP Error 404: 
ERROR:yfinance:HTTP Error 404: 
ERROR:yfinance:HTTP Error 404: 
ERROR:yfinance:HTTP Error 404: 
ERROR:yfinance:HTTP Error 404: 
ERROR:yfinance:HTTP Error 404: 
ERROR:yfinance:HTTP Error 404: 
ERROR:yfinance:HTTP Error 404: 
ERROR:yfinance:HTTP Error 404: 
ERROR:yfinance:HTTP Error 404: 
ERROR:yfinance:HTTP Error 404: 
ERROR:yfinance:HTTP Error 404: 
ERROR:yfinance:HTTP Error 404: 
ERROR:yfinance:HTTP Error 404: 
ERROR:yfinance:HTTP Error 404: 
ERROR:yfinance:HTTP Error 404: 
ERROR:yfinance:HTTP Error 404: 
ERROR:yfinance:Failed to perform, curl: (16) . See https://curl.se/libcurl/c/libcurl-errors.html first for more details.
ERROR:yfinance:HTTP Error 404: 
ERROR:yfinance:HTTP Error 404: 
ERROR:yfinance:HTTP Error 404: 
ERROR:yfinance:HTTP Error 404: 
ERROR:yfinance:HTTP Error 404: 
ERROR:yfinance:HTTP Error 404: 
ERROR:yfinance:HTTP Error 404: 
ERROR:yfinance:HTTP Error 404: 
ERROR:yfinance:HTTP Error 404: 
ERROR:yfinance:HTTP Error 404: 
ERROR:yfinance:HTTP Error 404: 
ERROR:yfinance:HTTP Error 404: 
ERROR:yfinance:HTTP Error 404: 
ERROR:yfinance:HTTP Error 404: 
ERROR:yfinance:HTTP Error 404: 
ERROR:yfinance:HTTP Error 404: 
ERROR:yfinance:HTTP Error 404: 
ERROR:yfinance:HTTP Error 404: 
ERROR:yfinance:HTTP Error 404: 
ERROR:yfinance:HTTP Error 500: 
ERROR:yfinance:HTTP Error 404: 
ERROR:yfinance:HTTP Error 500: 
ERROR:yfinance:HTTP Error 404: 
ERROR:yfinance:HTTP Error 404: 
ERROR:yfinance:HTTP Error 404: 
ERROR:yfinance:HTTP Error 404: 
ERROR:yfinance:HTTP Error 404: 
ERROR:yfinance:HTTP Error 404: 
ERROR:yfinance:HTTP Error 404: 
ERROR:yfinance:HTTP Error 404: 
ERROR:yfinance:HTTP Error 404: 
ERROR:yfinance:HTTP Error 404: 
ERROR:yfinance:HTTP Error 404: 
ERROR:yfinance:HTTP Error 404: 
ERROR:yfinance:HTTP Error 404: 
ERROR:yfinance:HTTP Error 404: 
ERROR:yfinance:HTTP Error 404: 
ERROR:yfinance:HTTP Error 404: 
ERROR:yfinance:HTTP Error 404: 
ERROR:yfinance:HTTP Error 404: 
ERROR:yfinance:HTTP Error 404: 
ERROR:yfinance:HTTP Error 404: 
ERROR:yfinance:HTTP Error 404: 
ERROR:yfinance:HTTP Error 404: 
ERROR:yfinance:HTTP Error 404: 
ERROR:yfinance:HTTP Error 404: 
ERROR:yfinance:HTTP Error 404: 
ERROR:yfinance:HTTP Error 404: 
ERROR:yfinance:HTTP Error 404: 
ERROR:yfinance:HTTP Error 404: 
ERROR:yfinance:HTTP Error 404: 
ERROR:yfinance:HTTP Error 404: 
ERROR:yfinance:HTTP Error 404: 
ERROR:yfinance:HTTP Error 404: 
ERROR:yfinance:HTTP Error 404: 
ERROR:yfinance:HTTP Error 404: 
ERROR:yfinance:HTTP Error 404: 
ERROR:yfinance:HTTP Error 404: 
ERROR:yfinance:HTTP Error 404: 
ERROR:yfinance:HTTP Error 404: 
ERROR:yfinance:HTTP Error 404: 
ERROR:yfinance:HTTP Error 404: 
ERROR:yfinance:HTTP Error 404: 
ERROR:yfinance:HTTP Error 404: 
ERROR:yfinance:HTTP Error 404: 
ERROR:yfinance:HTTP Error 404: 
ERROR:yfinance:HTTP Error 404: 
ERROR:yfinance:HTTP Error 404: 
ERROR:yfinance:HTTP Error 404: 
ERROR:yfinance:HTTP Error 404: 
ERROR:yfinance:HTTP Error 404: 
ERROR:yfinance:HTTP Error 404: 
ERROR:yfinance:HTTP Error 404: 
ERROR:yfinance:HTTP Error 404: 
ERROR:yfinance:HTTP Error 404: 
ERROR:yfinance:HTTP Error 404: 
ERROR:yfinance:HTTP Error 404: 
ERROR:yfinance:Failed to perform, curl: (16) . See https://curl.se/libcurl/c/libcurl-errors.html first for more details.
ERROR:yfinance:HTTP Error 404: 
ERROR:yfinance:HTTP Error 404: 
ERROR:yfinance:HTTP Error 404: 
ERROR:yfinance:HTTP Error 404: 
ERROR:yfinance:HTTP Error 404: 
ERROR:yfinance:HTTP Error 404: 
ERROR:yfinance:HTTP Error 404: 
ERROR:yfinance:HTTP Error 404: 
ERROR:yfinance:HTTP Error 404: 
ERROR:yfinance:HTTP Error 404: 
ERROR:yfinance:HTTP Error 404: 
ERROR:yfinance:HTTP Error 404: 
ERROR:yfinance:HTTP Error 404: 
ERROR:yfinance:HTTP Error 404: 
ERROR:yfinance:HTTP Error 404: 
ERROR:yfinance:HTTP Error 404: 
ERROR:yfinance:HTTP Error 404: 
ERROR:yfinance:HTTP Error 404: 
ERROR:yfinance:HTTP Error 404: 
ERROR:yfinance:HTTP Error 404: 
ERROR:yfinance:HTTP Error 404: 
ERROR:yfinance:HTTP Error 404: 
ERROR:yfinance:HTTP Error 404: 
ERROR:yfinance:HTTP Error 404: 
ERROR:yfinance:HTTP Error 404: 
ERROR:yfinance:HTTP Error 404: 
ERROR:yfinance:HTTP Error 404: 
ERROR:yfinance:HTTP Error 404: 
ERROR:yfinance:HTTP Error 404: 
ERROR:yfinance:HTTP Error 404: 
ERROR:yfinance:HTTP Error 404: 
ERROR:yfinance:HTTP Error 404: 
ERROR:yfinance:HTTP Error 404: 
ERROR:yfinance:HTTP Error 404: 
ERROR:yfinance:HTTP Error 404: 
ERROR:yfinance:HTTP Error 404: 
ERROR:yfinance:HTTP Error 404: 
ERROR:yfinance:HTTP Error 404: 
ERROR:yfinance:HTTP Error 404: 
ERROR:yfinance:HTTP Error 404: 
ERROR:yfinance:HTTP Error 404: 
ERROR:yfinance:HTTP Error 404: 
ERROR:yfinance:HTTP Error 404: 
ERROR:yfinance:HTTP Error 404: 
ERROR:yfinance:HTTP Error 404: 
ERROR:yfinance:HTTP Error 404: 
ERROR:yfinance:HTTP Error 404: 
ERROR:yfinance:HTTP Error 404: 
ERROR:yfinance:HTTP Error 404: 
ERROR:yfinance:HTTP Error 404: 
ERROR:yfinance:HTTP Error 404: 
ERROR:yfinance:HTTP Error 404: 
ERROR:yfinance:HTTP Error 404: 
ERROR:yfinance:HTTP Error 404: 
ERROR:yfinance:$WLI.WA: possibly delisted; no price data found  (period=2y) (Yahoo error = "No data found, symbol may be delisted")
ERROR:yfinance:$WLI.WA: possibly delisted; no price data found  (period=5d) (Yahoo error = "No data found, symbol may be delisted")
ERROR:yfinance:HTTP Error 404: 
ERROR:yfinance:HTTP Error 404: 
ERROR:yfinance:HTTP Error 404: 
ERROR:yfinance:HTTP Error 404: 
ERROR:yfinance:HTTP Error 404: 
ERROR:yfinance:HTTP Error 404: 
ERROR:yfinance:HTTP Error 404: 
ERROR:yfinance:HTTP Error 500: 
ERROR:yfinance:HTTP Error 404: 
ERROR:yfinance:HTTP Error 404: 
ERROR:yfinance:HTTP Error 404: 
ERROR:yfinance:$MAR.LS: possibly delisted; no price data found  (period=2y)
ERROR:yfinance:HTTP Error 404: 
ERROR:yfinance:HTTP Error 404: 
ERROR:yfinance:HTTP Error 404: 
ERROR:yfinance:HTTP Error 404: 
ERROR:yfinance:HTTP Error 404: 
ERROR:yfinance:HTTP Error 404: 
ERROR:yfinance:HTTP Error 404: 
ERROR:yfinance:HTTP Error 404: 
ERROR:yfinance:HTTP Error 404: 
ERROR:yfinance:HTTP Error 404: 
ERROR:yfinance:HTTP Error 404: 
ERROR:yfinance:HTTP Error 404: 
ERROR:yfinance:HTTP Error 404: 
ERROR:yfinance:HTTP Error 404: 
ERROR:yfinance:HTTP Error 404: 
ERROR:yfinance:HTTP Error 404: 
ERROR:yfinance:HTTP Error 404: 
ERROR:yfinance:HTTP Error 404: 
ERROR:yfinance:HTTP Error 404: 
ERROR:yfinance:HTTP Error 404: 
ERROR:yfinance:HTTP Error 404: 
ERROR:yfinance:HTTP Error 404: 
ERROR:yfinance:HTTP Error 404: 
ERROR:yfinance:HTTP Error 404: 
ERROR:yfinance:HTTP Error 404: 
ERROR:yfinance:HTTP Error 404: 
ERROR:yfinance:HTTP Error 404: 
ERROR:yfinance:HTTP Error 404: 
ERROR:yfinance:HTTP Error 404: 
ERROR:yfinance:HTTP Error 404: 
ERROR:yfinance:HTTP Error 404: 
ERROR:yfinance:HTTP Error 404: 
ERROR:yfinance:HTTP Error 404: 
ERROR:yfinance:HTTP Error 404: 
ERROR:yfinance:HTTP Error 500: 
ERROR:yfinance:HTTP Error 404: 
ERROR:yfinance:HTTP Error 500: 
ERROR:yfinance:HTTP Error 404: 
ERROR:yfinance:HTTP Error 404: 
ERROR:yfinance:HTTP Error 404: 
ERROR:yfinance:HTTP Error 404: 
ERROR:yfinance:HTTP Error 404: 
ERROR:yfinance:HTTP Error 404: 
ERROR:yfinance:HTTP Error 404: 
ERROR:yfinance:HTTP Error 404: 
ERROR:yfinance:HTTP Error 404: 
ERROR:yfinance:HTTP Error 404: 
ERROR:yfinance:HTTP Error 404: 
ERROR:yfinance:HTTP Error 404: 
ERROR:yfinance:HTTP Error 404: 
ERROR:yfinance:HTTP Error 404: 
ERROR:yfinance:HTTP Error 404: 
ERROR:yfinance:HTTP Error 404: 
ERROR:yfinance:HTTP Error 404: 
ERROR:yfinance:HTTP Error 404: 
ERROR:yfinance:HTTP Error 404: 
ERROR:yfinance:HTTP Error 404: 
ERROR:yfinance:HTTP Error 404: 
ERROR:yfinance:HTTP Error 404: 
ERROR:yfinance:HTTP Error 404: 
ERROR:yfinance:HTTP Error 404: 
ERROR:yfinance:HTTP Error 404: 
ERROR:yfinance:HTTP Error 404: 
ERROR:yfinance:HTTP Error 404: 
ERROR:yfinance:HTTP Error 404: 
ERROR:yfinance:HTTP Error 404: 
ERROR:yfinance:HTTP Error 404: 
ERROR:yfinance:HTTP Error 404: 
ERROR:yfinance:HTTP Error 404: 
ERROR:yfinance:HTTP Error 404: 
ERROR:yfinance:HTTP Error 404: 
ERROR:yfinance:HTTP Error 404: 
ERROR:yfinance:HTTP Error 404: 
ERROR:yfinance:HTTP Error 404: 
ERROR:yfinance:HTTP Error 404: 
ERROR:yfinance:HTTP Error 404: 
ERROR:yfinance:HTTP Error 404: 
ERROR:yfinance:HTTP Error 404: 
ERROR:yfinance:HTTP Error 404: 
ERROR:yfinance:HTTP Error 404: 
ERROR:yfinance:HTTP Error 404: 
ERROR:yfinance:HTTP Error 404: 
ERROR:yfinance:HTTP Error 404: 
ERROR:yfinance:HTTP Error 404: 
ERROR:yfinance:HTTP Error 404: 
ERROR:yfinance:HTTP Error 404: 
ERROR:yfinance:HTTP Error 404: 
ERROR:yfinance:HTTP Error 404: 
ERROR:yfinance:HTTP Error 404: 
ERROR:yfinance:HTTP Error 404: 
ERROR:yfinance:HTTP Error 404: 
ERROR:yfinance:HTTP Error 404: 
ERROR:yfinance:Failed to perform, curl: (16) . See https://curl.se/libcurl/c/libcurl-errors.html first for more details.
ERROR:yfinance:Failed to get ticker 'KER.WA' reason: Failed to perform, curl: (16) . See https://curl.se/libcurl/c/libcurl-errors.html first for more details.
ERROR:yfinance:HTTP Error 404: 
ERROR:yfinance:HTTP Error 404: 
ERROR:yfinance:HTTP Error 404: 
ERROR:yfinance:HTTP Error 404: 
ERROR:yfinance:HTTP Error 404: 
ERROR:yfinance:HTTP Error 404: 
ERROR:yfinance:HTTP Error 404: 
ERROR:yfinance:HTTP Error 404: 
ERROR:yfinance:HTTP Error 404: 
ERROR:yfinance:HTTP Error 404: 
ERROR:yfinance:HTTP Error 404: 
ERROR:yfinance:HTTP Error 404: 
ERROR:yfinance:HTTP Error 404: 
ERROR:yfinance:HTTP Error 404: 
ERROR:yfinance:HTTP Error 404: 
ERROR:yfinance:HTTP Error 404: 
ERROR:yfinance:HTTP Error 404: 
ERROR:yfinance:HTTP Error 404: 
ERROR:yfinance:HTTP Error 404: 
ERROR:yfinance:HTTP Error 404: 
ERROR:yfinance:HTTP Error 404: 
ERROR:yfinance:HTTP Error 404: 
ERROR:yfinance:HTTP Error 404: 
ERROR:yfinance:HTTP Error 404: 
ERROR:yfinance:HTTP Error 404: 
ERROR:yfinance:HTTP Error 404: 
ERROR:yfinance:HTTP Error 404: 
ERROR:yfinance:HTTP Error 404: 
ERROR:yfinance:HTTP Error 404: 
ERROR:yfinance:HTTP Error 404: 
ERROR:yfinance:HTTP Error 404: 
ERROR:yfinance:HTTP Error 404: 
ERROR:yfinance:HTTP Error 404: 
ERROR:yfinance:HTTP Error 404: 
ERROR:yfinance:HTTP Error 404: 
ERROR:yfinance:HTTP Error 404: 
ERROR:yfinance:HTTP Error 404: 
ERROR:yfinance:HTTP Error 404: 
ERROR:yfinance:HTTP Error 404: 
ERROR:yfinance:HTTP Error 404: 
ERROR:yfinance:HTTP Error 404: 
ERROR:yfinance:HTTP Error 404: 
ERROR:yfinance:HTTP Error 404: 
ERROR:yfinance:HTTP Error 404: 
ERROR:yfinance:HTTP Error 404: 
ERROR:yfinance:HTTP Error 404: 
ERROR:yfinance:HTTP Error 404: 
ERROR:yfinance:HTTP Error 404: 
ERROR:yfinance:HTTP Error 404: 
ERROR:yfinance:HTTP Error 404: 
ERROR:yfinance:HTTP Error 404: 
ERROR:yfinance:HTTP Error 404: 
ERROR:yfinance:HTTP Error 404: 
ERROR:yfinance:HTTP Error 404: 
ERROR:yfinance:$WLI.WA: possibly delisted; no price data found  (period=2y) (Yahoo error = "No data found, symbol may be delisted")
ERROR:yfinance:$WLI.WA: possibly delisted; no price data found  (period=5d) (Yahoo error = "No data found, symbol may be delisted")
ERROR:yfinance:HTTP Error 404: 
ERROR:yfinance:HTTP Error 404: 
ERROR:yfinance:HTTP Error 404: 
ERROR:yfinance:HTTP Error 404: 
ERROR:yfinance:HTTP Error 404: 
ERROR:yfinance:HTTP Error 404: 
ERROR:yfinance:HTTP Error 404: 
ERROR:yfinance:HTTP Error 500: 
ERROR:yfinance:HTTP Error 404: 
ERROR:yfinance:HTTP Error 404: 
ERROR:yfinance:HTTP Error 404: 
ERROR:yfinance:HTTP Error 404: 
ERROR:yfinance:HTTP Error 404: 
ERROR:yfinance:HTTP Error 404: 
ERROR:yfinance:HTTP Error 404: 
ERROR:yfinance:HTTP Error 404: 
ERROR:yfinance:HTTP Error 404: 
ERROR:yfinance:HTTP Error 404: 
ERROR:yfinance:HTTP Error 404: 
ERROR:yfinance:HTTP Error 404: 
ERROR:yfinance:HTTP Error 404: 
ERROR:yfinance:HTTP Error 404: 
ERROR:yfinance:Failed to perform, curl: (16) . See https://curl.se/libcurl/c/libcurl-errors.html first for more details.
ERROR:yfinance:HTTP Error 404: 
ERROR:yfinance:HTTP Error 404: 
ERROR:yfinance:Failed to perform, curl: (16) . See https://curl.se/libcurl/c/libcurl-errors.html first for more details.
ERROR:yfinance:HTTP Error 404: 
ERROR:yfinance:HTTP Error 404: 
ERROR:yfinance:HTTP Error 404: 
ERROR:yfinance:HTTP Error 404: 
ERROR:yfinance:HTTP Error 404: 
ERROR:yfinance:HTTP Error 404: 
ERROR:yfinance:HTTP Error 404: 
ERROR:yfinance:HTTP Error 404: 
ERROR:yfinance:HTTP Error 404: 
ERROR:yfinance:HTTP Error 404: 
ERROR:yfinance:HTTP Error 404: 
ERROR:yfinance:HTTP Error 404: 
ERROR:yfinance:HTTP Error 404: 
ERROR:yfinance:HTTP Error 404: 
ERROR:yfinance:HTTP Error 404: 
ERROR:yfinance:HTTP Error 404: 
ERROR:yfinance:HTTP Error 404: 
ERROR:yfinance:HTTP Error 404: 
ERROR:yfinance:HTTP Error 404: 
ERROR:yfinance:HTTP Error 404: 
ERROR:yfinance:HTTP Error 404: 
ERROR:yfinance:HTTP Error 500: 
ERROR:yfinance:HTTP Error 404: 
ERROR:yfinance:HTTP Error 500: 
ERROR:yfinance:HTTP Error 404: 
ERROR:yfinance:HTTP Error 404: 
ERROR:yfinance:HTTP Error 404: 
ERROR:yfinance:HTTP Error 404: 
ERROR:yfinance:HTTP Error 404: 
ERROR:yfinance:HTTP Error 404: 
ERROR:yfinance:HTTP Error 404: 
ERROR:yfinance:HTTP Error 404: 
ERROR:yfinance:HTTP Error 404: 
ERROR:yfinance:HTTP Error 404: 
ERROR:yfinance:HTTP Error 404: 
ERROR:yfinance:HTTP Error 404: 
ERROR:yfinance:HTTP Error 404: 
ERROR:yfinance:HTTP Error 404: 
ERROR:yfinance:HTTP Error 404: 
ERROR:yfinance:HTTP Error 404: 
ERROR:yfinance:HTTP Error 404: 
ERROR:yfinance:HTTP Error 404: 
ERROR:yfinance:HTTP Error 404: 
ERROR:yfinance:HTTP Error 404: 
ERROR:yfinance:HTTP Error 404: 
ERROR:yfinance:HTTP Error 404: 
ERROR:yfinance:HTTP Error 404: 
ERROR:yfinance:HTTP Error 404: 
ERROR:yfinance:HTTP Error 404: 
ERROR:yfinance:HTTP Error 404: 
ERROR:yfinance:HTTP Error 404: 
ERROR:yfinance:HTTP Error 404: 
ERROR:yfinance:HTTP Error 404: 
ERROR:yfinance:HTTP Error 404: 
ERROR:yfinance:HTTP Error 404: 
ERROR:yfinance:HTTP Error 404: 
ERROR:yfinance:HTTP Error 404: 
ERROR:yfinance:HTTP Error 404: 
ERROR:yfinance:HTTP Error 404: 
ERROR:yfinance:HTTP Error 404: 
ERROR:yfinance:HTTP Error 404: 
ERROR:yfinance:HTTP Error 404: 
ERROR:yfinance:HTTP Error 404: 
ERROR:yfinance:HTTP Error 404: 
ERROR:yfinance:HTTP Error 404: 
ERROR:yfinance:HTTP Error 404: 
ERROR:yfinance:HTTP Error 404: 
ERROR:yfinance:HTTP Error 404: 
ERROR:yfinance:HTTP Error 404: 
ERROR:yfinance:HTTP Error 404: 
ERROR:yfinance:HTTP Error 404: 
ERROR:yfinance:HTTP Error 404: 
ERROR:yfinance:HTTP Error 404: 
ERROR:yfinance:HTTP Error 404: 
ERROR:yfinance:HTTP Error 404: 
ERROR:yfinance:HTTP Error 404: 
ERROR:yfinance:HTTP Error 404: 
ERROR:yfinance:HTTP Error 404: 
ERROR:yfinance:HTTP Error 404: 
ERROR:yfinance:Failed to perform, curl: (16) . See https://curl.se/libcurl/c/libcurl-errors.html first for more details.
ERROR:yfinance:HTTP Error 404: 
ERROR:yfinance:HTTP Error 404: 
ERROR:yfinance:HTTP Error 404: 
ERROR:yfinance:HTTP Error 404: 
ERROR:yfinance:HTTP Error 404: 
ERROR:yfinance:HTTP Error 404: 
ERROR:yfinance:HTTP Error 404: 
ERROR:yfinance:HTTP Error 404: 
ERROR:yfinance:HTTP Error 404: 
ERROR:yfinance:HTTP Error 404: 
ERROR:yfinance:HTTP Error 404: 
ERROR:yfinance:HTTP Error 404: 
ERROR:yfinance:HTTP Error 404: 
ERROR:yfinance:HTTP Error 404: 
ERROR:yfinance:HTTP Error 404: 
ERROR:yfinance:HTTP Error 404: 
ERROR:yfinance:HTTP Error 404: 
ERROR:yfinance:HTTP Error 404: 
ERROR:yfinance:HTTP Error 404: 
ERROR:yfinance:HTTP Error 404: 
ERROR:yfinance:HTTP Error 404: 
ERROR:yfinance:HTTP Error 404: 
ERROR:yfinance:HTTP Error 404: 
ERROR:yfinance:HTTP Error 404: 
ERROR:yfinance:HTTP Error 404: 
ERROR:yfinance:HTTP Error 404: 
ERROR:yfinance:HTTP Error 404: 
ERROR:yfinance:HTTP Error 404: 
ERROR:yfinance:HTTP Error 404: 
ERROR:yfinance:HTTP Error 404: 
ERROR:yfinance:HTTP Error 404: 
ERROR:yfinance:HTTP Error 404: 
ERROR:yfinance:HTTP Error 404: 
ERROR:yfinance:HTTP Error 404: 
ERROR:yfinance:HTTP Error 404: 
ERROR:yfinance:HTTP Error 404: 
ERROR:yfinance:HTTP Error 404: 
ERROR:yfinance:HTTP Error 404: 
ERROR:yfinance:HTTP Error 404: 
ERROR:yfinance:HTTP Error 404: 
ERROR:yfinance:HTTP Error 404: 
ERROR:yfinance:HTTP Error 404: 
ERROR:yfinance:HTTP Error 404: 
ERROR:yfinance:HTTP Error 404: 
ERROR:yfinance:HTTP Error 404: 
ERROR:yfinance:HTTP Error 404: 
ERROR:yfinance:HTTP Error 404: 
ERROR:yfinance:HTTP Error 404: 
ERROR:yfinance:HTTP Error 404: 
ERROR:yfinance:HTTP Error 404: 
ERROR:yfinance:HTTP Error 404: 
ERROR:yfinance:HTTP Error 404: 
ERROR:yfinance:HTTP Error 404: 
ERROR:yfinance:HTTP Error 404: 
ERROR:yfinance:$WLI.WA: possibly delisted; no price data found  (period=2y) (Yahoo error = "No data found, symbol may be delisted")
ERROR:yfinance:$WLI.WA: possibly delisted; no price data found  (period=5d) (Yahoo error = "No data found, symbol may be delisted")
ERROR:yfinance:HTTP Error 404: 
ERROR:yfinance:HTTP Error 404: 
ERROR:yfinance:HTTP Error 404: 
ERROR:yfinance:HTTP Error 404: 
ERROR:yfinance:HTTP Error 404: 
ERROR:yfinance:HTTP Error 404: 
ERROR:yfinance:HTTP Error 404: 
ERROR:yfinance:HTTP Error 500: 
ERROR:yfinance:HTTP Error 404: 
ERROR:yfinance:HTTP Error 404: 
ERROR:yfinance:HTTP Error 404: 
ERROR:yfinance:HTTP Error 404: 
ERROR:yfinance:HTTP Error 404: 
ERROR:yfinance:Failed to perform, curl: (16) . See https://curl.se/libcurl/c/libcurl-errors.html first for more details.
ERROR:yfinance:Failed to get ticker 'CKHUY' reason: Failed to perform, curl: (16) . See https://curl.se/libcurl/c/libcurl-errors.html first for more details.
ERROR:yfinance:HTTP Error 404: 
ERROR:yfinance:HTTP Error 404: 
ERROR:yfinance:HTTP Error 404: 
ERROR:yfinance:HTTP Error 404: 
ERROR:yfinance:HTTP Error 404: 
ERROR:yfinance:HTTP Error 404: 
ERROR:yfinance:HTTP Error 404: 
ERROR:yfinance:HTTP Error 404: 
ERROR:yfinance:HTTP Error 404: 
ERROR:yfinance:HTTP Error 404: 
ERROR:yfinance:HTTP Error 404: 
ERROR:yfinance:HTTP Error 404: 
ERROR:yfinance:HTTP Error 404: 
ERROR:yfinance:HTTP Error 404: 
ERROR:yfinance:HTTP Error 404: 
ERROR:yfinance:HTTP Error 404: 
ERROR:yfinance:HTTP Error 404: 
ERROR:yfinance:HTTP Error 404: 
ERROR:yfinance:HTTP Error 404: 
ERROR:yfinance:HTTP Error 404: 
ERROR:yfinance:HTTP Error 404: 
ERROR:yfinance:HTTP Error 404: 
ERROR:yfinance:HTTP Error 404: 
ERROR:yfinance:HTTP Error 404: 
ERROR:yfinance:HTTP Error 404: 
ERROR:yfinance:HTTP Error 404: 
ERROR:yfinance:HTTP Error 404: 
ERROR:yfinance:HTTP Error 404: 
ERROR:yfinance:HTTP Error 404: 
ERROR:yfinance:HTTP Error 404: 
ERROR:yfinance:HTTP Error 404: 
ERROR:yfinance:HTTP Error 404: 
ERROR:yfinance:HTTP Error 500: 
ERROR:yfinance:HTTP Error 404: 
ERROR:yfinance:HTTP Error 500: 
ERROR:yfinance:HTTP Error 404: 
ERROR:yfinance:HTTP Error 404: 
ERROR:yfinance:Failed to perform, curl: (16) . See https://curl.se/libcurl/c/libcurl-errors.html first for more details.
ERROR:yfinance:HTTP Error 404: 
ERROR:yfinance:HTTP Error 404: 
ERROR:yfinance:HTTP Error 404: 
ERROR:yfinance:HTTP Error 404: 
ERROR:yfinance:Failed to get ticker 'ADEN.SW' reason: Failed to perform, curl: (16) . See https://curl.se/libcurl/c/libcurl-errors.html first for more details.
ERROR:yfinance:HTTP Error 404: 
ERROR:yfinance:HTTP Error 404: 
ERROR:yfinance:HTTP Error 404: 
ERROR:yfinance:HTTP Error 404: 
ERROR:yfinance:HTTP Error 404: 
ERROR:yfinance:HTTP Error 404: 
ERROR:yfinance:HTTP Error 404: 
ERROR:yfinance:HTTP Error 404: 
ERROR:yfinance:HTTP Error 404: 
ERROR:yfinance:HTTP Error 404: 
ERROR:yfinance:HTTP Error 404: 
ERROR:yfinance:HTTP Error 404: 
ERROR:yfinance:HTTP Error 404: 
ERROR:yfinance:HTTP Error 404: 
ERROR:yfinance:HTTP Error 404: 
ERROR:yfinance:HTTP Error 404: 
ERROR:yfinance:HTTP Error 404: 
ERROR:yfinance:HTTP Error 404: 
ERROR:yfinance:HTTP Error 404: 
ERROR:yfinance:HTTP Error 404: 
ERROR:yfinance:HTTP Error 404: 
ERROR:yfinance:HTTP Error 404: 
ERROR:yfinance:HTTP Error 404: 
ERROR:yfinance:HTTP Error 404: 
ERROR:yfinance:HTTP Error 404: 
ERROR:yfinance:HTTP Error 404: 
ERROR:yfinance:HTTP Error 404: 
ERROR:yfinance:HTTP Error 404: 
ERROR:yfinance:HTTP Error 404: 
ERROR:yfinance:HTTP Error 404: 
ERROR:yfinance:HTTP Error 404: 
ERROR:yfinance:HTTP Error 404: 
ERROR:yfinance:HTTP Error 404: 
ERROR:yfinance:HTTP Error 404: 
ERROR:yfinance:HTTP Error 404: 
ERROR:yfinance:HTTP Error 404: 
ERROR:yfinance:HTTP Error 404: 
ERROR:yfinance:HTTP Error 404: 
ERROR:yfinance:HTTP Error 404: 
ERROR:yfinance:HTTP Error 404: 
ERROR:yfinance:HTTP Error 404: 
ERROR:yfinance:HTTP Error 404: 
ERROR:yfinance:HTTP Error 404: 
ERROR:yfinance:HTTP Error 404: 
ERROR:yfinance:HTTP Error 404: 
ERROR:yfinance:HTTP Error 404: 
ERROR:yfinance:HTTP Error 404: 
ERROR:yfinance:HTTP Error 404: 
ERROR:yfinance:HTTP Error 404: 
ERROR:yfinance:Failed to perform, curl: (16) . See https://curl.se/libcurl/c/libcurl-errors.html first for more details.
ERROR:yfinance:HTTP Error 404: 
ERROR:yfinance:HTTP Error 404: 
ERROR:yfinance:HTTP Error 404: 
ERROR:yfinance:HTTP Error 404: 
ERROR:yfinance:HTTP Error 404: 
ERROR:yfinance:HTTP Error 404: 
ERROR:yfinance:Failed to get ticker 'OTTR' reason: Failed to perform, curl: (16) . See https://curl.se/libcurl/c/libcurl-errors.html first for more details.
ERROR:yfinance:HTTP Error 404: 
ERROR:yfinance:HTTP Error 404: 
ERROR:yfinance:HTTP Error 404: 
ERROR:yfinance:HTTP Error 404: 
ERROR:yfinance:HTTP Error 404: 
ERROR:yfinance:HTTP Error 404: 
ERROR:yfinance:HTTP Error 404: 
ERROR:yfinance:HTTP Error 404: 
ERROR:yfinance:HTTP Error 404: 
ERROR:yfinance:HTTP Error 404: 
ERROR:yfinance:HTTP Error 404: 
ERROR:yfinance:HTTP Error 404: 
ERROR:yfinance:HTTP Error 404: 
ERROR:yfinance:HTTP Error 404: 
ERROR:yfinance:HTTP Error 404: 
ERROR:yfinance:HTTP Error 404: 
ERROR:yfinance:HTTP Error 404: 
ERROR:yfinance:HTTP Error 404: 
ERROR:yfinance:HTTP Error 404: 
ERROR:yfinance:HTTP Error 404: 
ERROR:yfinance:HTTP Error 404: 
ERROR:yfinance:HTTP Error 404: 
ERROR:yfinance:HTTP Error 404: 
ERROR:yfinance:HTTP Error 404: 
ERROR:yfinance:HTTP Error 404: 
ERROR:yfinance:HTTP Error 404: 
ERROR:yfinance:HTTP Error 404: 
ERROR:yfinance:HTTP Error 404: 
ERROR:yfinance:HTTP Error 404: 
ERROR:yfinance:HTTP Error 404: 
ERROR:yfinance:HTTP Error 404: 
ERROR:yfinance:HTTP Error 404: 
ERROR:yfinance:HTTP Error 404: 
ERROR:yfinance:HTTP Error 404: 
ERROR:yfinance:HTTP Error 404: 
ERROR:yfinance:HTTP Error 404: 
ERROR:yfinance:HTTP Error 404: 
ERROR:yfinance:HTTP Error 404: 
ERROR:yfinance:HTTP Error 404: 
ERROR:yfinance:HTTP Error 404: 
ERROR:yfinance:HTTP Error 404: 
ERROR:yfinance:HTTP Error 404: 
ERROR:yfinance:HTTP Error 404: 
ERROR:yfinance:HTTP Error 404: 
ERROR:yfinance:HTTP Error 404: 
ERROR:yfinance:HTTP Error 404: 
ERROR:yfinance:HTTP Error 404: 
ERROR:yfinance:HTTP Error 404: 
ERROR:yfinance:$WLI.WA: possibly delisted; no price data found  (period=2y) (Yahoo error = "No data found, symbol may be delisted")
ERROR:yfinance:$WLI.WA: possibly delisted; no price data found  (period=5d) (Yahoo error = "No data found, symbol may be delisted")
ERROR:yfinance:HTTP Error 404: 
ERROR:yfinance:HTTP Error 404: 
ERROR:yfinance:HTTP Error 404: 
ERROR:yfinance:HTTP Error 404: 
ERROR:yfinance:HTTP Error 404: 
ERROR:yfinance:HTTP Error 404: 
ERROR:yfinance:HTTP Error 404: 
ERROR:yfinance:HTTP Error 500: 
ERROR:yfinance:HTTP Error 404: 
ERROR:yfinance:HTTP Error 404: 
ERROR:yfinance:HTTP Error 404: 
ERROR:yfinance:HTTP Error 404: 
ERROR:yfinance:HTTP Error 404: 
ERROR:yfinance:Failed to perform, curl: (16) . See https://curl.se/libcurl/c/libcurl-errors.html first for more details.
ERROR:yfinance:HTTP Error 404: 
ERROR:yfinance:HTTP Error 404: 
ERROR:yfinance:HTTP Error 404: 
ERROR:yfinance:HTTP Error 404: 
ERROR:yfinance:HTTP Error 404: 
ERROR:yfinance:HTTP Error 404: 
ERROR:yfinance:HTTP Error 404: 
ERROR:yfinance:HTTP Error 404: 
ERROR:yfinance:HTTP Error 404: 
ERROR:yfinance:Failed to get ticker 'CROX' reason: Failed to perform, curl: (16) . See https://curl.se/libcurl/c/libcurl-errors.html first for more details.
ERROR:yfinance:HTTP Error 404: 
ERROR:yfinance:HTTP Error 404: 
ERROR:yfinance:HTTP Error 404: 
ERROR:yfinance:HTTP Error 404: 
ERROR:yfinance:HTTP Error 404: 
ERROR:yfinance:HTTP Error 404: 
ERROR:yfinance:HTTP Error 404: 
ERROR:yfinance:HTTP Error 404: 
ERROR:yfinance:HTTP Error 404: 
ERROR:yfinance:HTTP Error 404: 
ERROR:yfinance:HTTP Error 404: 
ERROR:yfinance:HTTP Error 404: 
ERROR:yfinance:HTTP Error 404: 
ERROR:yfinance:HTTP Error 404: 
ERROR:yfinance:HTTP Error 404: 
ERROR:yfinance:HTTP Error 404: 
ERROR:yfinance:HTTP Error 404: 
ERROR:yfinance:HTTP Error 404: 
ERROR:yfinance:HTTP Error 404: 
ERROR:yfinance:HTTP Error 404: 
ERROR:yfinance:Failed to get ticker '1905.HK' reason: Failed to perform, curl: (28) Operation timed out after 10002 milliseconds with 0 bytes received. See https://curl.se/libcurl/c/libcurl-errors.html first for more details.
ERROR:yfinance:$1905.HK: possibly delisted; no price data found  (period=2y)
ERROR:yfinance:$1905.HK: possibly delisted; no price data found  (period=5d)
ERROR:yfinance:$KMK.L: possibly delisted; no price data found  (period=2y)
ERROR:yfinance:HTTP Error 404: 
ERROR:yfinance:HTTP Error 404: 
ERROR:yfinance:HTTP Error 404: 
ERROR:yfinance:HTTP Error 500: 
ERROR:yfinance:HTTP Error 404: 
ERROR:yfinance:HTTP Error 500: 
ERROR:yfinance:HTTP Error 404: 
ERROR:yfinance:HTTP Error 404: 
ERROR:yfinance:HTTP Error 404: 
ERROR:yfinance:HTTP Error 404: 
ERROR:yfinance:HTTP Error 404: 
ERROR:yfinance:HTTP Error 404: 
ERROR:yfinance:HTTP Error 404: 
ERROR:yfinance:HTTP Error 404: 
ERROR:yfinance:HTTP Error 404: 
ERROR:yfinance:HTTP Error 404: 
ERROR:yfinance:HTTP Error 404: 
ERROR:yfinance:HTTP Error 404: 
ERROR:yfinance:HTTP Error 404: 
ERROR:yfinance:HTTP Error 404: 
ERROR:yfinance:HTTP Error 404: 
ERROR:yfinance:HTTP Error 404: 
ERROR:yfinance:HTTP Error 404: 
ERROR:yfinance:HTTP Error 404: 
ERROR:yfinance:HTTP Error 404: 
ERROR:yfinance:HTTP Error 404: 
ERROR:yfinance:HTTP Error 404: 
ERROR:yfinance:HTTP Error 404: 
ERROR:yfinance:HTTP Error 404: 
ERROR:yfinance:HTTP Error 404: 
ERROR:yfinance:HTTP Error 404: 
ERROR:yfinance:HTTP Error 404: 
ERROR:yfinance:HTTP Error 404: 
ERROR:yfinance:HTTP Error 404: 
ERROR:yfinance:HTTP Error 404: 
ERROR:yfinance:HTTP Error 404: 
ERROR:yfinance:HTTP Error 404: 
ERROR:yfinance:HTTP Error 404: 
ERROR:yfinance:HTTP Error 404: 
ERROR:yfinance:HTTP Error 404: 
ERROR:yfinance:HTTP Error 404: 
ERROR:yfinance:HTTP Error 404: 
ERROR:yfinance:HTTP Error 404: 
ERROR:yfinance:HTTP Error 404: 
ERROR:yfinance:HTTP Error 404: 
ERROR:yfinance:HTTP Error 404: 
ERROR:yfinance:HTTP Error 404: 
ERROR:yfinance:HTTP Error 404: 
ERROR:yfinance:HTTP Error 404: 
ERROR:yfinance:HTTP Error 404: 
ERROR:yfinance:HTTP Error 404: 
ERROR:yfinance:HTTP Error 404: 
ERROR:yfinance:HTTP Error 404: 
ERROR:yfinance:HTTP Error 404: 
ERROR:yfinance:HTTP Error 404: 
ERROR:yfinance:HTTP Error 404: 
ERROR:yfinance:HTTP Error 404: 
ERROR:yfinance:HTTP Error 404: 
ERROR:yfinance:HTTP Error 404: 
ERROR:yfinance:HTTP Error 404: 
ERROR:yfinance:HTTP Error 404: 
ERROR:yfinance:HTTP Error 404: 
ERROR:yfinance:Failed to perform, curl: (16) . See https://curl.se/libcurl/c/libcurl-errors.html first for more details.
ERROR:yfinance:Failed to get ticker 'DOM.ST' reason: Failed to perform, curl: (16) . See https://curl.se/libcurl/c/libcurl-errors.html first for more details.
ERROR:yfinance:HTTP Error 404: 
ERROR:yfinance:HTTP Error 404: 
ERROR:yfinance:HTTP Error 404: 
ERROR:yfinance:HTTP Error 404: 
ERROR:yfinance:HTTP Error 404: 
ERROR:yfinance:HTTP Error 404: 
ERROR:yfinance:HTTP Error 404: 
ERROR:yfinance:HTTP Error 404: 
ERROR:yfinance:HTTP Error 404: 
ERROR:yfinance:HTTP Error 404: 
ERROR:yfinance:HTTP Error 404: 
ERROR:yfinance:HTTP Error 404: 
ERROR:yfinance:HTTP Error 404: 
ERROR:yfinance:HTTP Error 404: 
ERROR:yfinance:HTTP Error 404: 
ERROR:yfinance:HTTP Error 404: 
ERROR:yfinance:HTTP Error 404: 
ERROR:yfinance:HTTP Error 404: 
ERROR:yfinance:HTTP Error 404: 
ERROR:yfinance:HTTP Error 404: 
ERROR:yfinance:HTTP Error 404: 
ERROR:yfinance:HTTP Error 404: 
ERROR:yfinance:HTTP Error 404: 
ERROR:yfinance:HTTP Error 404: 
ERROR:yfinance:HTTP Error 404: 
ERROR:yfinance:HTTP Error 404: 
ERROR:yfinance:HTTP Error 404: 
ERROR:yfinance:HTTP Error 404: 
ERROR:yfinance:HTTP Error 404: 
ERROR:yfinance:HTTP Error 404: 
ERROR:yfinance:HTTP Error 404: 
ERROR:yfinance:HTTP Error 404: 
ERROR:yfinance:HTTP Error 404: 
ERROR:yfinance:HTTP Error 404: 
ERROR:yfinance:HTTP Error 404: 
ERROR:yfinance:HTTP Error 404: 
ERROR:yfinance:HTTP Error 404: 
ERROR:yfinance:HTTP Error 404: 
ERROR:yfinance:HTTP Error 404: 
ERROR:yfinance:HTTP Error 404: 
ERROR:yfinance:HTTP Error 404: 
ERROR:yfinance:HTTP Error 404: 
ERROR:yfinance:HTTP Error 404: 
ERROR:yfinance:HTTP Error 404: 
ERROR:yfinance:HTTP Error 404: 
ERROR:yfinance:HTTP Error 404: 
ERROR:yfinance:HTTP Error 404: 
ERROR:yfinance:HTTP Error 404: 
ERROR:yfinance:HTTP Error 404: 
ERROR:yfinance:HTTP Error 404: 
ERROR:yfinance:HTTP Error 404: 
ERROR:yfinance:HTTP Error 404: 
ERROR:yfinance:HTTP Error 404: 
ERROR:yfinance:HTTP Error 404: 
ERROR:yfinance:$WLI.WA: possibly delisted; no price data found  (period=2y) (Yahoo error = "No data found, symbol may be delisted")
ERROR:yfinance:$WLI.WA: possibly delisted; no price data found  (period=5d) (Yahoo error = "No data found, symbol may be delisted")
ERROR:yfinance:HTTP Error 404: 
ERROR:yfinance:HTTP Error 404: 
ERROR:yfinance:HTTP Error 404: 
ERROR:yfinance:HTTP Error 404: 
ERROR:yfinance:HTTP Error 404: 
ERROR:yfinance:HTTP Error 404: 
ERROR:yfinance:HTTP Error 404: 
ERROR:yfinance:HTTP Error 500: 
ERROR:yfinance:HTTP Error 404: 
ERROR:yfinance:HTTP Error 404: 
ERROR:yfinance:HTTP Error 404: 
ERROR:yfinance:HTTP Error 404: 
ERROR:yfinance:HTTP Error 404: 
ERROR:yfinance:HTTP Error 404: 
ERROR:yfinance:HTTP Error 404: 
ERROR:yfinance:HTTP Error 404: 
ERROR:yfinance:HTTP Error 404: 
ERROR:yfinance:HTTP Error 404: 
ERROR:yfinance:Failed to perform, curl: (16) . See https://curl.se/libcurl/c/libcurl-errors.html first for more details.
ERROR:yfinance:HTTP Error 404: 
ERROR:yfinance:HTTP Error 404: 
ERROR:yfinance:HTTP Error 404: 
ERROR:yfinance:HTTP Error 404: 
ERROR:yfinance:HTTP Error 404: 
ERROR:yfinance:HTTP Error 404: 
ERROR:yfinance:HTTP Error 404: 
ERROR:yfinance:HTTP Error 404: 
ERROR:yfinance:HTTP Error 404: 
ERROR:yfinance:HTTP Error 404: 
ERROR:yfinance:HTTP Error 404: 
ERROR:yfinance:HTTP Error 404: 
ERROR:yfinance:HTTP Error 404: 
ERROR:yfinance:HTTP Error 404: 
ERROR:yfinance:HTTP Error 404: 
ERROR:yfinance:HTTP Error 404: 
ERROR:yfinance:HTTP Error 404: 
ERROR:yfinance:HTTP Error 404: 
ERROR:yfinance:HTTP Error 404: 
ERROR:yfinance:HTTP Error 404: 
ERROR:yfinance:HTTP Error 404: 
ERROR:yfinance:HTTP Error 404: 
ERROR:yfinance:HTTP Error 404: 
ERROR:yfinance:HTTP Error 404: 
ERROR:yfinance:HTTP Error 404: 
ERROR:yfinance:HTTP Error 404: 
ERROR:yfinance:HTTP Error 404: 
ERROR:yfinance:HTTP Error 500: 
ERROR:yfinance:HTTP Error 404: 
ERROR:yfinance:HTTP Error 500: 
ERROR:yfinance:HTTP Error 404: 
ERROR:yfinance:HTTP Error 404: 
ERROR:yfinance:HTTP Error 404: 
ERROR:yfinance:HTTP Error 404: 
ERROR:yfinance:HTTP Error 404: 
ERROR:yfinance:HTTP Error 404: 
ERROR:yfinance:HTTP Error 404: 
ERROR:yfinance:HTTP Error 404: 
ERROR:yfinance:HTTP Error 404: 
ERROR:yfinance:HTTP Error 404: 
ERROR:yfinance:HTTP Error 404: 
ERROR:yfinance:HTTP Error 404: 
ERROR:yfinance:HTTP Error 404: 
ERROR:yfinance:HTTP Error 404: 
ERROR:yfinance:HTTP Error 404: 
ERROR:yfinance:HTTP Error 404: 
ERROR:yfinance:HTTP Error 404: 
ERROR:yfinance:HTTP Error 404: 
ERROR:yfinance:HTTP Error 404: 
ERROR:yfinance:HTTP Error 404: 
ERROR:yfinance:HTTP Error 404: 
ERROR:yfinance:HTTP Error 404: 
ERROR:yfinance:HTTP Error 404: 
ERROR:yfinance:HTTP Error 404: 
ERROR:yfinance:HTTP Error 404: 
ERROR:yfinance:HTTP Error 404: 
ERROR:yfinance:HTTP Error 404: 
ERROR:yfinance:HTTP Error 404: 
ERROR:yfinance:HTTP Error 404: 
ERROR:yfinance:HTTP Error 404: 
ERROR:yfinance:HTTP Error 404: 
ERROR:yfinance:HTTP Error 404: 
ERROR:yfinance:HTTP Error 404: 
ERROR:yfinance:HTTP Error 404: 
ERROR:yfinance:HTTP Error 404: 
ERROR:yfinance:HTTP Error 404: 
ERROR:yfinance:HTTP Error 404: 
ERROR:yfinance:HTTP Error 404: 
ERROR:yfinance:HTTP Error 404: 
ERROR:yfinance:HTTP Error 404: 
ERROR:yfinance:HTTP Error 404: 
ERROR:yfinance:HTTP Error 404: 
ERROR:yfinance:HTTP Error 404: 
ERROR:yfinance:HTTP Error 404: 
ERROR:yfinance:HTTP Error 404: 
ERROR:yfinance:HTTP Error 404: 
ERROR:yfinance:HTTP Error 404: 
ERROR:yfinance:HTTP Error 404: 
ERROR:yfinance:HTTP Error 404: 
ERROR:yfinance:HTTP Error 404: 
ERROR:yfinance:HTTP Error 404: 
ERROR:yfinance:HTTP Error 404: 
ERROR:yfinance:HTTP Error 404: 
ERROR:yfinance:HTTP Error 404: 
ERROR:yfinance:HTTP Error 404: 
ERROR:yfinance:HTTP Error 404: 
ERROR:yfinance:HTTP Error 404: 
ERROR:yfinance:HTTP Error 404: 
ERROR:yfinance:HTTP Error 404: 
ERROR:yfinance:HTTP Error 404: 
ERROR:yfinance:HTTP Error 404: 
ERROR:yfinance:HTTP Error 404: 
ERROR:yfinance:HTTP Error 404: 
ERROR:yfinance:HTTP Error 404: 
ERROR:yfinance:HTTP Error 404: 
ERROR:yfinance:HTTP Error 404: 
ERROR:yfinance:HTTP Error 404: 
ERROR:yfinance:HTTP Error 404: 
ERROR:yfinance:HTTP Error 404: 
ERROR:yfinance:HTTP Error 404: 
ERROR:yfinance:HTTP Error 404: 
ERROR:yfinance:HTTP Error 404: 
ERROR:yfinance:HTTP Error 404: 
ERROR:yfinance:HTTP Error 404: 
ERROR:yfinance:HTTP Error 404: 
ERROR:yfinance:HTTP Error 404: 
ERROR:yfinance:HTTP Error 404: 
ERROR:yfinance:HTTP Error 404: 
ERROR:yfinance:HTTP Error 404: 
ERROR:yfinance:HTTP Error 404: 
ERROR:yfinance:HTTP Error 404: 
ERROR:yfinance:HTTP Error 404: 
ERROR:yfinance:HTTP Error 404: 
ERROR:yfinance:HTTP Error 404: 
ERROR:yfinance:HTTP Error 404: 
ERROR:yfinance:HTTP Error 404: 
ERROR:yfinance:HTTP Error 404: 
ERROR:yfinance:HTTP Error 404: 
ERROR:yfinance:HTTP Error 404: 
ERROR:yfinance:HTTP Error 404: 
ERROR:yfinance:HTTP Error 404: 
ERROR:yfinance:HTTP Error 404: 
ERROR:yfinance:HTTP Error 404: 
ERROR:yfinance:HTTP Error 404: 
ERROR:yfinance:HTTP Error 404: 
ERROR:yfinance:HTTP Error 404: 
ERROR:yfinance:HTTP Error 404: 
ERROR:yfinance:HTTP Error 404: 
ERROR:yfinance:HTTP Error 404: 
ERROR:yfinance:HTTP Error 404: 
ERROR:yfinance:HTTP Error 404: 
ERROR:yfinance:HTTP Error 404: 
ERROR:yfinance:HTTP Error 404: 
ERROR:yfinance:HTTP Error 404: 
ERROR:yfinance:HTTP Error 404: 
ERROR:yfinance:HTTP Error 404: 
ERROR:yfinance:HTTP Error 404: 
ERROR:yfinance:HTTP Error 404: 
ERROR:yfinance:HTTP Error 404: 
ERROR:yfinance:HTTP Error 404: 
ERROR:yfinance:$WLI.WA: possibly delisted; no price data found  (period=2y) (Yahoo error = "No data found, symbol may be delisted")
ERROR:yfinance:$WLI.WA: possibly delisted; no price data found  (period=5d) (Yahoo error = "No data found, symbol may be delisted")
ERROR:yfinance:HTTP Error 404: 
ERROR:yfinance:HTTP Error 404: 
ERROR:yfinance:HTTP Error 404: 
ERROR:yfinance:HTTP Error 404: 
ERROR:yfinance:HTTP Error 404: 
ERROR:yfinance:HTTP Error 404: 
ERROR:yfinance:HTTP Error 404: 
ERROR:yfinance:HTTP Error 500: 
ERROR:yfinance:HTTP Error 404: 
ERROR:yfinance:HTTP Error 404: 
ERROR:yfinance:HTTP Error 404: 
ERROR:yfinance:HTTP Error 404: 
ERROR:yfinance:HTTP Error 404: 
ERROR:yfinance:HTTP Error 404: 
ERROR:yfinance:HTTP Error 404: 
ERROR:yfinance:HTTP Error 404: 
ERROR:yfinance:HTTP Error 404: 
ERROR:yfinance:HTTP Error 404: 
ERROR:yfinance:HTTP Error 404: 
ERROR:yfinance:HTTP Error 404: 
ERROR:yfinance:HTTP Error 404: 
ERROR:yfinance:HTTP Error 404: 
ERROR:yfinance:HTTP Error 404: 
ERROR:yfinance:HTTP Error 404: 
ERROR:yfinance:HTTP Error 404: 
ERROR:yfinance:HTTP Error 404: 
ERROR:yfinance:Failed to perform, curl: (16) . See https://curl.se/libcurl/c/libcurl-errors.html first for more details.
ERROR:yfinance:HTTP Error 404: 
ERROR:yfinance:HTTP Error 404: 
ERROR:yfinance:HTTP Error 404: 
ERROR:yfinance:HTTP Error 404: 
ERROR:yfinance:HTTP Error 404: 
ERROR:yfinance:HTTP Error 404: 
ERROR:yfinance:HTTP Error 404: 
ERROR:yfinance:HTTP Error 404: 
ERROR:yfinance:HTTP Error 404: 
ERROR:yfinance:HTTP Error 404: 
ERROR:yfinance:HTTP Error 404: 
ERROR:yfinance:HTTP Error 404: 
ERROR:yfinance:HTTP Error 404: 
ERROR:yfinance:HTTP Error 404: 
ERROR:yfinance:HTTP Error 404: 
ERROR:yfinance:$5TL.BE: possibly delisted; no price data found  (period=2y) (Yahoo error = "No data found, symbol may be delisted")
ERROR:yfinance:$5TL.BE: possibly delisted; no price data found  (period=5d) (Yahoo error = "No data found, symbol may be delisted")
ERROR:yfinance:HTTP Error 404: 
ERROR:yfinance:HTTP Error 404: 
ERROR:yfinance:HTTP Error 404: 
ERROR:yfinance:HTTP Error 404: 
ERROR:yfinance:HTTP Error 404: 
ERROR:yfinance:HTTP Error 500: 
ERROR:yfinance:HTTP Error 404: 
ERROR:yfinance:HTTP Error 500: 
ERROR:yfinance:HTTP Error 404: 
ERROR:yfinance:HTTP Error 404: 
ERROR:yfinance:HTTP Error 404: 
ERROR:yfinance:HTTP Error 404: 
ERROR:yfinance:HTTP Error 404: 
ERROR:yfinance:HTTP Error 404: 
ERROR:yfinance:HTTP Error 404: 
ERROR:yfinance:HTTP Error 404: 
ERROR:yfinance:HTTP Error 404: 
ERROR:yfinance:HTTP Error 404: 
ERROR:yfinance:HTTP Error 404: 
ERROR:yfinance:HTTP Error 404: 
ERROR:yfinance:HTTP Error 404: 
ERROR:yfinance:HTTP Error 404: 
ERROR:yfinance:HTTP Error 404: 
ERROR:yfinance:HTTP Error 404: 
ERROR:yfinance:HTTP Error 404: 
ERROR:yfinance:HTTP Error 404: 
ERROR:yfinance:HTTP Error 404: 
ERROR:yfinance:HTTP Error 404: 
ERROR:yfinance:HTTP Error 404: 
ERROR:yfinance:HTTP Error 404: 
ERROR:yfinance:HTTP Error 404: 
ERROR:yfinance:HTTP Error 404: 
ERROR:yfinance:HTTP Error 404: 
ERROR:yfinance:HTTP Error 404: 
ERROR:yfinance:HTTP Error 404: 
ERROR:yfinance:HTTP Error 404: 
ERROR:yfinance:HTTP Error 404: 
ERROR:yfinance:HTTP Error 404: 
ERROR:yfinance:HTTP Error 404: 
ERROR:yfinance:HTTP Error 404: 
ERROR:yfinance:HTTP Error 404: 
ERROR:yfinance:HTTP Error 404: 
ERROR:yfinance:HTTP Error 404: 
ERROR:yfinance:HTTP Error 404: 
ERROR:yfinance:HTTP Error 404: 
ERROR:yfinance:HTTP Error 404: 
ERROR:yfinance:HTTP Error 404: 
ERROR:yfinance:HTTP Error 404: 
ERROR:yfinance:HTTP Error 404: 
ERROR:yfinance:HTTP Error 404: 
ERROR:yfinance:HTTP Error 404: 
ERROR:yfinance:HTTP Error 404: 
ERROR:yfinance:HTTP Error 404: 
ERROR:yfinance:HTTP Error 404: 
ERROR:yfinance:HTTP Error 404: 
ERROR:yfinance:HTTP Error 404: 
ERROR:yfinance:HTTP Error 404: 
ERROR:yfinance:HTTP Error 404: 
ERROR:yfinance:HTTP Error 404: 
ERROR:yfinance:HTTP Error 404: 
ERROR:yfinance:HTTP Error 404: 
ERROR:yfinance:HTTP Error 404: 
ERROR:yfinance:HTTP Error 404: 
ERROR:yfinance:HTTP Error 404: 
ERROR:yfinance:Failed to perform, curl: (16) . See https://curl.se/libcurl/c/libcurl-errors.html first for more details.
ERROR:yfinance:HTTP Error 404: 
ERROR:yfinance:HTTP Error 404: 
ERROR:yfinance:HTTP Error 404: 
ERROR:yfinance:HTTP Error 404: 
ERROR:yfinance:HTTP Error 404: 
ERROR:yfinance:HTTP Error 404: 
ERROR:yfinance:HTTP Error 404: 
ERROR:yfinance:HTTP Error 404: 
ERROR:yfinance:HTTP Error 404: 
ERROR:yfinance:HTTP Error 404: 
ERROR:yfinance:HTTP Error 404: 
ERROR:yfinance:HTTP Error 404: 
ERROR:yfinance:HTTP Error 404: 
ERROR:yfinance:HTTP Error 404: 
ERROR:yfinance:HTTP Error 404: 
ERROR:yfinance:HTTP Error 404: 
ERROR:yfinance:HTTP Error 404: 
ERROR:yfinance:HTTP Error 404: 
ERROR:yfinance:HTTP Error 404: 
ERROR:yfinance:HTTP Error 404: 
ERROR:yfinance:HTTP Error 404: 
ERROR:yfinance:HTTP Error 404: 
ERROR:yfinance:HTTP Error 404: 
ERROR:yfinance:HTTP Error 404: 
ERROR:yfinance:HTTP Error 404: 
ERROR:yfinance:HTTP Error 404: 
ERROR:yfinance:HTTP Error 404: 
ERROR:yfinance:HTTP Error 404: 
ERROR:yfinance:HTTP Error 404: 
ERROR:yfinance:HTTP Error 404: 
ERROR:yfinance:HTTP Error 404: 
ERROR:yfinance:HTTP Error 404: 
ERROR:yfinance:HTTP Error 404: 
ERROR:yfinance:HTTP Error 404: 
ERROR:yfinance:HTTP Error 404: 
ERROR:yfinance:HTTP Error 404: 
ERROR:yfinance:HTTP Error 404: 
ERROR:yfinance:HTTP Error 404: 
ERROR:yfinance:HTTP Error 404: 
ERROR:yfinance:HTTP Error 404: 
ERROR:yfinance:HTTP Error 404: 
ERROR:yfinance:HTTP Error 404: 
ERROR:yfinance:HTTP Error 404: 
ERROR:yfinance:HTTP Error 404: 
ERROR:yfinance:HTTP Error 404: 
ERROR:yfinance:HTTP Error 404: 
ERROR:yfinance:HTTP Error 404: 
ERROR:yfinance:HTTP Error 404: 
ERROR:yfinance:HTTP Error 404: 
ERROR:yfinance:HTTP Error 404: 
ERROR:yfinance:HTTP Error 404: 
ERROR:yfinance:HTTP Error 404: 
ERROR:yfinance:HTTP Error 404: 
ERROR:yfinance:HTTP Error 404: 
ERROR:yfinance:$WLI.WA: possibly delisted; no price data found  (period=2y) (Yahoo error = "No data found, symbol may be delisted")
ERROR:yfinance:$WLI.WA: possibly delisted; no price data found  (period=5d) (Yahoo error = "No data found, symbol may be delisted")
ERROR:yfinance:HTTP Error 404: 
ERROR:yfinance:HTTP Error 404: 
ERROR:yfinance:HTTP Error 404: 
ERROR:yfinance:HTTP Error 404: 
ERROR:yfinance:HTTP Error 404: 
ERROR:yfinance:HTTP Error 404: 
ERROR:yfinance:HTTP Error 404: 
ERROR:yfinance:HTTP Error 500: 
ERROR:yfinance:HTTP Error 404: 
ERROR:yfinance:HTTP Error 404: 
ERROR:yfinance:HTTP Error 404: 
ERROR:yfinance:HTTP Error 404: 
ERROR:yfinance:Failed to perform, curl: (16) . See https://curl.se/libcurl/c/libcurl-errors.html first for more details.
ERROR:yfinance:HTTP Error 404: 
ERROR:yfinance:HTTP Error 404: 
ERROR:yfinance:HTTP Error 404: 
ERROR:yfinance:HTTP Error 404: 
ERROR:yfinance:HTTP Error 404: 
ERROR:yfinance:HTTP Error 404: 
ERROR:yfinance:HTTP Error 404: 
ERROR:yfinance:HTTP Error 404: 
ERROR:yfinance:HTTP Error 404: 
ERROR:yfinance:HTTP Error 404: 
ERROR:yfinance:HTTP Error 404: 
ERROR:yfinance:HTTP Error 404: 
ERROR:yfinance:HTTP Error 404: 
ERROR:yfinance:HTTP Error 404: 
ERROR:yfinance:HTTP Error 404: 
ERROR:yfinance:HTTP Error 404: 
ERROR:yfinance:HTTP Error 404: 
ERROR:yfinance:HTTP Error 404: 
ERROR:yfinance:HTTP Error 404: 
ERROR:yfinance:HTTP Error 404: 
ERROR:yfinance:HTTP Error 404: 
ERROR:yfinance:HTTP Error 404: 
ERROR:yfinance:HTTP Error 404: 
ERROR:yfinance:HTTP Error 404: 
ERROR:yfinance:HTTP Error 404: 
ERROR:yfinance:HTTP Error 404: 
ERROR:yfinance:HTTP Error 404: 
ERROR:yfinance:HTTP Error 404: 
ERROR:yfinance:HTTP Error 404: 
ERROR:yfinance:$5TL.BE: possibly delisted; no price data found  (period=2y) (Yahoo error = "No data found, symbol may be delisted")
ERROR:yfinance:$5TL.BE: possibly delisted; no price data found  (period=5d) (Yahoo error = "No data found, symbol may be delisted")
ERROR:yfinance:HTTP Error 404: 
ERROR:yfinance:HTTP Error 404: 
ERROR:yfinance:HTTP Error 404: 
ERROR:yfinance:HTTP Error 404: 
ERROR:yfinance:HTTP Error 404: 
ERROR:yfinance:HTTP Error 500: 
ERROR:yfinance:HTTP Error 404: 
ERROR:yfinance:HTTP Error 500: 
ERROR:yfinance:HTTP Error 404: 
ERROR:yfinance:HTTP Error 404: 
ERROR:yfinance:HTTP Error 404: 
ERROR:yfinance:HTTP Error 404: 
ERROR:yfinance:HTTP Error 404: 
ERROR:yfinance:HTTP Error 404: 
ERROR:yfinance:HTTP Error 404: 
ERROR:yfinance:HTTP Error 404: 
ERROR:yfinance:HTTP Error 404: 
ERROR:yfinance:HTTP Error 404: 
ERROR:yfinance:HTTP Error 404: 
ERROR:yfinance:HTTP Error 404: 
ERROR:yfinance:HTTP Error 404: 
ERROR:yfinance:HTTP Error 404: 
ERROR:yfinance:HTTP Error 404: 
ERROR:yfinance:HTTP Error 404: 
ERROR:yfinance:HTTP Error 404: 
ERROR:yfinance:HTTP Error 404: 
ERROR:yfinance:HTTP Error 404: 
ERROR:yfinance:HTTP Error 404: 
ERROR:yfinance:HTTP Error 404: 
ERROR:yfinance:HTTP Error 404: 
ERROR:yfinance:HTTP Error 404: 
ERROR:yfinance:HTTP Error 404: 
ERROR:yfinance:HTTP Error 404: 
ERROR:yfinance:HTTP Error 404: 
ERROR:yfinance:HTTP Error 404: 
ERROR:yfinance:HTTP Error 404: 
ERROR:yfinance:HTTP Error 404: 
ERROR:yfinance:HTTP Error 404: 
ERROR:yfinance:HTTP Error 404: 
ERROR:yfinance:HTTP Error 404: 
ERROR:yfinance:HTTP Error 404: 
ERROR:yfinance:HTTP Error 404: 
ERROR:yfinance:HTTP Error 404: 
ERROR:yfinance:HTTP Error 404: 
ERROR:yfinance:HTTP Error 404: 
ERROR:yfinance:HTTP Error 404: 
ERROR:yfinance:HTTP Error 404: 
ERROR:yfinance:HTTP Error 404: 
ERROR:yfinance:HTTP Error 404: 
ERROR:yfinance:HTTP Error 404: 
ERROR:yfinance:HTTP Error 404: 
ERROR:yfinance:HTTP Error 404: 
ERROR:yfinance:HTTP Error 404: 
ERROR:yfinance:HTTP Error 404: 
ERROR:yfinance:HTTP Error 404: 
ERROR:yfinance:HTTP Error 404: 
ERROR:yfinance:HTTP Error 404: 
ERROR:yfinance:HTTP Error 404: 
ERROR:yfinance:HTTP Error 404: 
ERROR:yfinance:HTTP Error 404: 
ERROR:yfinance:HTTP Error 404: 
ERROR:yfinance:HTTP Error 404: 
ERROR:yfinance:HTTP Error 404: 
ERROR:yfinance:HTTP Error 404: 
ERROR:yfinance:Failed to perform, curl: (16) . See https://curl.se/libcurl/c/libcurl-errors.html first for more details.
ERROR:yfinance:HTTP Error 404: 
ERROR:yfinance:HTTP Error 404: 
ERROR:yfinance:HTTP Error 404: 
ERROR:yfinance:HTTP Error 404: 
ERROR:yfinance:HTTP Error 404: 
ERROR:yfinance:HTTP Error 404: 
ERROR:yfinance:HTTP Error 404: 
ERROR:yfinance:HTTP Error 404: 
ERROR:yfinance:HTTP Error 404: 
ERROR:yfinance:HTTP Error 404: 
ERROR:yfinance:HTTP Error 404: 
ERROR:yfinance:HTTP Error 404: 
ERROR:yfinance:HTTP Error 404: 
ERROR:yfinance:HTTP Error 404: 
ERROR:yfinance:HTTP Error 404: 
ERROR:yfinance:HTTP Error 404: 
ERROR:yfinance:HTTP Error 404: 
ERROR:yfinance:HTTP Error 404: 
ERROR:yfinance:HTTP Error 404: 
ERROR:yfinance:HTTP Error 404: 
ERROR:yfinance:HTTP Error 404: 
ERROR:yfinance:HTTP Error 404: 
ERROR:yfinance:HTTP Error 404: 
ERROR:yfinance:HTTP Error 404: 
ERROR:yfinance:HTTP Error 404: 
ERROR:yfinance:HTTP Error 404: 
ERROR:yfinance:HTTP Error 404: 
ERROR:yfinance:HTTP Error 404: 
ERROR:yfinance:HTTP Error 404: 
ERROR:yfinance:HTTP Error 404: 
ERROR:yfinance:HTTP Error 404: 
ERROR:yfinance:HTTP Error 404: 
ERROR:yfinance:HTTP Error 404: 
ERROR:yfinance:HTTP Error 404: 
ERROR:yfinance:HTTP Error 404: 
ERROR:yfinance:HTTP Error 404: 
ERROR:yfinance:HTTP Error 404: 
ERROR:yfinance:HTTP Error 404: 
ERROR:yfinance:HTTP Error 404: 
ERROR:yfinance:HTTP Error 404: 
ERROR:yfinance:HTTP Error 404: 
ERROR:yfinance:HTTP Error 404: 
ERROR:yfinance:HTTP Error 404: 
ERROR:yfinance:HTTP Error 404: 
ERROR:yfinance:HTTP Error 404: 
ERROR:yfinance:HTTP Error 404: 
ERROR:yfinance:HTTP Error 404: 
ERROR:yfinance:HTTP Error 404: 
ERROR:yfinance:HTTP Error 404: 
ERROR:yfinance:HTTP Error 404: 
ERROR:yfinance:HTTP Error 404: 
ERROR:yfinance:HTTP Error 404: 
ERROR:yfinance:HTTP Error 404: 
ERROR:yfinance:HTTP Error 404: 
ERROR:yfinance:$WLI.WA: possibly delisted; no price data found  (period=2y) (Yahoo error = "No data found, symbol may be delisted")
ERROR:yfinance:$WLI.WA: possibly delisted; no price data found  (period=5d) (Yahoo error = "No data found, symbol may be delisted")
ERROR:yfinance:HTTP Error 404: 
ERROR:yfinance:HTTP Error 404: 
ERROR:yfinance:HTTP Error 404: 
ERROR:yfinance:HTTP Error 404: 
ERROR:yfinance:HTTP Error 404: 
ERROR:yfinance:HTTP Error 404: 
ERROR:yfinance:HTTP Error 404: 
ERROR:yfinance:HTTP Error 500: 
ERROR:yfinance:HTTP Error 404: 
ERROR:yfinance:HTTP Error 404: 
ERROR:yfinance:HTTP Error 404: 
ERROR:yfinance:HTTP Error 404: 
ERROR:yfinance:HTTP Error 404: 
ERROR:yfinance:HTTP Error 404: 
ERROR:yfinance:HTTP Error 404: 
ERROR:yfinance:HTTP Error 404: 
ERROR:yfinance:HTTP Error 404: 
ERROR:yfinance:HTTP Error 404: 
ERROR:yfinance:HTTP Error 404: 
ERROR:yfinance:HTTP Error 404: 
ERROR:yfinance:HTTP Error 404: 
ERROR:yfinance:HTTP Error 404: 
ERROR:yfinance:HTTP Error 404: 
ERROR:yfinance:HTTP Error 404: 
ERROR:yfinance:HTTP Error 404: 
ERROR:yfinance:HTTP Error 404: 
ERROR:yfinance:Failed to perform, curl: (16) . See https://curl.se/libcurl/c/libcurl-errors.html first for more details.
ERROR:yfinance:HTTP Error 404: 
ERROR:yfinance:HTTP Error 404: 
ERROR:yfinance:HTTP Error 404: 
ERROR:yfinance:HTTP Error 404: 
ERROR:yfinance:HTTP Error 404: 
ERROR:yfinance:HTTP Error 404: 
ERROR:yfinance:HTTP Error 404: 
ERROR:yfinance:HTTP Error 404: 
ERROR:yfinance:HTTP Error 404: 
ERROR:yfinance:HTTP Error 404: 
ERROR:yfinance:HTTP Error 404: 
ERROR:yfinance:HTTP Error 404: 
ERROR:yfinance:HTTP Error 404: 
ERROR:yfinance:HTTP Error 404: 
ERROR:yfinance:HTTP Error 404: 
ERROR:yfinance:$5TL.BE: possibly delisted; no price data found  (period=2y) (Yahoo error = "No data found, symbol may be delisted")
ERROR:yfinance:$5TL.BE: possibly delisted; no price data found  (period=5d) (Yahoo error = "No data found, symbol may be delisted")
ERROR:yfinance:HTTP Error 404: 
ERROR:yfinance:HTTP Error 404: 
ERROR:yfinance:HTTP Error 404: 
ERROR:yfinance:HTTP Error 404: 
ERROR:yfinance:HTTP Error 404: 
ERROR:yfinance:HTTP Error 500: 
ERROR:yfinance:HTTP Error 404: 
ERROR:yfinance:HTTP Error 500: 
ERROR:yfinance:HTTP Error 404: 
ERROR:yfinance:HTTP Error 404: 
ERROR:yfinance:HTTP Error 404: 
ERROR:yfinance:HTTP Error 404: 
ERROR:yfinance:HTTP Error 404: 
ERROR:yfinance:HTTP Error 404: 
ERROR:yfinance:HTTP Error 404: 
ERROR:yfinance:HTTP Error 404: 
ERROR:yfinance:HTTP Error 404: 
ERROR:yfinance:HTTP Error 404: 
ERROR:yfinance:HTTP Error 404: 
ERROR:yfinance:HTTP Error 404: 
ERROR:yfinance:HTTP Error 404: 
ERROR:yfinance:HTTP Error 404: 
ERROR:yfinance:HTTP Error 404: 
ERROR:yfinance:HTTP Error 404: 
ERROR:yfinance:HTTP Error 404: 
ERROR:yfinance:HTTP Error 404: 
ERROR:yfinance:HTTP Error 404: 
ERROR:yfinance:HTTP Error 404: 
ERROR:yfinance:HTTP Error 404: 
ERROR:yfinance:HTTP Error 404: 
ERROR:yfinance:HTTP Error 404: 
ERROR:yfinance:HTTP Error 404: 
ERROR:yfinance:HTTP Error 404: 
ERROR:yfinance:HTTP Error 404: 
ERROR:yfinance:HTTP Error 404: 
ERROR:yfinance:HTTP Error 404: 
ERROR:yfinance:HTTP Error 404: 
ERROR:yfinance:HTTP Error 404: 
ERROR:yfinance:HTTP Error 404: 
ERROR:yfinance:HTTP Error 404: 
ERROR:yfinance:HTTP Error 404: 
ERROR:yfinance:HTTP Error 404: 
ERROR:yfinance:HTTP Error 404: 
ERROR:yfinance:HTTP Error 404: 
ERROR:yfinance:HTTP Error 404: 
ERROR:yfinance:HTTP Error 404: 
ERROR:yfinance:HTTP Error 404: 
ERROR:yfinance:HTTP Error 404: 
ERROR:yfinance:HTTP Error 404: 
ERROR:yfinance:HTTP Error 404: 
ERROR:yfinance:HTTP Error 404: 
ERROR:yfinance:HTTP Error 404: 
ERROR:yfinance:HTTP Error 404: 
ERROR:yfinance:HTTP Error 404: 
ERROR:yfinance:HTTP Error 404: 
ERROR:yfinance:HTTP Error 404: 
ERROR:yfinance:HTTP Error 404: 
ERROR:yfinance:HTTP Error 404: 
ERROR:yfinance:HTTP Error 404: 
ERROR:yfinance:HTTP Error 404: 
ERROR:yfinance:HTTP Error 404: 
ERROR:yfinance:HTTP Error 404: 
ERROR:yfinance:HTTP Error 404: 
ERROR:yfinance:HTTP Error 404: 
ERROR:yfinance:Failed to perform, curl: (16) . See https://curl.se/libcurl/c/libcurl-errors.html first for more details.
ERROR:yfinance:HTTP Error 404: 
ERROR:yfinance:HTTP Error 404: 
ERROR:yfinance:HTTP Error 404: 
ERROR:yfinance:HTTP Error 404: 
ERROR:yfinance:HTTP Error 404: 
ERROR:yfinance:HTTP Error 404: 
ERROR:yfinance:HTTP Error 404: 
ERROR:yfinance:HTTP Error 404: 
ERROR:yfinance:HTTP Error 404: 
ERROR:yfinance:HTTP Error 404: 
ERROR:yfinance:HTTP Error 404: 
ERROR:yfinance:HTTP Error 404: 
ERROR:yfinance:HTTP Error 404: 
ERROR:yfinance:HTTP Error 404: 
ERROR:yfinance:HTTP Error 404: 
ERROR:yfinance:HTTP Error 404: 
ERROR:yfinance:HTTP Error 404: 
ERROR:yfinance:HTTP Error 404: 
ERROR:yfinance:HTTP Error 404: 
ERROR:yfinance:HTTP Error 404: 
ERROR:yfinance:HTTP Error 404: 
ERROR:yfinance:HTTP Error 404: 
ERROR:yfinance:HTTP Error 404: 
ERROR:yfinance:HTTP Error 404: 
ERROR:yfinance:HTTP Error 404: 
ERROR:yfinance:HTTP Error 404: 
ERROR:yfinance:HTTP Error 404: 
ERROR:yfinance:HTTP Error 404: 
ERROR:yfinance:HTTP Error 404: 
ERROR:yfinance:HTTP Error 404: 
ERROR:yfinance:HTTP Error 404: 
ERROR:yfinance:HTTP Error 404: 
ERROR:yfinance:HTTP Error 404: 
ERROR:yfinance:HTTP Error 404: 
ERROR:yfinance:HTTP Error 404: 
ERROR:yfinance:HTTP Error 404: 
ERROR:yfinance:HTTP Error 404: 
ERROR:yfinance:HTTP Error 404: 
ERROR:yfinance:HTTP Error 404: 
ERROR:yfinance:HTTP Error 404: 
ERROR:yfinance:HTTP Error 404: 
ERROR:yfinance:HTTP Error 404: 
ERROR:yfinance:HTTP Error 404: 
ERROR:yfinance:HTTP Error 404: 
ERROR:yfinance:HTTP Error 404: 
ERROR:yfinance:HTTP Error 404: 
ERROR:yfinance:HTTP Error 404: 
ERROR:yfinance:HTTP Error 404: 
ERROR:yfinance:HTTP Error 404: 
ERROR:yfinance:HTTP Error 404: 
ERROR:yfinance:HTTP Error 404: 
ERROR:yfinance:HTTP Error 404: 
ERROR:yfinance:HTTP Error 404: 
ERROR:yfinance:HTTP Error 404: 
ERROR:yfinance:HTTP Error 404: 
ERROR:yfinance:$WLI.WA: possibly delisted; no price data found  (period=2y) (Yahoo error = "No data found, symbol may be delisted")
ERROR:yfinance:$WLI.WA: possibly delisted; no price data found  (period=5d) (Yahoo error = "No data found, symbol may be delisted")
ERROR:yfinance:HTTP Error 404: 
ERROR:yfinance:HTTP Error 404: 
ERROR:yfinance:HTTP Error 404: 
ERROR:yfinance:HTTP Error 404: 
ERROR:yfinance:HTTP Error 404: 
ERROR:yfinance:HTTP Error 404: 
ERROR:yfinance:HTTP Error 404: 
ERROR:yfinance:HTTP Error 500: 
ERROR:yfinance:HTTP Error 404: 
ERROR:yfinance:HTTP Error 404: 
ERROR:yfinance:HTTP Error 404: 
ERROR:yfinance:HTTP Error 404: 
ERROR:yfinance:HTTP Error 404: 
ERROR:yfinance:HTTP Error 404: 
ERROR:yfinance:HTTP Error 404: 
ERROR:yfinance:HTTP Error 404: 
ERROR:yfinance:HTTP Error 404: 
ERROR:yfinance:HTTP Error 404: 
ERROR:yfinance:HTTP Error 404: 
ERROR:yfinance:HTTP Error 404: 
ERROR:yfinance:HTTP Error 404: 
ERROR:yfinance:HTTP Error 404: 
ERROR:yfinance:HTTP Error 404: 
ERROR:yfinance:HTTP Error 404: 
ERROR:yfinance:HTTP Error 404: 
ERROR:yfinance:HTTP Error 404: 
ERROR:yfinance:Failed to perform, curl: (16) . See https://curl.se/libcurl/c/libcurl-errors.html first for more details.
ERROR:yfinance:HTTP Error 404: 
ERROR:yfinance:HTTP Error 404: 
ERROR:yfinance:HTTP Error 404: 
ERROR:yfinance:HTTP Error 404: 
ERROR:yfinance:HTTP Error 404: 
ERROR:yfinance:HTTP Error 404: 
ERROR:yfinance:HTTP Error 404: 
ERROR:yfinance:HTTP Error 404: 
ERROR:yfinance:HTTP Error 404: 
ERROR:yfinance:HTTP Error 404: 
ERROR:yfinance:HTTP Error 404: 
ERROR:yfinance:HTTP Error 404: 
ERROR:yfinance:HTTP Error 404: 
ERROR:yfinance:HTTP Error 404: 
ERROR:yfinance:HTTP Error 404: 
ERROR:yfinance:$5TL.BE: possibly delisted; no price data found  (period=2y) (Yahoo error = "No data found, symbol may be delisted")
ERROR:yfinance:$5TL.BE: possibly delisted; no price data found  (period=5d) (Yahoo error = "No data found, symbol may be delisted")
ERROR:yfinance:HTTP Error 404: 
ERROR:yfinance:HTTP Error 404: 
ERROR:yfinance:HTTP Error 404: 
ERROR:yfinance:HTTP Error 404: 
ERROR:yfinance:HTTP Error 404: 
ERROR:yfinance:HTTP Error 500: 
ERROR:yfinance:HTTP Error 404: 
ERROR:yfinance:HTTP Error 500: 
ERROR:yfinance:HTTP Error 404: 
ERROR:yfinance:HTTP Error 404: 
ERROR:yfinance:HTTP Error 404: 
ERROR:yfinance:HTTP Error 404: 
ERROR:yfinance:HTTP Error 404: 
ERROR:yfinance:HTTP Error 404: 
ERROR:yfinance:HTTP Error 404: 
ERROR:yfinance:HTTP Error 404: 
ERROR:yfinance:HTTP Error 404: 
ERROR:yfinance:HTTP Error 404: 
ERROR:yfinance:HTTP Error 404: 
ERROR:yfinance:HTTP Error 404: 
ERROR:yfinance:HTTP Error 404: 
ERROR:yfinance:HTTP Error 404: 
ERROR:yfinance:HTTP Error 404: 
ERROR:yfinance:HTTP Error 404: 
ERROR:yfinance:HTTP Error 404: 
ERROR:yfinance:HTTP Error 404: 
ERROR:yfinance:HTTP Error 404: 
ERROR:yfinance:HTTP Error 404: 
ERROR:yfinance:HTTP Error 404: 
ERROR:yfinance:HTTP Error 404: 
ERROR:yfinance:HTTP Error 404: 
ERROR:yfinance:HTTP Error 404: 
ERROR:yfinance:HTTP Error 404: 
ERROR:yfinance:HTTP Error 404: 
ERROR:yfinance:HTTP Error 404: 
ERROR:yfinance:HTTP Error 404: 
ERROR:yfinance:HTTP Error 404: 
ERROR:yfinance:HTTP Error 404: 
ERROR:yfinance:HTTP Error 404: 
ERROR:yfinance:HTTP Error 404: 
ERROR:yfinance:HTTP Error 404: 
ERROR:yfinance:HTTP Error 404: 
ERROR:yfinance:HTTP Error 404: 
ERROR:yfinance:HTTP Error 404: 
ERROR:yfinance:HTTP Error 404: 
ERROR:yfinance:HTTP Error 404: 
ERROR:yfinance:HTTP Error 404: 
ERROR:yfinance:HTTP Error 404: 
ERROR:yfinance:HTTP Error 404: 
ERROR:yfinance:HTTP Error 404: 
ERROR:yfinance:HTTP Error 404: 
ERROR:yfinance:HTTP Error 404: 
ERROR:yfinance:HTTP Error 404: 
ERROR:yfinance:HTTP Error 404: 
ERROR:yfinance:HTTP Error 404: 
ERROR:yfinance:HTTP Error 404: 
ERROR:yfinance:HTTP Error 404: 
ERROR:yfinance:HTTP Error 404: 
ERROR:yfinance:HTTP Error 404: 
ERROR:yfinance:HTTP Error 404: 
ERROR:yfinance:HTTP Error 404: 
ERROR:yfinance:HTTP Error 404: 
ERROR:yfinance:HTTP Error 404: 
ERROR:yfinance:HTTP Error 404: 
ERROR:yfinance:Failed to perform, curl: (16) . See https://curl.se/libcurl/c/libcurl-errors.html first for more details.
ERROR:yfinance:Failed to perform, curl: (16) . See https://curl.se/libcurl/c/libcurl-errors.html first for more details.
ERROR:yfinance:HTTP Error 404: 
ERROR:yfinance:HTTP Error 404: 
ERROR:yfinance:HTTP Error 404: 
ERROR:yfinance:HTTP Error 404: 
ERROR:yfinance:HTTP Error 404: 
ERROR:yfinance:HTTP Error 404: 
ERROR:yfinance:HTTP Error 404: 
ERROR:yfinance:HTTP Error 404: 
ERROR:yfinance:HTTP Error 404: 
ERROR:yfinance:HTTP Error 404: 
ERROR:yfinance:HTTP Error 404: 
ERROR:yfinance:HTTP Error 404: 
ERROR:yfinance:HTTP Error 404: 
ERROR:yfinance:HTTP Error 404: 
ERROR:yfinance:HTTP Error 404: 
ERROR:yfinance:HTTP Error 404: 
ERROR:yfinance:HTTP Error 404: 
ERROR:yfinance:HTTP Error 404: 
ERROR:yfinance:HTTP Error 404: 
ERROR:yfinance:HTTP Error 404: 
ERROR:yfinance:HTTP Error 404: 
ERROR:yfinance:HTTP Error 404: 
ERROR:yfinance:HTTP Error 404: 
ERROR:yfinance:HTTP Error 404: 
ERROR:yfinance:HTTP Error 404: 
ERROR:yfinance:HTTP Error 404: 
ERROR:yfinance:HTTP Error 404: 
ERROR:yfinance:HTTP Error 404: 
ERROR:yfinance:HTTP Error 404: 
ERROR:yfinance:HTTP Error 404: 
ERROR:yfinance:HTTP Error 404: 
ERROR:yfinance:HTTP Error 404: 
ERROR:yfinance:HTTP Error 404: 
ERROR:yfinance:HTTP Error 404: 
ERROR:yfinance:HTTP Error 404: 
ERROR:yfinance:HTTP Error 404: 
ERROR:yfinance:HTTP Error 404: 
ERROR:yfinance:HTTP Error 404: 
ERROR:yfinance:HTTP Error 404: 
ERROR:yfinance:HTTP Error 404: 
ERROR:yfinance:HTTP Error 404: 
ERROR:yfinance:HTTP Error 404: 
ERROR:yfinance:HTTP Error 404: 
ERROR:yfinance:HTTP Error 404: 
ERROR:yfinance:HTTP Error 404: 
ERROR:yfinance:HTTP Error 404: 
ERROR:yfinance:HTTP Error 404: 
ERROR:yfinance:HTTP Error 404: 
ERROR:yfinance:HTTP Error 404: 
ERROR:yfinance:HTTP Error 404: 
ERROR:yfinance:HTTP Error 404: 
ERROR:yfinance:HTTP Error 404: 
ERROR:yfinance:HTTP Error 404: 
ERROR:yfinance:HTTP Error 404: 
ERROR:yfinance:HTTP Error 404: 
ERROR:yfinance:$WLI.WA: possibly delisted; no price data found  (period=2y) (Yahoo error = "No data found, symbol may be delisted")
ERROR:yfinance:$WLI.WA: possibly delisted; no price data found  (period=5d) (Yahoo error = "No data found, symbol may be delisted")
ERROR:yfinance:HTTP Error 404: 
ERROR:yfinance:HTTP Error 404: 
ERROR:yfinance:HTTP Error 404: 
ERROR:yfinance:HTTP Error 404: 
ERROR:yfinance:HTTP Error 404: 
ERROR:yfinance:HTTP Error 404: 
ERROR:yfinance:HTTP Error 404: 
ERROR:yfinance:HTTP Error 500: 
ERROR:yfinance:HTTP Error 404: 
ERROR:yfinance:HTTP Error 404: 
ERROR:yfinance:HTTP Error 404: 
ERROR:yfinance:HTTP Error 404: 
ERROR:yfinance:HTTP Error 404: 
ERROR:yfinance:HTTP Error 404: 
ERROR:yfinance:HTTP Error 404: 
ERROR:yfinance:HTTP Error 404: 
ERROR:yfinance:HTTP Error 404: 
ERROR:yfinance:HTTP Error 404: 
ERROR:yfinance:HTTP Error 404: 
ERROR:yfinance:HTTP Error 404: 
ERROR:yfinance:HTTP Error 404: 
ERROR:yfinance:HTTP Error 404: 
ERROR:yfinance:HTTP Error 404: 
ERROR:yfinance:HTTP Error 404: 
ERROR:yfinance:HTTP Error 404: 
ERROR:yfinance:HTTP Error 404: 
ERROR:yfinance:Failed to perform, curl: (16) . See https://curl.se/libcurl/c/libcurl-errors.html first for more details.
ERROR:yfinance:HTTP Error 404: 
ERROR:yfinance:HTTP Error 404: 
ERROR:yfinance:HTTP Error 404: 
ERROR:yfinance:HTTP Error 404: 
ERROR:yfinance:HTTP Error 404: 
ERROR:yfinance:HTTP Error 404: 
ERROR:yfinance:HTTP Error 404: 
ERROR:yfinance:HTTP Error 404: 
ERROR:yfinance:HTTP Error 404: 
ERROR:yfinance:HTTP Error 404: 
ERROR:yfinance:HTTP Error 404: 
ERROR:yfinance:HTTP Error 404: 
ERROR:yfinance:HTTP Error 404: 
ERROR:yfinance:HTTP Error 404: 
ERROR:yfinance:HTTP Error 404: 
ERROR:yfinance:$5TL.BE: possibly delisted; no price data found  (period=2y) (Yahoo error = "No data found, symbol may be delisted")
ERROR:yfinance:$5TL.BE: possibly delisted; no price data found  (period=5d) (Yahoo error = "No data found, symbol may be delisted")
ERROR:yfinance:HTTP Error 404: 
ERROR:yfinance:HTTP Error 404: 
ERROR:yfinance:HTTP Error 404: 
ERROR:yfinance:HTTP Error 404: 
ERROR:yfinance:HTTP Error 404: 
ERROR:yfinance:HTTP Error 500: 
ERROR:yfinance:HTTP Error 404: 
ERROR:yfinance:HTTP Error 500: 
ERROR:yfinance:HTTP Error 404: 
ERROR:yfinance:HTTP Error 404: 
ERROR:yfinance:HTTP Error 404: 
ERROR:yfinance:HTTP Error 404: 
ERROR:yfinance:HTTP Error 404: 
ERROR:yfinance:HTTP Error 404: 
ERROR:yfinance:HTTP Error 404: 
ERROR:yfinance:HTTP Error 404: 
ERROR:yfinance:HTTP Error 404: 
ERROR:yfinance:HTTP Error 404: 
ERROR:yfinance:HTTP Error 404: 
ERROR:yfinance:HTTP Error 404: 
ERROR:yfinance:HTTP Error 404: 
ERROR:yfinance:HTTP Error 404: 
ERROR:yfinance:HTTP Error 404: 
ERROR:yfinance:HTTP Error 404: 
ERROR:yfinance:HTTP Error 404: 
ERROR:yfinance:HTTP Error 404: 
ERROR:yfinance:HTTP Error 404: 
ERROR:yfinance:HTTP Error 404: 
ERROR:yfinance:HTTP Error 404: 
ERROR:yfinance:HTTP Error 404: 
ERROR:yfinance:HTTP Error 404: 
ERROR:yfinance:HTTP Error 404: 
ERROR:yfinance:HTTP Error 404: 
ERROR:yfinance:HTTP Error 404: 
ERROR:yfinance:HTTP Error 404: 
ERROR:yfinance:HTTP Error 404: 
ERROR:yfinance:HTTP Error 404: 
ERROR:yfinance:HTTP Error 404: 
ERROR:yfinance:HTTP Error 404: 
ERROR:yfinance:HTTP Error 404: 
ERROR:yfinance:HTTP Error 404: 
ERROR:yfinance:HTTP Error 404: 
ERROR:yfinance:HTTP Error 404: 
ERROR:yfinance:HTTP Error 404: 
ERROR:yfinance:HTTP Error 404: 
ERROR:yfinance:HTTP Error 404: 
ERROR:yfinance:HTTP Error 404: 
ERROR:yfinance:HTTP Error 404: 
ERROR:yfinance:HTTP Error 404: 
ERROR:yfinance:HTTP Error 404: 
ERROR:yfinance:HTTP Error 404: 
ERROR:yfinance:HTTP Error 404: 
ERROR:yfinance:HTTP Error 404: 
ERROR:yfinance:HTTP Error 404: 
ERROR:yfinance:HTTP Error 404: 
ERROR:yfinance:HTTP Error 404: 
ERROR:yfinance:HTTP Error 404: 
ERROR:yfinance:HTTP Error 404: 
ERROR:yfinance:HTTP Error 404: 
ERROR:yfinance:HTTP Error 404: 
ERROR:yfinance:HTTP Error 404: 
ERROR:yfinance:HTTP Error 404: 
ERROR:yfinance:HTTP Error 404: 
ERROR:yfinance:HTTP Error 404: 
ERROR:yfinance:Failed to perform, curl: (16) . See https://curl.se/libcurl/c/libcurl-errors.html first for more details.
ERROR:yfinance:HTTP Error 404: 
ERROR:yfinance:HTTP Error 404: 
ERROR:yfinance:HTTP Error 404: 
ERROR:yfinance:HTTP Error 404: 
ERROR:yfinance:HTTP Error 404: 
ERROR:yfinance:HTTP Error 404: 
ERROR:yfinance:HTTP Error 404: 
ERROR:yfinance:HTTP Error 404: 
ERROR:yfinance:HTTP Error 404: 
ERROR:yfinance:HTTP Error 404: 
ERROR:yfinance:HTTP Error 404: 
ERROR:yfinance:HTTP Error 404: 
ERROR:yfinance:HTTP Error 404: 
ERROR:yfinance:HTTP Error 404: 
ERROR:yfinance:HTTP Error 404: 
ERROR:yfinance:HTTP Error 404: 
ERROR:yfinance:HTTP Error 404: 
ERROR:yfinance:HTTP Error 404: 
ERROR:yfinance:HTTP Error 404: 
ERROR:yfinance:HTTP Error 404: 
ERROR:yfinance:HTTP Error 404: 
ERROR:yfinance:HTTP Error 404: 
ERROR:yfinance:HTTP Error 404: 
ERROR:yfinance:HTTP Error 404: 
ERROR:yfinance:HTTP Error 404: 
ERROR:yfinance:HTTP Error 404: 
ERROR:yfinance:HTTP Error 404: 
ERROR:yfinance:HTTP Error 404: 
ERROR:yfinance:HTTP Error 404: 
ERROR:yfinance:HTTP Error 404: 
ERROR:yfinance:HTTP Error 404: 
ERROR:yfinance:HTTP Error 404: 
ERROR:yfinance:HTTP Error 404: 
ERROR:yfinance:HTTP Error 404: 
ERROR:yfinance:HTTP Error 404: 
ERROR:yfinance:HTTP Error 404: 
ERROR:yfinance:HTTP Error 404: 
ERROR:yfinance:HTTP Error 404: 
ERROR:yfinance:HTTP Error 404: 
ERROR:yfinance:HTTP Error 404: 
ERROR:yfinance:HTTP Error 404: 
ERROR:yfinance:HTTP Error 404: 
ERROR:yfinance:HTTP Error 404: 
ERROR:yfinance:HTTP Error 404: 
ERROR:yfinance:HTTP Error 404: 
ERROR:yfinance:HTTP Error 404: 
ERROR:yfinance:HTTP Error 404: 
ERROR:yfinance:HTTP Error 404: 
ERROR:yfinance:HTTP Error 404: 
ERROR:yfinance:HTTP Error 404: 
ERROR:yfinance:HTTP Error 404: 
ERROR:yfinance:HTTP Error 404: 
ERROR:yfinance:HTTP Error 404: 
ERROR:yfinance:HTTP Error 404: 
ERROR:yfinance:$WLI.WA: possibly delisted; no price data found  (period=2y) (Yahoo error = "No data found, symbol may be delisted")
ERROR:yfinance:$WLI.WA: possibly delisted; no price data found  (period=5d) (Yahoo error = "No data found, symbol may be delisted")
ERROR:yfinance:HTTP Error 404: 
ERROR:yfinance:HTTP Error 404: 
ERROR:yfinance:HTTP Error 404: 
ERROR:yfinance:HTTP Error 404: 
ERROR:yfinance:HTTP Error 404: 
ERROR:yfinance:HTTP Error 404: 
ERROR:yfinance:HTTP Error 404: 
ERROR:yfinance:HTTP Error 500: 
ERROR:yfinance:HTTP Error 404: 
ERROR:yfinance:HTTP Error 404: 
ERROR:yfinance:HTTP Error 404: 
ERROR:yfinance:HTTP Error 404: 
ERROR:yfinance:HTTP Error 404: 
ERROR:yfinance:HTTP Error 404: 
ERROR:yfinance:HTTP Error 404: 
ERROR:yfinance:HTTP Error 404: 
ERROR:yfinance:HTTP Error 404: 
ERROR:yfinance:HTTP Error 404: 
ERROR:yfinance:HTTP Error 404: 
ERROR:yfinance:HTTP Error 404: 
ERROR:yfinance:HTTP Error 404: 
ERROR:yfinance:HTTP Error 404: 
ERROR:yfinance:HTTP Error 404: 
ERROR:yfinance:HTTP Error 404: 
ERROR:yfinance:HTTP Error 404: 
ERROR:yfinance:HTTP Error 404: 
ERROR:yfinance:Failed to perform, curl: (16) . See https://curl.se/libcurl/c/libcurl-errors.html first for more details.
ERROR:yfinance:HTTP Error 404: 
ERROR:yfinance:HTTP Error 404: 
ERROR:yfinance:HTTP Error 404: 
ERROR:yfinance:HTTP Error 404: 
ERROR:yfinance:HTTP Error 404: 
ERROR:yfinance:HTTP Error 404: 
ERROR:yfinance:HTTP Error 404: 
ERROR:yfinance:HTTP Error 404: 
ERROR:yfinance:HTTP Error 404: 
ERROR:yfinance:HTTP Error 404: 
ERROR:yfinance:HTTP Error 404: 
ERROR:yfinance:HTTP Error 404: 
ERROR:yfinance:HTTP Error 404: 
ERROR:yfinance:HTTP Error 404: 
ERROR:yfinance:HTTP Error 404: 
ERROR:yfinance:$5TL.BE: possibly delisted; no price data found  (period=2y) (Yahoo error = "No data found, symbol may be delisted")
ERROR:yfinance:$5TL.BE: possibly delisted; no price data found  (period=5d) (Yahoo error = "No data found, symbol may be delisted")
ERROR:yfinance:HTTP Error 404: 
ERROR:yfinance:HTTP Error 404: 
ERROR:yfinance:HTTP Error 404: 
ERROR:yfinance:HTTP Error 404: 
ERROR:yfinance:HTTP Error 404: 
ERROR:yfinance:HTTP Error 500: 
ERROR:yfinance:HTTP Error 404: 
ERROR:yfinance:HTTP Error 500: 
ERROR:yfinance:HTTP Error 404: 
ERROR:yfinance:HTTP Error 404: 
ERROR:yfinance:HTTP Error 404: 
ERROR:yfinance:HTTP Error 404: 
ERROR:yfinance:HTTP Error 404: 
ERROR:yfinance:HTTP Error 404: 
ERROR:yfinance:HTTP Error 404: 
ERROR:yfinance:HTTP Error 404: 
ERROR:yfinance:HTTP Error 404: 
ERROR:yfinance:HTTP Error 404: 
ERROR:yfinance:HTTP Error 404: 
ERROR:yfinance:HTTP Error 404: 
ERROR:yfinance:HTTP Error 404: 
ERROR:yfinance:HTTP Error 404: 
ERROR:yfinance:HTTP Error 404: 
ERROR:yfinance:HTTP Error 404: 
ERROR:yfinance:HTTP Error 404: 
ERROR:yfinance:HTTP Error 404: 
ERROR:yfinance:HTTP Error 404: 
ERROR:yfinance:HTTP Error 404: 
ERROR:yfinance:HTTP Error 404: 
ERROR:yfinance:HTTP Error 404: 
ERROR:yfinance:HTTP Error 404: 
ERROR:yfinance:HTTP Error 404: 
ERROR:yfinance:HTTP Error 404: 
ERROR:yfinance:HTTP Error 404: 
ERROR:yfinance:HTTP Error 404: 
ERROR:yfinance:HTTP Error 404: 
ERROR:yfinance:HTTP Error 404: 
ERROR:yfinance:HTTP Error 404: 
ERROR:yfinance:HTTP Error 404: 
ERROR:yfinance:HTTP Error 404: 
ERROR:yfinance:HTTP Error 404: 
ERROR:yfinance:HTTP Error 404: 
ERROR:yfinance:HTTP Error 404: 
ERROR:yfinance:HTTP Error 404: 
ERROR:yfinance:HTTP Error 404: 
ERROR:yfinance:HTTP Error 404: 
ERROR:yfinance:HTTP Error 404: 
ERROR:yfinance:HTTP Error 404: 
ERROR:yfinance:HTTP Error 404: 
ERROR:yfinance:HTTP Error 404: 
ERROR:yfinance:HTTP Error 404: 
ERROR:yfinance:HTTP Error 404: 
ERROR:yfinance:HTTP Error 404: 
ERROR:yfinance:HTTP Error 404: 
ERROR:yfinance:HTTP Error 404: 
ERROR:yfinance:HTTP Error 404: 
ERROR:yfinance:HTTP Error 404: 
ERROR:yfinance:HTTP Error 404: 
ERROR:yfinance:HTTP Error 404: 
ERROR:yfinance:HTTP Error 404: 
ERROR:yfinance:HTTP Error 404: 
ERROR:yfinance:HTTP Error 404: 
ERROR:yfinance:HTTP Error 404: 
ERROR:yfinance:HTTP Error 404: 
ERROR:yfinance:Failed to perform, curl: (16) . See https://curl.se/libcurl/c/libcurl-errors.html first for more details.
ERROR:yfinance:HTTP Error 404: 
ERROR:yfinance:HTTP Error 404: 
ERROR:yfinance:HTTP Error 404: 
ERROR:yfinance:HTTP Error 404: 
ERROR:yfinance:HTTP Error 404: 
ERROR:yfinance:HTTP Error 404: 
ERROR:yfinance:HTTP Error 404: 
ERROR:yfinance:HTTP Error 404: 
ERROR:yfinance:HTTP Error 404: 
ERROR:yfinance:HTTP Error 404: 
ERROR:yfinance:HTTP Error 404: 
ERROR:yfinance:HTTP Error 404: 
ERROR:yfinance:HTTP Error 404: 
ERROR:yfinance:HTTP Error 404: 
ERROR:yfinance:HTTP Error 404: 
ERROR:yfinance:HTTP Error 404: 
ERROR:yfinance:HTTP Error 404: 
ERROR:yfinance:HTTP Error 404: 
ERROR:yfinance:HTTP Error 404: 
ERROR:yfinance:HTTP Error 404: 
ERROR:yfinance:HTTP Error 404: 
ERROR:yfinance:HTTP Error 404: 
ERROR:yfinance:HTTP Error 404: 
ERROR:yfinance:HTTP Error 404: 
ERROR:yfinance:HTTP Error 404: 
ERROR:yfinance:HTTP Error 404: 
ERROR:yfinance:HTTP Error 404: 
ERROR:yfinance:HTTP Error 404: 
ERROR:yfinance:HTTP Error 404: 
ERROR:yfinance:HTTP Error 404: 
ERROR:yfinance:HTTP Error 404: 
ERROR:yfinance:HTTP Error 404: 
ERROR:yfinance:HTTP Error 404: 
ERROR:yfinance:HTTP Error 404: 
ERROR:yfinance:HTTP Error 404: 
ERROR:yfinance:HTTP Error 404: 
ERROR:yfinance:HTTP Error 404: 
ERROR:yfinance:HTTP Error 404: 
ERROR:yfinance:HTTP Error 404: 
ERROR:yfinance:HTTP Error 404: 
ERROR:yfinance:HTTP Error 404: 
ERROR:yfinance:HTTP Error 404: 
ERROR:yfinance:HTTP Error 404: 
ERROR:yfinance:HTTP Error 404: 
ERROR:yfinance:HTTP Error 404: 
ERROR:yfinance:HTTP Error 404: 
ERROR:yfinance:HTTP Error 404: 
ERROR:yfinance:HTTP Error 404: 
ERROR:yfinance:HTTP Error 404: 
ERROR:yfinance:HTTP Error 404: 
ERROR:yfinance:HTTP Error 404: 
ERROR:yfinance:HTTP Error 404: 
ERROR:yfinance:HTTP Error 404: 
ERROR:yfinance:HTTP Error 404: 
ERROR:yfinance:HTTP Error 404: 
ERROR:yfinance:$WLI.WA: possibly delisted; no price data found  (period=2y) (Yahoo error = "No data found, symbol may be delisted")
ERROR:yfinance:$WLI.WA: possibly delisted; no price data found  (period=5d) (Yahoo error = "No data found, symbol may be delisted")
ERROR:yfinance:HTTP Error 404: 
ERROR:yfinance:HTTP Error 404: 
ERROR:yfinance:HTTP Error 404: 
ERROR:yfinance:HTTP Error 404: 
ERROR:yfinance:HTTP Error 404: 
ERROR:yfinance:HTTP Error 404: 
ERROR:yfinance:HTTP Error 404: 
ERROR:yfinance:HTTP Error 500: 
ERROR:yfinance:HTTP Error 404: 
ERROR:yfinance:HTTP Error 404: 
ERROR:yfinance:HTTP Error 404: 
ERROR:yfinance:HTTP Error 404: 
ERROR:yfinance:HTTP Error 404: 
ERROR:yfinance:HTTP Error 404: 
ERROR:yfinance:HTTP Error 404: 
ERROR:yfinance:HTTP Error 404: 
ERROR:yfinance:HTTP Error 404: 
ERROR:yfinance:HTTP Error 404: 
ERROR:yfinance:HTTP Error 404: 
ERROR:yfinance:HTTP Error 404: 
ERROR:yfinance:HTTP Error 404: 
ERROR:yfinance:HTTP Error 404: 
ERROR:yfinance:HTTP Error 404: 
ERROR:yfinance:HTTP Error 404: 
ERROR:yfinance:HTTP Error 404: 
ERROR:yfinance:HTTP Error 404: 
ERROR:yfinance:Failed to perform, curl: (16) . See https://curl.se/libcurl/c/libcurl-errors.html first for more details.
ERROR:yfinance:HTTP Error 404: 
ERROR:yfinance:HTTP Error 404: 
ERROR:yfinance:HTTP Error 404: 
ERROR:yfinance:HTTP Error 404: 
ERROR:yfinance:HTTP Error 404: 
ERROR:yfinance:HTTP Error 404: 
ERROR:yfinance:HTTP Error 404: 
ERROR:yfinance:HTTP Error 404: 
ERROR:yfinance:HTTP Error 404: 
ERROR:yfinance:HTTP Error 404: 
ERROR:yfinance:HTTP Error 404: 
ERROR:yfinance:HTTP Error 404: 
ERROR:yfinance:HTTP Error 404: 
ERROR:yfinance:HTTP Error 404: 
ERROR:yfinance:HTTP Error 404: 
ERROR:yfinance:$5TL.BE: possibly delisted; no price data found  (period=2y) (Yahoo error = "No data found, symbol may be delisted")
ERROR:yfinance:$5TL.BE: possibly delisted; no price data found  (period=5d) (Yahoo error = "No data found, symbol may be delisted")
ERROR:yfinance:HTTP Error 404: 
ERROR:yfinance:HTTP Error 404: 
ERROR:yfinance:HTTP Error 404: 
ERROR:yfinance:HTTP Error 404: 
ERROR:yfinance:HTTP Error 404: 
ERROR:yfinance:HTTP Error 500: 
ERROR:yfinance:HTTP Error 404: 
ERROR:yfinance:HTTP Error 500: 
ERROR:yfinance:HTTP Error 404: 
ERROR:yfinance:HTTP Error 404: 
ERROR:yfinance:HTTP Error 404: 
ERROR:yfinance:HTTP Error 404: 
ERROR:yfinance:HTTP Error 404: 
ERROR:yfinance:HTTP Error 404: 
ERROR:yfinance:HTTP Error 404: 
ERROR:yfinance:HTTP Error 404: 
ERROR:yfinance:HTTP Error 404: 
ERROR:yfinance:HTTP Error 404: 
ERROR:yfinance:HTTP Error 404: 
ERROR:yfinance:HTTP Error 404: 
ERROR:yfinance:HTTP Error 404: 
ERROR:yfinance:HTTP Error 404: 
ERROR:yfinance:HTTP Error 404: 
ERROR:yfinance:HTTP Error 404: 
ERROR:yfinance:HTTP Error 404: 
ERROR:yfinance:HTTP Error 404: 
ERROR:yfinance:HTTP Error 404: 
ERROR:yfinance:HTTP Error 404: 
ERROR:yfinance:HTTP Error 404: 
ERROR:yfinance:HTTP Error 404: 
ERROR:yfinance:HTTP Error 404: 
ERROR:yfinance:HTTP Error 404: 
ERROR:yfinance:HTTP Error 404: 
ERROR:yfinance:HTTP Error 404: 
ERROR:yfinance:HTTP Error 404: 
ERROR:yfinance:HTTP Error 404: 
ERROR:yfinance:HTTP Error 404: 
ERROR:yfinance:HTTP Error 404: 
ERROR:yfinance:HTTP Error 404: 
ERROR:yfinance:HTTP Error 404: 
ERROR:yfinance:HTTP Error 404: 
ERROR:yfinance:HTTP Error 404: 
ERROR:yfinance:HTTP Error 404: 
ERROR:yfinance:HTTP Error 404: 
ERROR:yfinance:HTTP Error 404: 
ERROR:yfinance:HTTP Error 404: 
ERROR:yfinance:HTTP Error 404: 
ERROR:yfinance:HTTP Error 404: 
ERROR:yfinance:HTTP Error 404: 
ERROR:yfinance:HTTP Error 404: 
ERROR:yfinance:HTTP Error 404: 
ERROR:yfinance:HTTP Error 404: 
ERROR:yfinance:HTTP Error 404: 
ERROR:yfinance:HTTP Error 404: 
ERROR:yfinance:HTTP Error 404: 
ERROR:yfinance:HTTP Error 404: 
ERROR:yfinance:HTTP Error 404: 
ERROR:yfinance:HTTP Error 404: 
ERROR:yfinance:HTTP Error 404: 
ERROR:yfinance:HTTP Error 404: 
ERROR:yfinance:HTTP Error 404: 
ERROR:yfinance:HTTP Error 404: 
ERROR:yfinance:HTTP Error 404: 
ERROR:yfinance:HTTP Error 404: 
ERROR:yfinance:HTTP Error 404: 
ERROR:yfinance:Failed to get ticker 'BBD' reason: Failed to perform, curl: (16) . See https://curl.se/libcurl/c/libcurl-errors.html first for more details.
ERROR:yfinance:HTTP Error 404: 
ERROR:yfinance:HTTP Error 404: 
ERROR:yfinance:HTTP Error 404: 
ERROR:yfinance:HTTP Error 404: 
ERROR:yfinance:HTTP Error 404: 
ERROR:yfinance:HTTP Error 404: 
ERROR:yfinance:HTTP Error 404: 
ERROR:yfinance:HTTP Error 404: 
ERROR:yfinance:HTTP Error 404: 
ERROR:yfinance:HTTP Error 404: 
ERROR:yfinance:HTTP Error 404: 
ERROR:yfinance:HTTP Error 404: 
ERROR:yfinance:HTTP Error 404: 
ERROR:yfinance:HTTP Error 404: 
ERROR:yfinance:HTTP Error 404: 
ERROR:yfinance:HTTP Error 404: 
ERROR:yfinance:HTTP Error 404: 
ERROR:yfinance:HTTP Error 404: 
ERROR:yfinance:HTTP Error 404: 
ERROR:yfinance:HTTP Error 404: 
ERROR:yfinance:HTTP Error 404: 
ERROR:yfinance:HTTP Error 404: 
ERROR:yfinance:HTTP Error 404: 
ERROR:yfinance:HTTP Error 404: 
ERROR:yfinance:HTTP Error 404: 
ERROR:yfinance:HTTP Error 404: 
ERROR:yfinance:HTTP Error 404: 
ERROR:yfinance:HTTP Error 404: 
ERROR:yfinance:HTTP Error 404: 
ERROR:yfinance:HTTP Error 404: 
ERROR:yfinance:HTTP Error 404: 
ERROR:yfinance:HTTP Error 404: 
ERROR:yfinance:HTTP Error 404: 
ERROR:yfinance:HTTP Error 404: 
ERROR:yfinance:HTTP Error 404: 
ERROR:yfinance:HTTP Error 404: 
ERROR:yfinance:HTTP Error 404: 
ERROR:yfinance:HTTP Error 404: 
ERROR:yfinance:HTTP Error 404: 
ERROR:yfinance:HTTP Error 404: 
ERROR:yfinance:HTTP Error 404: 
ERROR:yfinance:HTTP Error 404: 
ERROR:yfinance:HTTP Error 404: 
ERROR:yfinance:HTTP Error 404: 
ERROR:yfinance:HTTP Error 404: 
ERROR:yfinance:HTTP Error 404: 
ERROR:yfinance:HTTP Error 404: 
ERROR:yfinance:HTTP Error 404: 
ERROR:yfinance:HTTP Error 404: 
ERROR:yfinance:HTTP Error 404: 
ERROR:yfinance:HTTP Error 404: 
ERROR:yfinance:HTTP Error 404: 
ERROR:yfinance:HTTP Error 404: 
ERROR:yfinance:HTTP Error 404: 
ERROR:yfinance:$WLI.WA: possibly delisted; no price data found  (period=2y) (Yahoo error = "No data found, symbol may be delisted")
ERROR:yfinance:$WLI.WA: possibly delisted; no price data found  (period=5d) (Yahoo error = "No data found, symbol may be delisted")
ERROR:yfinance:HTTP Error 404: 
ERROR:yfinance:HTTP Error 404: 
ERROR:yfinance:HTTP Error 404: 
ERROR:yfinance:HTTP Error 404: 
ERROR:yfinance:HTTP Error 404: 
ERROR:yfinance:HTTP Error 404: 
ERROR:yfinance:HTTP Error 404: 
ERROR:yfinance:HTTP Error 500: 
ERROR:yfinance:HTTP Error 404: 
ERROR:yfinance:HTTP Error 404: 
ERROR:yfinance:HTTP Error 404: 
ERROR:yfinance:HTTP Error 404: 
ERROR:yfinance:HTTP Error 404: 
ERROR:yfinance:HTTP Error 404: 
ERROR:yfinance:HTTP Error 404: 
ERROR:yfinance:HTTP Error 404: 
ERROR:yfinance:HTTP Error 404: 
ERROR:yfinance:HTTP Error 404: 
ERROR:yfinance:HTTP Error 404: 
ERROR:yfinance:HTTP Error 404: 
ERROR:yfinance:HTTP Error 404: 
ERROR:yfinance:HTTP Error 404: 
ERROR:yfinance:HTTP Error 404: 
ERROR:yfinance:HTTP Error 404: 
ERROR:yfinance:HTTP Error 404: 
ERROR:yfinance:Failed to perform, curl: (16) . See https://curl.se/libcurl/c/libcurl-errors.html first for more details.
ERROR:yfinance:HTTP Error 404: 
ERROR:yfinance:HTTP Error 404: 
ERROR:yfinance:HTTP Error 404: 
ERROR:yfinance:HTTP Error 404: 
ERROR:yfinance:HTTP Error 404: 
ERROR:yfinance:HTTP Error 404: 
ERROR:yfinance:HTTP Error 404: 
ERROR:yfinance:HTTP Error 404: 
ERROR:yfinance:HTTP Error 404: 
ERROR:yfinance:HTTP Error 404: 
ERROR:yfinance:HTTP Error 404: 
ERROR:yfinance:HTTP Error 404: 
ERROR:yfinance:HTTP Error 404: 
ERROR:yfinance:HTTP Error 404: 
ERROR:yfinance:HTTP Error 404: 
ERROR:yfinance:HTTP Error 404: 
ERROR:yfinance:$5TL.BE: possibly delisted; no price data found  (period=2y) (Yahoo error = "No data found, symbol may be delisted")
ERROR:yfinance:$5TL.BE: possibly delisted; no price data found  (period=5d) (Yahoo error = "No data found, symbol may be delisted")
ERROR:yfinance:HTTP Error 404: 
ERROR:yfinance:HTTP Error 404: 
ERROR:yfinance:HTTP Error 404: 
ERROR:yfinance:HTTP Error 404: 
ERROR:yfinance:HTTP Error 404: 
ERROR:yfinance:HTTP Error 500: 
ERROR:yfinance:HTTP Error 404: 
ERROR:yfinance:HTTP Error 500: 
ERROR:yfinance:HTTP Error 404: 
ERROR:yfinance:HTTP Error 404: 
ERROR:yfinance:HTTP Error 404: 
ERROR:yfinance:HTTP Error 404: 
ERROR:yfinance:HTTP Error 404: 
ERROR:yfinance:HTTP Error 404: 
ERROR:yfinance:HTTP Error 404: 
ERROR:yfinance:HTTP Error 404: 
ERROR:yfinance:HTTP Error 404: 
ERROR:yfinance:HTTP Error 404: 
ERROR:yfinance:HTTP Error 404: 
ERROR:yfinance:HTTP Error 404: 
ERROR:yfinance:HTTP Error 404: 
ERROR:yfinance:HTTP Error 404: 
ERROR:yfinance:HTTP Error 404: 
ERROR:yfinance:HTTP Error 404: 
ERROR:yfinance:HTTP Error 404: 
ERROR:yfinance:HTTP Error 404: 
ERROR:yfinance:HTTP Error 404: 
ERROR:yfinance:HTTP Error 404: 
ERROR:yfinance:HTTP Error 404: 
ERROR:yfinance:HTTP Error 404: 
ERROR:yfinance:HTTP Error 404: 
ERROR:yfinance:HTTP Error 404: 
ERROR:yfinance:HTTP Error 404: 
ERROR:yfinance:HTTP Error 404: 
ERROR:yfinance:HTTP Error 404: 
ERROR:yfinance:HTTP Error 404: 
ERROR:yfinance:HTTP Error 404: 
ERROR:yfinance:HTTP Error 404: 
ERROR:yfinance:HTTP Error 404: 
ERROR:yfinance:HTTP Error 404: 
ERROR:yfinance:HTTP Error 404: 
ERROR:yfinance:HTTP Error 404: 
ERROR:yfinance:HTTP Error 404: 
ERROR:yfinance:HTTP Error 404: 
ERROR:yfinance:HTTP Error 404: 
ERROR:yfinance:HTTP Error 404: 
ERROR:yfinance:HTTP Error 404: 
ERROR:yfinance:HTTP Error 404: 
ERROR:yfinance:HTTP Error 404: 
ERROR:yfinance:HTTP Error 404: 
ERROR:yfinance:HTTP Error 404: 
ERROR:yfinance:HTTP Error 404: 
ERROR:yfinance:HTTP Error 404: 
ERROR:yfinance:HTTP Error 404: 
ERROR:yfinance:HTTP Error 404: 
ERROR:yfinance:HTTP Error 404: 
ERROR:yfinance:HTTP Error 404: 
ERROR:yfinance:HTTP Error 404: 
ERROR:yfinance:HTTP Error 404: 
ERROR:yfinance:HTTP Error 404: 
ERROR:yfinance:HTTP Error 404: 
ERROR:yfinance:HTTP Error 404: 
ERROR:yfinance:HTTP Error 404: 
ERROR:yfinance:HTTP Error 404: 
ERROR:yfinance:Failed to perform, curl: (16) . See https://curl.se/libcurl/c/libcurl-errors.html first for more details.
ERROR:yfinance:HTTP Error 404: 
ERROR:yfinance:HTTP Error 404: 
ERROR:yfinance:HTTP Error 404: 
ERROR:yfinance:HTTP Error 404: 
ERROR:yfinance:HTTP Error 404: 
ERROR:yfinance:HTTP Error 404: 
ERROR:yfinance:HTTP Error 404: 
ERROR:yfinance:HTTP Error 404: 
ERROR:yfinance:HTTP Error 404: 
ERROR:yfinance:HTTP Error 404: 
ERROR:yfinance:HTTP Error 404: 
ERROR:yfinance:HTTP Error 404: 
ERROR:yfinance:HTTP Error 404: 
ERROR:yfinance:HTTP Error 404: 
ERROR:yfinance:HTTP Error 404: 
ERROR:yfinance:HTTP Error 404: 
ERROR:yfinance:HTTP Error 404: 
ERROR:yfinance:HTTP Error 404: 
ERROR:yfinance:HTTP Error 404: 
ERROR:yfinance:HTTP Error 404: 
ERROR:yfinance:HTTP Error 404: 
ERROR:yfinance:$FI0009008098.SG: possibly delisted; no price data found  (period=2y) (Yahoo error = "No data found, symbol may be delisted")
ERROR:yfinance:$FI0009008098.SG: possibly delisted; no price data found  (period=5d) (Yahoo error = "No data found, symbol may be delisted")
ERROR:yfinance:HTTP Error 404: 
ERROR:yfinance:HTTP Error 404: 
ERROR:yfinance:HTTP Error 404: 
ERROR:yfinance:HTTP Error 404: 
ERROR:yfinance:HTTP Error 404: 
ERROR:yfinance:HTTP Error 404: 
ERROR:yfinance:HTTP Error 404: 
ERROR:yfinance:HTTP Error 404: 
ERROR:yfinance:HTTP Error 404: 
ERROR:yfinance:HTTP Error 404: 
ERROR:yfinance:HTTP Error 404: 
ERROR:yfinance:HTTP Error 404: 
ERROR:yfinance:HTTP Error 404: 
ERROR:yfinance:HTTP Error 404: 
ERROR:yfinance:HTTP Error 404: 
ERROR:yfinance:HTTP Error 404: 
ERROR:yfinance:HTTP Error 404: 
ERROR:yfinance:HTTP Error 404: 
ERROR:yfinance:HTTP Error 404: 
ERROR:yfinance:HTTP Error 404: 
ERROR:yfinance:HTTP Error 404: 
ERROR:yfinance:HTTP Error 404: 
ERROR:yfinance:HTTP Error 404: 
ERROR:yfinance:HTTP Error 404: 
ERROR:yfinance:HTTP Error 404: 
ERROR:yfinance:HTTP Error 404: 
ERROR:yfinance:HTTP Error 404: 
ERROR:yfinance:HTTP Error 404: 
ERROR:yfinance:HTTP Error 404: 
ERROR:yfinance:HTTP Error 404: 
ERROR:yfinance:HTTP Error 404: 
ERROR:yfinance:HTTP Error 404: 
ERROR:yfinance:HTTP Error 404: 
ERROR:yfinance:HTTP Error 404: 
ERROR:yfinance:$WLI.WA: possibly delisted; no price data found  (period=2y) (Yahoo error = "No data found, symbol may be delisted")
ERROR:yfinance:$WLI.WA: possibly delisted; no price data found  (period=5d) (Yahoo error = "No data found, symbol may be delisted")
ERROR:yfinance:HTTP Error 404: 
ERROR:yfinance:HTTP Error 404: 
ERROR:yfinance:HTTP Error 404: 
ERROR:yfinance:HTTP Error 404: 
ERROR:yfinance:HTTP Error 404: 
ERROR:yfinance:HTTP Error 404: 
ERROR:yfinance:HTTP Error 404: 
ERROR:yfinance:HTTP Error 500: 
ERROR:yfinance:HTTP Error 404: 
ERROR:yfinance:HTTP Error 404: 
ERROR:yfinance:HTTP Error 404: 
ERROR:yfinance:HTTP Error 404: 
ERROR:yfinance:HTTP Error 404: 
ERROR:yfinance:HTTP Error 404: 
ERROR:yfinance:HTTP Error 404: 
ERROR:yfinance:HTTP Error 404: 
ERROR:yfinance:HTTP Error 404: 
ERROR:yfinance:HTTP Error 404: 
ERROR:yfinance:HTTP Error 404: 
ERROR:yfinance:HTTP Error 404: 
ERROR:yfinance:HTTP Error 404: 
ERROR:yfinance:HTTP Error 404: 
ERROR:yfinance:HTTP Error 404: 
ERROR:yfinance:HTTP Error 404: 
ERROR:yfinance:Failed to perform, curl: (16) . See https://curl.se/libcurl/c/libcurl-errors.html first for more details.
ERROR:yfinance:HTTP Error 404: 
ERROR:yfinance:HTTP Error 404: 
ERROR:yfinance:HTTP Error 404: 
ERROR:yfinance:HTTP Error 404: 
ERROR:yfinance:HTTP Error 404: 
ERROR:yfinance:HTTP Error 404: 
ERROR:yfinance:HTTP Error 404: 
ERROR:yfinance:HTTP Error 404: 
ERROR:yfinance:HTTP Error 404: 
ERROR:yfinance:HTTP Error 404: 
ERROR:yfinance:HTTP Error 404: 
ERROR:yfinance:HTTP Error 404: 
ERROR:yfinance:HTTP Error 404: 
ERROR:yfinance:HTTP Error 404: 
ERROR:yfinance:HTTP Error 404: 
ERROR:yfinance:HTTP Error 404: 
ERROR:yfinance:HTTP Error 404: 
ERROR:yfinance:$5TL.BE: possibly delisted; no price data found  (period=2y) (Yahoo error = "No data found, symbol may be delisted")
ERROR:yfinance:$5TL.BE: possibly delisted; no price data found  (period=5d) (Yahoo error = "No data found, symbol may be delisted")
ERROR:yfinance:HTTP Error 404: 
ERROR:yfinance:HTTP Error 404: 
ERROR:yfinance:HTTP Error 404: 
ERROR:yfinance:HTTP Error 404: 
ERROR:yfinance:HTTP Error 404: 
ERROR:yfinance:HTTP Error 500: 
ERROR:yfinance:HTTP Error 404: 
ERROR:yfinance:HTTP Error 500: 
ERROR:yfinance:HTTP Error 404: 
ERROR:yfinance:HTTP Error 404: 
ERROR:yfinance:HTTP Error 404: 
ERROR:yfinance:HTTP Error 404: 
ERROR:yfinance:HTTP Error 404: 
ERROR:yfinance:HTTP Error 404: 
ERROR:yfinance:HTTP Error 404: 
ERROR:yfinance:HTTP Error 404: 
ERROR:yfinance:HTTP Error 404: 
ERROR:yfinance:HTTP Error 404: 
ERROR:yfinance:HTTP Error 404: 
ERROR:yfinance:HTTP Error 404: 
ERROR:yfinance:HTTP Error 404: 
ERROR:yfinance:HTTP Error 404: 
ERROR:yfinance:HTTP Error 404: 
ERROR:yfinance:HTTP Error 404: 
ERROR:yfinance:HTTP Error 404: 
ERROR:yfinance:HTTP Error 404: 
ERROR:yfinance:HTTP Error 404: 
ERROR:yfinance:HTTP Error 404: 
ERROR:yfinance:HTTP Error 404: 
ERROR:yfinance:HTTP Error 404: 
ERROR:yfinance:HTTP Error 404: 
ERROR:yfinance:HTTP Error 404: 
ERROR:yfinance:HTTP Error 404: 
ERROR:yfinance:HTTP Error 404: 
ERROR:yfinance:HTTP Error 404: 
ERROR:yfinance:HTTP Error 404: 
ERROR:yfinance:HTTP Error 404: 
ERROR:yfinance:HTTP Error 404: 
ERROR:yfinance:HTTP Error 404: 
ERROR:yfinance:HTTP Error 404: 
ERROR:yfinance:HTTP Error 404: 
ERROR:yfinance:HTTP Error 404: 
ERROR:yfinance:HTTP Error 404: 
ERROR:yfinance:HTTP Error 404: 
ERROR:yfinance:HTTP Error 404: 
ERROR:yfinance:HTTP Error 404: 
ERROR:yfinance:HTTP Error 404: 
ERROR:yfinance:HTTP Error 404: 
ERROR:yfinance:HTTP Error 404: 
ERROR:yfinance:HTTP Error 404: 
ERROR:yfinance:HTTP Error 404: 
ERROR:yfinance:HTTP Error 404: 
ERROR:yfinance:HTTP Error 404: 
ERROR:yfinance:HTTP Error 404: 
ERROR:yfinance:HTTP Error 404: 
ERROR:yfinance:HTTP Error 404: 
ERROR:yfinance:HTTP Error 404: 
ERROR:yfinance:HTTP Error 404: 
ERROR:yfinance:HTTP Error 404: 
ERROR:yfinance:HTTP Error 404: 
ERROR:yfinance:HTTP Error 404: 
ERROR:yfinance:HTTP Error 404: 
ERROR:yfinance:HTTP Error 404: 
ERROR:yfinance:HTTP Error 404: 
ERROR:yfinance:$9532.T: possibly delisted; no price data found  (period=2y)
ERROR:yfinance:Failed to perform, curl: (16) . See https://curl.se/libcurl/c/libcurl-errors.html first for more details.
ERROR:yfinance:HTTP Error 404: 
ERROR:yfinance:HTTP Error 404: 
ERROR:yfinance:HTTP Error 404: 
ERROR:yfinance:HTTP Error 404: 
ERROR:yfinance:HTTP Error 404: 
ERROR:yfinance:HTTP Error 404: 
ERROR:yfinance:HTTP Error 404: 
ERROR:yfinance:HTTP Error 404: 
ERROR:yfinance:HTTP Error 404: 
ERROR:yfinance:HTTP Error 404: 
ERROR:yfinance:HTTP Error 404: 
ERROR:yfinance:HTTP Error 404: 
ERROR:yfinance:HTTP Error 404: 
ERROR:yfinance:HTTP Error 404: 
ERROR:yfinance:HTTP Error 404: 
ERROR:yfinance:HTTP Error 404: 
ERROR:yfinance:HTTP Error 404: 
ERROR:yfinance:HTTP Error 404: 
ERROR:yfinance:HTTP Error 404: 
ERROR:yfinance:HTTP Error 404: 
ERROR:yfinance:HTTP Error 404: 
ERROR:yfinance:HTTP Error 404: 
ERROR:yfinance:$FI0009008098.SG: possibly delisted; no price data found  (period=2y) (Yahoo error = "No data found, symbol may be delisted")
ERROR:yfinance:$FI0009008098.SG: possibly delisted; no price data found  (period=5d) (Yahoo error = "No data found, symbol may be delisted")
ERROR:yfinance:HTTP Error 404: 
ERROR:yfinance:HTTP Error 404: 
ERROR:yfinance:HTTP Error 404: 
ERROR:yfinance:HTTP Error 404: 
ERROR:yfinance:HTTP Error 404: 
ERROR:yfinance:HTTP Error 404: 
ERROR:yfinance:HTTP Error 404: 
ERROR:yfinance:HTTP Error 404: 
ERROR:yfinance:HTTP Error 404: 
ERROR:yfinance:HTTP Error 404: 
ERROR:yfinance:HTTP Error 404: 
ERROR:yfinance:HTTP Error 404: 
ERROR:yfinance:HTTP Error 404: 
ERROR:yfinance:HTTP Error 404: 
ERROR:yfinance:HTTP Error 404: 
ERROR:yfinance:HTTP Error 404: 
ERROR:yfinance:HTTP Error 404: 
ERROR:yfinance:HTTP Error 404: 
ERROR:yfinance:HTTP Error 404: 
ERROR:yfinance:HTTP Error 404: 
ERROR:yfinance:HTTP Error 404: 
ERROR:yfinance:HTTP Error 404: 
ERROR:yfinance:HTTP Error 404: 
ERROR:yfinance:HTTP Error 404: 
ERROR:yfinance:HTTP Error 404: 
ERROR:yfinance:HTTP Error 404: 
ERROR:yfinance:HTTP Error 404: 
ERROR:yfinance:HTTP Error 404: 
ERROR:yfinance:HTTP Error 404: 
ERROR:yfinance:HTTP Error 404: 
ERROR:yfinance:HTTP Error 404: 
ERROR:yfinance:HTTP Error 404: 
ERROR:yfinance:HTTP Error 404: 
ERROR:yfinance:HTTP Error 404: 
ERROR:yfinance:$WLI.WA: possibly delisted; no price data found  (period=2y) (Yahoo error = "No data found, symbol may be delisted")
ERROR:yfinance:$WLI.WA: possibly delisted; no price data found  (period=5d) (Yahoo error = "No data found, symbol may be delisted")
ERROR:yfinance:HTTP Error 404: 
ERROR:yfinance:HTTP Error 404: 
ERROR:yfinance:HTTP Error 404: 
ERROR:yfinance:HTTP Error 404: 
ERROR:yfinance:HTTP Error 404: 
ERROR:yfinance:HTTP Error 404: 
ERROR:yfinance:HTTP Error 404: 
ERROR:yfinance:HTTP Error 500: 
ERROR:yfinance:HTTP Error 404: 
ERROR:yfinance:HTTP Error 404: 
ERROR:yfinance:HTTP Error 404: 
ERROR:yfinance:HTTP Error 404: 
ERROR:yfinance:HTTP Error 404: 
ERROR:yfinance:HTTP Error 404: 
ERROR:yfinance:HTTP Error 404: 
ERROR:yfinance:HTTP Error 404: 
ERROR:yfinance:HTTP Error 404: 
ERROR:yfinance:HTTP Error 404: 
ERROR:yfinance:Failed to perform, curl: (16) . See https://curl.se/libcurl/c/libcurl-errors.html first for more details.
ERROR:yfinance:HTTP Error 404: 
ERROR:yfinance:HTTP Error 404: 
ERROR:yfinance:HTTP Error 404: 
ERROR:yfinance:HTTP Error 404: 
ERROR:yfinance:HTTP Error 404: 
ERROR:yfinance:HTTP Error 404: 
ERROR:yfinance:HTTP Error 404: 
ERROR:yfinance:HTTP Error 404: 
ERROR:yfinance:HTTP Error 404: 
ERROR:yfinance:HTTP Error 404: 
ERROR:yfinance:HTTP Error 404: 
ERROR:yfinance:HTTP Error 404: 
ERROR:yfinance:HTTP Error 404: 
ERROR:yfinance:HTTP Error 404: 
ERROR:yfinance:HTTP Error 404: 
ERROR:yfinance:HTTP Error 404: 
ERROR:yfinance:HTTP Error 404: 
ERROR:yfinance:HTTP Error 404: 
ERROR:yfinance:HTTP Error 404: 
ERROR:yfinance:HTTP Error 404: 
ERROR:yfinance:HTTP Error 404: 
ERROR:yfinance:HTTP Error 404: 
ERROR:yfinance:HTTP Error 404: 
ERROR:yfinance:$5TL.BE: possibly delisted; no price data found  (period=2y) (Yahoo error = "No data found, symbol may be delisted")
ERROR:yfinance:$5TL.BE: possibly delisted; no price data found  (period=5d) (Yahoo error = "No data found, symbol may be delisted")
ERROR:yfinance:HTTP Error 404: 
ERROR:yfinance:HTTP Error 404: 
ERROR:yfinance:HTTP Error 404: 
ERROR:yfinance:HTTP Error 404: 
ERROR:yfinance:HTTP Error 404: 
ERROR:yfinance:HTTP Error 500: 
ERROR:yfinance:HTTP Error 404: 
ERROR:yfinance:HTTP Error 500: 
ERROR:yfinance:HTTP Error 404: 
ERROR:yfinance:HTTP Error 404: 
ERROR:yfinance:HTTP Error 404: 
ERROR:yfinance:HTTP Error 404: 
ERROR:yfinance:HTTP Error 404: 
ERROR:yfinance:HTTP Error 404: 
ERROR:yfinance:HTTP Error 404: 
ERROR:yfinance:HTTP Error 404: 
ERROR:yfinance:HTTP Error 404: 
ERROR:yfinance:HTTP Error 404: 
ERROR:yfinance:HTTP Error 404: 
ERROR:yfinance:HTTP Error 404: 
ERROR:yfinance:HTTP Error 404: 
ERROR:yfinance:HTTP Error 404: 
ERROR:yfinance:HTTP Error 404: 
ERROR:yfinance:HTTP Error 404: 
ERROR:yfinance:HTTP Error 404: 
ERROR:yfinance:HTTP Error 404: 
ERROR:yfinance:HTTP Error 404: 
ERROR:yfinance:HTTP Error 404: 
ERROR:yfinance:HTTP Error 404: 
ERROR:yfinance:HTTP Error 404: 
ERROR:yfinance:HTTP Error 404: 
ERROR:yfinance:HTTP Error 404: 
ERROR:yfinance:HTTP Error 404: 
ERROR:yfinance:HTTP Error 404: 
ERROR:yfinance:HTTP Error 404: 
ERROR:yfinance:HTTP Error 404: 
ERROR:yfinance:HTTP Error 404: 
ERROR:yfinance:HTTP Error 404: 
ERROR:yfinance:HTTP Error 404: 
ERROR:yfinance:HTTP Error 404: 
ERROR:yfinance:HTTP Error 404: 
ERROR:yfinance:HTTP Error 404: 
ERROR:yfinance:HTTP Error 404: 
ERROR:yfinance:HTTP Error 404: 
ERROR:yfinance:HTTP Error 404: 
ERROR:yfinance:HTTP Error 404: 
ERROR:yfinance:HTTP Error 404: 
ERROR:yfinance:HTTP Error 404: 
ERROR:yfinance:HTTP Error 404: 
ERROR:yfinance:HTTP Error 404: 
ERROR:yfinance:HTTP Error 404: 
ERROR:yfinance:HTTP Error 404: 
ERROR:yfinance:HTTP Error 404: 
ERROR:yfinance:HTTP Error 404: 
ERROR:yfinance:HTTP Error 404: 
ERROR:yfinance:HTTP Error 404: 
ERROR:yfinance:HTTP Error 404: 
ERROR:yfinance:HTTP Error 404: 
ERROR:yfinance:HTTP Error 404: 
ERROR:yfinance:HTTP Error 404: 
ERROR:yfinance:HTTP Error 404: 
ERROR:yfinance:HTTP Error 404: 
ERROR:yfinance:HTTP Error 404: 
ERROR:yfinance:HTTP Error 404: 
ERROR:yfinance:Failed to perform, curl: (16) . See https://curl.se/libcurl/c/libcurl-errors.html first for more details.
ERROR:yfinance:HTTP Error 404: 
ERROR:yfinance:HTTP Error 404: 
ERROR:yfinance:HTTP Error 404: 
ERROR:yfinance:HTTP Error 404: 
ERROR:yfinance:HTTP Error 404: 
ERROR:yfinance:HTTP Error 404: 
ERROR:yfinance:HTTP Error 404: 
ERROR:yfinance:HTTP Error 404: 
ERROR:yfinance:HTTP Error 404: 
ERROR:yfinance:HTTP Error 404: 
ERROR:yfinance:HTTP Error 404: 
ERROR:yfinance:HTTP Error 404: 
ERROR:yfinance:HTTP Error 404: 
ERROR:yfinance:HTTP Error 404: 
ERROR:yfinance:HTTP Error 404: 
ERROR:yfinance:HTTP Error 404: 
ERROR:yfinance:HTTP Error 404: 
ERROR:yfinance:HTTP Error 404: 
ERROR:yfinance:HTTP Error 404: 
ERROR:yfinance:HTTP Error 404: 
ERROR:yfinance:HTTP Error 404: 
ERROR:yfinance:HTTP Error 404: 
ERROR:yfinance:$FI0009008098.SG: possibly delisted; no price data found  (period=2y) (Yahoo error = "No data found, symbol may be delisted")
ERROR:yfinance:$FI0009008098.SG: possibly delisted; no price data found  (period=5d) (Yahoo error = "No data found, symbol may be delisted")
ERROR:yfinance:HTTP Error 404: 
ERROR:yfinance:HTTP Error 404: 
ERROR:yfinance:HTTP Error 404: 
ERROR:yfinance:HTTP Error 404: 
ERROR:yfinance:HTTP Error 404: 
ERROR:yfinance:HTTP Error 404: 
ERROR:yfinance:HTTP Error 404: 
ERROR:yfinance:HTTP Error 404: 
ERROR:yfinance:HTTP Error 404: 
ERROR:yfinance:HTTP Error 404: 
ERROR:yfinance:HTTP Error 404: 
ERROR:yfinance:HTTP Error 404: 
ERROR:yfinance:HTTP Error 404: 
ERROR:yfinance:HTTP Error 404: 
ERROR:yfinance:HTTP Error 404: 
ERROR:yfinance:HTTP Error 404: 
ERROR:yfinance:HTTP Error 404: 
ERROR:yfinance:HTTP Error 404: 
ERROR:yfinance:HTTP Error 404: 
ERROR:yfinance:HTTP Error 404: 
ERROR:yfinance:HTTP Error 404: 
ERROR:yfinance:HTTP Error 404: 
ERROR:yfinance:HTTP Error 404: 
ERROR:yfinance:HTTP Error 404: 
ERROR:yfinance:HTTP Error 404: 
ERROR:yfinance:HTTP Error 404: 
ERROR:yfinance:HTTP Error 404: 
ERROR:yfinance:HTTP Error 404: 
ERROR:yfinance:HTTP Error 404: 
ERROR:yfinance:HTTP Error 404: 
ERROR:yfinance:HTTP Error 404: 
ERROR:yfinance:HTTP Error 404: 
ERROR:yfinance:HTTP Error 404: 
ERROR:yfinance:HTTP Error 404: 
ERROR:yfinance:$WLI.WA: possibly delisted; no price data found  (period=2y) (Yahoo error = "No data found, symbol may be delisted")
ERROR:yfinance:$WLI.WA: possibly delisted; no price data found  (period=5d) (Yahoo error = "No data found, symbol may be delisted")
ERROR:yfinance:HTTP Error 404: 
ERROR:yfinance:HTTP Error 404: 
ERROR:yfinance:HTTP Error 404: 
ERROR:yfinance:HTTP Error 404: 
ERROR:yfinance:HTTP Error 404: 
ERROR:yfinance:HTTP Error 404: 
ERROR:yfinance:HTTP Error 404: 
ERROR:yfinance:HTTP Error 500: 
ERROR:yfinance:HTTP Error 404: 
ERROR:yfinance:HTTP Error 404: 
ERROR:yfinance:HTTP Error 404: 
ERROR:yfinance:HTTP Error 404: 
ERROR:yfinance:HTTP Error 404: 
ERROR:yfinance:HTTP Error 404: 
ERROR:yfinance:HTTP Error 404: 
ERROR:yfinance:HTTP Error 404: 
ERROR:yfinance:HTTP Error 404: 
ERROR:yfinance:HTTP Error 404: 
ERROR:yfinance:HTTP Error 404: 
ERROR:yfinance:HTTP Error 404: 
ERROR:yfinance:HTTP Error 404: 
ERROR:yfinance:HTTP Error 404: 
ERROR:yfinance:HTTP Error 404: 
ERROR:yfinance:HTTP Error 404: 
ERROR:yfinance:HTTP Error 404: 
ERROR:yfinance:Failed to perform, curl: (16) . See https://curl.se/libcurl/c/libcurl-errors.html first for more details.
ERROR:yfinance:HTTP Error 404: 
ERROR:yfinance:HTTP Error 404: 
ERROR:yfinance:HTTP Error 404: 
ERROR:yfinance:HTTP Error 404: 
ERROR:yfinance:HTTP Error 404: 
ERROR:yfinance:HTTP Error 404: 
ERROR:yfinance:HTTP Error 404: 
ERROR:yfinance:HTTP Error 404: 
ERROR:yfinance:HTTP Error 404: 
ERROR:yfinance:HTTP Error 404: 
ERROR:yfinance:HTTP Error 404: 
ERROR:yfinance:HTTP Error 404: 
ERROR:yfinance:HTTP Error 404: 
ERROR:yfinance:HTTP Error 404: 
ERROR:yfinance:HTTP Error 404: 
ERROR:yfinance:HTTP Error 404: 
ERROR:yfinance:$5TL.BE: possibly delisted; no price data found  (period=2y) (Yahoo error = "No data found, symbol may be delisted")
ERROR:yfinance:$5TL.BE: possibly delisted; no price data found  (period=5d) (Yahoo error = "No data found, symbol may be delisted")
ERROR:yfinance:HTTP Error 404: 
ERROR:yfinance:HTTP Error 404: 
ERROR:yfinance:HTTP Error 404: 
ERROR:yfinance:HTTP Error 404: 
ERROR:yfinance:HTTP Error 404: 
ERROR:yfinance:HTTP Error 500: 
ERROR:yfinance:HTTP Error 404: 
ERROR:yfinance:HTTP Error 500: 
ERROR:yfinance:HTTP Error 404: 
ERROR:yfinance:HTTP Error 404: 
ERROR:yfinance:HTTP Error 404: 
ERROR:yfinance:HTTP Error 404: 
ERROR:yfinance:HTTP Error 404: 
ERROR:yfinance:HTTP Error 404: 
ERROR:yfinance:HTTP Error 404: 
ERROR:yfinance:HTTP Error 404: 
ERROR:yfinance:HTTP Error 404: 
ERROR:yfinance:HTTP Error 404: 
ERROR:yfinance:HTTP Error 404: 
ERROR:yfinance:HTTP Error 404: 
ERROR:yfinance:HTTP Error 404: 
ERROR:yfinance:HTTP Error 404: 
ERROR:yfinance:HTTP Error 404: 
ERROR:yfinance:HTTP Error 404: 
ERROR:yfinance:HTTP Error 404: 
ERROR:yfinance:HTTP Error 404: 
ERROR:yfinance:HTTP Error 404: 
ERROR:yfinance:HTTP Error 404: 
ERROR:yfinance:HTTP Error 404: 
ERROR:yfinance:HTTP Error 404: 
ERROR:yfinance:HTTP Error 404: 
ERROR:yfinance:HTTP Error 404: 
ERROR:yfinance:HTTP Error 404: 
ERROR:yfinance:HTTP Error 404: 
ERROR:yfinance:HTTP Error 404: 
ERROR:yfinance:HTTP Error 404: 
ERROR:yfinance:HTTP Error 404: 
ERROR:yfinance:HTTP Error 404: 
ERROR:yfinance:HTTP Error 404: 
ERROR:yfinance:HTTP Error 404: 
ERROR:yfinance:HTTP Error 404: 
ERROR:yfinance:HTTP Error 404: 
ERROR:yfinance:HTTP Error 404: 
ERROR:yfinance:HTTP Error 404: 
ERROR:yfinance:HTTP Error 404: 
ERROR:yfinance:HTTP Error 404: 
ERROR:yfinance:HTTP Error 404: 
ERROR:yfinance:HTTP Error 404: 
ERROR:yfinance:HTTP Error 404: 
ERROR:yfinance:HTTP Error 404: 
ERROR:yfinance:HTTP Error 404: 
ERROR:yfinance:HTTP Error 404: 
ERROR:yfinance:HTTP Error 404: 
ERROR:yfinance:HTTP Error 404: 
ERROR:yfinance:HTTP Error 404: 
ERROR:yfinance:HTTP Error 404: 
ERROR:yfinance:HTTP Error 404: 
ERROR:yfinance:HTTP Error 404: 
ERROR:yfinance:HTTP Error 404: 
ERROR:yfinance:HTTP Error 404: 
ERROR:yfinance:HTTP Error 404: 
ERROR:yfinance:HTTP Error 404: 
ERROR:yfinance:HTTP Error 404: 
ERROR:yfinance:HTTP Error 404: 
ERROR:yfinance:Failed to perform, curl: (16) . See https://curl.se/libcurl/c/libcurl-errors.html first for more details.
ERROR:yfinance:HTTP Error 404: 
ERROR:yfinance:HTTP Error 404: 
ERROR:yfinance:HTTP Error 404: 
ERROR:yfinance:HTTP Error 404: 
ERROR:yfinance:HTTP Error 404: 
ERROR:yfinance:HTTP Error 404: 
ERROR:yfinance:HTTP Error 404: 
ERROR:yfinance:HTTP Error 404: 
ERROR:yfinance:HTTP Error 404: 
ERROR:yfinance:HTTP Error 404: 
ERROR:yfinance:HTTP Error 404: 
ERROR:yfinance:HTTP Error 404: 
ERROR:yfinance:HTTP Error 404: 
ERROR:yfinance:HTTP Error 404: 
ERROR:yfinance:HTTP Error 404: 
ERROR:yfinance:HTTP Error 404: 
ERROR:yfinance:HTTP Error 404: 
ERROR:yfinance:HTTP Error 404: 
ERROR:yfinance:HTTP Error 404: 
ERROR:yfinance:HTTP Error 404: 
ERROR:yfinance:HTTP Error 404: 
ERROR:yfinance:$FI0009008098.SG: possibly delisted; no price data found  (period=2y) (Yahoo error = "No data found, symbol may be delisted")
ERROR:yfinance:$FI0009008098.SG: possibly delisted; no price data found  (period=5d) (Yahoo error = "No data found, symbol may be delisted")
ERROR:yfinance:HTTP Error 404: 
ERROR:yfinance:HTTP Error 404: 
ERROR:yfinance:HTTP Error 404: 
ERROR:yfinance:HTTP Error 404: 
ERROR:yfinance:HTTP Error 404: 
ERROR:yfinance:HTTP Error 404: 
ERROR:yfinance:HTTP Error 404: 
ERROR:yfinance:HTTP Error 404: 
ERROR:yfinance:HTTP Error 404: 
ERROR:yfinance:HTTP Error 404: 
ERROR:yfinance:HTTP Error 404: 
ERROR:yfinance:HTTP Error 404: 
ERROR:yfinance:HTTP Error 404: 
ERROR:yfinance:HTTP Error 404: 
ERROR:yfinance:HTTP Error 404: 
ERROR:yfinance:HTTP Error 404: 
ERROR:yfinance:HTTP Error 404: 
ERROR:yfinance:HTTP Error 404: 
ERROR:yfinance:HTTP Error 404: 
ERROR:yfinance:HTTP Error 404: 
ERROR:yfinance:HTTP Error 404: 
ERROR:yfinance:HTTP Error 404: 
ERROR:yfinance:HTTP Error 404: 
ERROR:yfinance:HTTP Error 404: 
ERROR:yfinance:HTTP Error 404: 
ERROR:yfinance:HTTP Error 404: 
ERROR:yfinance:HTTP Error 404: 
ERROR:yfinance:HTTP Error 404: 
ERROR:yfinance:HTTP Error 404: 
ERROR:yfinance:HTTP Error 404: 
ERROR:yfinance:HTTP Error 404: 
ERROR:yfinance:HTTP Error 404: 
ERROR:yfinance:HTTP Error 404: 
ERROR:yfinance:HTTP Error 404: 
ERROR:yfinance:$WLI.WA: possibly delisted; no price data found  (period=2y) (Yahoo error = "No data found, symbol may be delisted")
ERROR:yfinance:$WLI.WA: possibly delisted; no price data found  (period=5d) (Yahoo error = "No data found, symbol may be delisted")
ERROR:yfinance:HTTP Error 404: 
ERROR:yfinance:HTTP Error 404: 
ERROR:yfinance:HTTP Error 404: 
ERROR:yfinance:HTTP Error 404: 
ERROR:yfinance:HTTP Error 404: 
ERROR:yfinance:HTTP Error 404: 
ERROR:yfinance:HTTP Error 404: 
ERROR:yfinance:HTTP Error 500: 
ERROR:yfinance:HTTP Error 404: 
ERROR:yfinance:HTTP Error 404: 
ERROR:yfinance:HTTP Error 404: 
ERROR:yfinance:HTTP Error 404: 
ERROR:yfinance:HTTP Error 404: 
ERROR:yfinance:HTTP Error 404: 
ERROR:yfinance:HTTP Error 404: 
ERROR:yfinance:HTTP Error 404: 
ERROR:yfinance:HTTP Error 404: 
ERROR:yfinance:HTTP Error 404: 
ERROR:yfinance:HTTP Error 404: 
ERROR:yfinance:HTTP Error 404: 
ERROR:yfinance:HTTP Error 404: 
ERROR:yfinance:HTTP Error 404: 
ERROR:yfinance:HTTP Error 404: 
ERROR:yfinance:HTTP Error 404: 
ERROR:yfinance:HTTP Error 404: 
ERROR:yfinance:HTTP Error 404: 
ERROR:yfinance:HTTP Error 404: 
ERROR:yfinance:Failed to perform, curl: (16) . See https://curl.se/libcurl/c/libcurl-errors.html first for more details.
ERROR:yfinance:HTTP Error 404: 
ERROR:yfinance:HTTP Error 404: 
ERROR:yfinance:HTTP Error 404: 
ERROR:yfinance:HTTP Error 404: 
ERROR:yfinance:HTTP Error 404: 
ERROR:yfinance:HTTP Error 404: 
ERROR:yfinance:HTTP Error 404: 
ERROR:yfinance:HTTP Error 404: 
ERROR:yfinance:HTTP Error 404: 
ERROR:yfinance:HTTP Error 404: 
ERROR:yfinance:HTTP Error 404: 
ERROR:yfinance:HTTP Error 404: 
ERROR:yfinance:HTTP Error 404: 
ERROR:yfinance:HTTP Error 404: 
ERROR:yfinance:$5TL.BE: possibly delisted; no price data found  (period=2y) (Yahoo error = "No data found, symbol may be delisted")
ERROR:yfinance:$5TL.BE: possibly delisted; no price data found  (period=5d) (Yahoo error = "No data found, symbol may be delisted")
ERROR:yfinance:HTTP Error 404: 
ERROR:yfinance:HTTP Error 404: 
ERROR:yfinance:HTTP Error 404: 
ERROR:yfinance:HTTP Error 404: 
ERROR:yfinance:HTTP Error 404: 
ERROR:yfinance:HTTP Error 500: 
ERROR:yfinance:HTTP Error 404: 
ERROR:yfinance:HTTP Error 500: 
ERROR:yfinance:HTTP Error 404: 
ERROR:yfinance:HTTP Error 404: 
ERROR:yfinance:HTTP Error 404: 
ERROR:yfinance:HTTP Error 404: 
ERROR:yfinance:HTTP Error 404: 
ERROR:yfinance:HTTP Error 404: 
ERROR:yfinance:HTTP Error 404: 
ERROR:yfinance:HTTP Error 404: 
ERROR:yfinance:HTTP Error 404: 
ERROR:yfinance:HTTP Error 404: 
ERROR:yfinance:HTTP Error 404: 
ERROR:yfinance:HTTP Error 404: 
ERROR:yfinance:HTTP Error 404: 
ERROR:yfinance:HTTP Error 404: 
ERROR:yfinance:HTTP Error 404: 
ERROR:yfinance:HTTP Error 404: 
ERROR:yfinance:HTTP Error 404: 
ERROR:yfinance:HTTP Error 404: 
ERROR:yfinance:HTTP Error 404: 
ERROR:yfinance:HTTP Error 404: 
ERROR:yfinance:HTTP Error 404: 
ERROR:yfinance:HTTP Error 404: 
ERROR:yfinance:HTTP Error 404: 
ERROR:yfinance:HTTP Error 404: 
ERROR:yfinance:HTTP Error 404: 
ERROR:yfinance:HTTP Error 404: 
ERROR:yfinance:HTTP Error 404: 
ERROR:yfinance:HTTP Error 404: 
ERROR:yfinance:HTTP Error 404: 
ERROR:yfinance:HTTP Error 404: 
ERROR:yfinance:HTTP Error 404: 
ERROR:yfinance:HTTP Error 404: 
ERROR:yfinance:HTTP Error 404: 
ERROR:yfinance:HTTP Error 404: 
ERROR:yfinance:HTTP Error 404: 
ERROR:yfinance:HTTP Error 404: 
ERROR:yfinance:HTTP Error 404: 
ERROR:yfinance:HTTP Error 404: 
ERROR:yfinance:HTTP Error 404: 
ERROR:yfinance:HTTP Error 404: 
ERROR:yfinance:HTTP Error 404: 
ERROR:yfinance:HTTP Error 404: 
ERROR:yfinance:HTTP Error 404: 
ERROR:yfinance:HTTP Error 404: 
ERROR:yfinance:HTTP Error 404: 
ERROR:yfinance:HTTP Error 404: 
ERROR:yfinance:HTTP Error 404: 
ERROR:yfinance:HTTP Error 404: 
ERROR:yfinance:HTTP Error 404: 
ERROR:yfinance:HTTP Error 404: 
ERROR:yfinance:HTTP Error 404: 
ERROR:yfinance:HTTP Error 404: 
ERROR:yfinance:HTTP Error 404: 
ERROR:yfinance:HTTP Error 404: 
ERROR:yfinance:HTTP Error 404: 
ERROR:yfinance:HTTP Error 404: 
ERROR:yfinance:HTTP Error 404: 
ERROR:yfinance:HTTP Error 404: 
ERROR:yfinance:HTTP Error 404: 
ERROR:yfinance:HTTP Error 404: 
ERROR:yfinance:HTTP Error 404: 
ERROR:yfinance:Failed to get ticker 'NTCT' reason: Failed to perform, curl: (16) Send failure: Connection reset by peer. See https://curl.se/libcurl/c/libcurl-errors.html first for more details.
ERROR:yfinance:HTTP Error 404: 
ERROR:yfinance:HTTP Error 404: 
ERROR:yfinance:HTTP Error 404: 
ERROR:yfinance:HTTP Error 404: 
ERROR:yfinance:HTTP Error 404: 
ERROR:yfinance:HTTP Error 404: 
ERROR:yfinance:HTTP Error 404: 
ERROR:yfinance:HTTP Error 404: 
ERROR:yfinance:HTTP Error 404: 
ERROR:yfinance:HTTP Error 404: 
ERROR:yfinance:HTTP Error 404: 
ERROR:yfinance:HTTP Error 404: 
ERROR:yfinance:HTTP Error 404: 
ERROR:yfinance:HTTP Error 404: 
ERROR:yfinance:HTTP Error 404: 
ERROR:yfinance:HTTP Error 404: 
ERROR:yfinance:$FI0009008098.SG: possibly delisted; no price data found  (period=2y) (Yahoo error = "No data found, symbol may be delisted")
ERROR:yfinance:$FI0009008098.SG: possibly delisted; no price data found  (period=5d) (Yahoo error = "No data found, symbol may be delisted")
ERROR:yfinance:HTTP Error 404: 
ERROR:yfinance:HTTP Error 404: 
ERROR:yfinance:HTTP Error 404: 
ERROR:yfinance:HTTP Error 404: 
ERROR:yfinance:HTTP Error 404: 
ERROR:yfinance:HTTP Error 404: 
ERROR:yfinance:HTTP Error 404: 
ERROR:yfinance:HTTP Error 404: 
ERROR:yfinance:HTTP Error 404: 
ERROR:yfinance:HTTP Error 404: 
ERROR:yfinance:HTTP Error 404: 
ERROR:yfinance:HTTP Error 404: 
ERROR:yfinance:HTTP Error 404: 
ERROR:yfinance:HTTP Error 404: 
ERROR:yfinance:HTTP Error 404: 
ERROR:yfinance:HTTP Error 404: 
ERROR:yfinance:HTTP Error 404: 
ERROR:yfinance:HTTP Error 404: 
ERROR:yfinance:HTTP Error 404: 
ERROR:yfinance:HTTP Error 404: 
ERROR:yfinance:HTTP Error 404: 
ERROR:yfinance:HTTP Error 404: 
ERROR:yfinance:HTTP Error 404: 
ERROR:yfinance:HTTP Error 404: 
ERROR:yfinance:HTTP Error 404: 
ERROR:yfinance:HTTP Error 404: 
ERROR:yfinance:HTTP Error 404: 
ERROR:yfinance:HTTP Error 404: 
ERROR:yfinance:HTTP Error 404: 
ERROR:yfinance:HTTP Error 404: 
ERROR:yfinance:HTTP Error 404: 
ERROR:yfinance:HTTP Error 404: 
ERROR:yfinance:HTTP Error 404: 
ERROR:yfinance:HTTP Error 404: 
ERROR:yfinance:$WLI.WA: possibly delisted; no price data found  (period=2y) (Yahoo error = "No data found, symbol may be delisted")
ERROR:yfinance:$WLI.WA: possibly delisted; no price data found  (period=5d) (Yahoo error = "No data found, symbol may be delisted")
ERROR:yfinance:HTTP Error 404: 
ERROR:yfinance:HTTP Error 404: 
ERROR:yfinance:HTTP Error 404: 
ERROR:yfinance:HTTP Error 404: 
ERROR:yfinance:HTTP Error 404: 
ERROR:yfinance:HTTP Error 404: 
ERROR:yfinance:$GCL.TO: possibly delisted; no price data found  (period=2y) (Yahoo error = "No data found, symbol may be delisted")
ERROR:yfinance:$GCL.TO: possibly delisted; no price data found  (period=5d) (Yahoo error = "No data found, symbol may be delisted")
ERROR:yfinance:HTTP Error 404: 
ERROR:yfinance:HTTP Error 404: 
ERROR:yfinance:HTTP Error 404: 
ERROR:yfinance:HTTP Error 500: 
ERROR:yfinance:HTTP Error 404: 
ERROR:yfinance:HTTP Error 404: 
ERROR:yfinance:HTTP Error 404: 
ERROR:yfinance:HTTP Error 404: 
ERROR:yfinance:Failed to perform, curl: (16) . See https://curl.se/libcurl/c/libcurl-errors.html first for more details.
ERROR:yfinance:HTTP Error 404: 
ERROR:yfinance:HTTP Error 404: 
ERROR:yfinance:HTTP Error 404: 
ERROR:yfinance:HTTP Error 404: 
ERROR:yfinance:HTTP Error 404: 
ERROR:yfinance:HTTP Error 404: 
ERROR:yfinance:HTTP Error 404: 
ERROR:yfinance:HTTP Error 404: 
ERROR:yfinance:HTTP Error 404: 
ERROR:yfinance:HTTP Error 404: 
ERROR:yfinance:Failed to get ticker 'KIGRY' reason: Failed to perform, curl: (16) . See https://curl.se/libcurl/c/libcurl-errors.html first for more details.
ERROR:yfinance:HTTP Error 404: 
ERROR:yfinance:HTTP Error 404: 
ERROR:yfinance:HTTP Error 404: 
ERROR:yfinance:HTTP Error 404: 
ERROR:yfinance:HTTP Error 404: 
ERROR:yfinance:HTTP Error 404: 
ERROR:yfinance:HTTP Error 404: 
ERROR:yfinance:HTTP Error 404: 
ERROR:yfinance:HTTP Error 404: 
ERROR:yfinance:HTTP Error 404: 
ERROR:yfinance:HTTP Error 404: 
ERROR:yfinance:HTTP Error 404: 
ERROR:yfinance:HTTP Error 404: 
ERROR:yfinance:HTTP Error 404: 
ERROR:yfinance:HTTP Error 404: 
ERROR:yfinance:HTTP Error 404: 
ERROR:yfinance:HTTP Error 404: 
ERROR:yfinance:HTTP Error 404: 
ERROR:yfinance:$5TL.BE: possibly delisted; no price data found  (period=2y) (Yahoo error = "No data found, symbol may be delisted")
ERROR:yfinance:$5TL.BE: possibly delisted; no price data found  (period=5d) (Yahoo error = "No data found, symbol may be delisted")
ERROR:yfinance:HTTP Error 404: 
ERROR:yfinance:HTTP Error 404: 
ERROR:yfinance:HTTP Error 404: 
ERROR:yfinance:HTTP Error 404: 
ERROR:yfinance:HTTP Error 404: 
ERROR:yfinance:HTTP Error 500: 
ERROR:yfinance:HTTP Error 404: 
ERROR:yfinance:HTTP Error 500: 
ERROR:yfinance:HTTP Error 404: 
ERROR:yfinance:HTTP Error 404: 
ERROR:yfinance:Failed to perform, curl: (16) . See https://curl.se/libcurl/c/libcurl-errors.html first for more details.
ERROR:yfinance:HTTP Error 404: 
ERROR:yfinance:HTTP Error 404: 
ERROR:yfinance:HTTP Error 404: 
ERROR:yfinance:HTTP Error 404: 
ERROR:yfinance:HTTP Error 404: 
ERROR:yfinance:HTTP Error 404: 
ERROR:yfinance:HTTP Error 404: 
ERROR:yfinance:HTTP Error 404: 
ERROR:yfinance:HTTP Error 404: 
ERROR:yfinance:HTTP Error 404: 
ERROR:yfinance:HTTP Error 404: 
ERROR:yfinance:HTTP Error 404: 
ERROR:yfinance:HTTP Error 404: 
ERROR:yfinance:HTTP Error 404: 
ERROR:yfinance:HTTP Error 404: 
ERROR:yfinance:HTTP Error 404: 
ERROR:yfinance:HTTP Error 404: 
ERROR:yfinance:HTTP Error 404: 
ERROR:yfinance:HTTP Error 404: 
ERROR:yfinance:HTTP Error 404: 
ERROR:yfinance:HTTP Error 404: 
ERROR:yfinance:HTTP Error 404: 
ERROR:yfinance:HTTP Error 404: 
ERROR:yfinance:HTTP Error 404: 
ERROR:yfinance:HTTP Error 404: 
ERROR:yfinance:HTTP Error 404: 
ERROR:yfinance:HTTP Error 404: 
ERROR:yfinance:$IT0005424830.SG: possibly delisted; no price data found  (period=2y) (Yahoo error = "No data found, symbol may be delisted")
ERROR:yfinance:$IT0005424830.SG: possibly delisted; no price data found  (period=5d) (Yahoo error = "No data found, symbol may be delisted")
ERROR:yfinance:HTTP Error 404: 
ERROR:yfinance:HTTP Error 404: 
ERROR:yfinance:HTTP Error 404: 
ERROR:yfinance:HTTP Error 404: 
ERROR:yfinance:HTTP Error 404: 
ERROR:yfinance:HTTP Error 404: 
ERROR:yfinance:HTTP Error 404: 
ERROR:yfinance:HTTP Error 404: 
ERROR:yfinance:HTTP Error 404: 
ERROR:yfinance:HTTP Error 404: 
ERROR:yfinance:HTTP Error 404: 
ERROR:yfinance:HTTP Error 404: 
ERROR:yfinance:HTTP Error 404: 
ERROR:yfinance:HTTP Error 404: 
ERROR:yfinance:HTTP Error 404: 
ERROR:yfinance:HTTP Error 404: 
ERROR:yfinance:HTTP Error 404: 
ERROR:yfinance:HTTP Error 404: 
ERROR:yfinance:HTTP Error 404: 
ERROR:yfinance:HTTP Error 404: 
ERROR:yfinance:HTTP Error 404: 
ERROR:yfinance:HTTP Error 404: 
ERROR:yfinance:HTTP Error 404: 
ERROR:yfinance:HTTP Error 404: 
ERROR:yfinance:HTTP Error 404: 
ERROR:yfinance:HTTP Error 404: 
ERROR:yfinance:HTTP Error 404: 
ERROR:yfinance:HTTP Error 404: 
ERROR:yfinance:Failed to perform, curl: (16) . See https://curl.se/libcurl/c/libcurl-errors.html first for more details.
ERROR:yfinance:HTTP Error 404: 
ERROR:yfinance:HTTP Error 404: 
ERROR:yfinance:HTTP Error 404: 
ERROR:yfinance:HTTP Error 404: 
ERROR:yfinance:HTTP Error 404: 
ERROR:yfinance:HTTP Error 404: 
ERROR:yfinance:HTTP Error 404: 
ERROR:yfinance:HTTP Error 404: 
ERROR:yfinance:HTTP Error 404: 
ERROR:yfinance:HTTP Error 404: 
ERROR:yfinance:HTTP Error 404: 
ERROR:yfinance:HTTP Error 404: 
ERROR:yfinance:HTTP Error 404: 
ERROR:yfinance:HTTP Error 404: 
ERROR:yfinance:$TRC.L: possibly delisted; no price data found  (period=2y) (Yahoo error = "No data found, symbol may be delisted")
ERROR:yfinance:$TRC.L: possibly delisted; no price data found  (period=5d) (Yahoo error = "No data found, symbol may be delisted")
ERROR:yfinance:HTTP Error 404: 
ERROR:yfinance:HTTP Error 404: 
ERROR:yfinance:HTTP Error 404: 
ERROR:yfinance:HTTP Error 404: 
ERROR:yfinance:HTTP Error 404: 
ERROR:yfinance:HTTP Error 404: 
ERROR:yfinance:HTTP Error 404: 
ERROR:yfinance:HTTP Error 404: 
ERROR:yfinance:HTTP Error 404: 
ERROR:yfinance:$FI0009008098.SG: possibly delisted; no price data found  (period=2y) (Yahoo error = "No data found, symbol may be delisted")
ERROR:yfinance:$FI0009008098.SG: possibly delisted; no price data found  (period=5d) (Yahoo error = "No data found, symbol may be delisted")
ERROR:yfinance:HTTP Error 404: 
ERROR:yfinance:HTTP Error 404: 
ERROR:yfinance:HTTP Error 404: 
ERROR:yfinance:HTTP Error 404: 
ERROR:yfinance:HTTP Error 404: 
ERROR:yfinance:HTTP Error 404: 
ERROR:yfinance:HTTP Error 404: 
ERROR:yfinance:HTTP Error 404: 
ERROR:yfinance:HTTP Error 404: 
ERROR:yfinance:HTTP Error 404: 
ERROR:yfinance:HTTP Error 404: 
ERROR:yfinance:HTTP Error 404: 
ERROR:yfinance:HTTP Error 404: 
ERROR:yfinance:HTTP Error 404: 
ERROR:yfinance:HTTP Error 404: 
ERROR:yfinance:HTTP Error 404: 
ERROR:yfinance:HTTP Error 404: 
ERROR:yfinance:HTTP Error 404: 
ERROR:yfinance:HTTP Error 404: 
ERROR:yfinance:HTTP Error 404: 
ERROR:yfinance:HTTP Error 404: 
ERROR:yfinance:HTTP Error 404: 
ERROR:yfinance:HTTP Error 404: 
ERROR:yfinance:HTTP Error 404: 
ERROR:yfinance:HTTP Error 404: 
ERROR:yfinance:HTTP Error 404: 
ERROR:yfinance:HTTP Error 404: 
ERROR:yfinance:HTTP Error 404: 
ERROR:yfinance:HTTP Error 404: 
ERROR:yfinance:HTTP Error 404: 
ERROR:yfinance:HTTP Error 404: 
ERROR:yfinance:HTTP Error 404: 
ERROR:yfinance:HTTP Error 404: 
ERROR:yfinance:HTTP Error 404: 
ERROR:yfinance:$WLI.WA: possibly delisted; no price data found  (period=2y) (Yahoo error = "No data found, symbol may be delisted")
ERROR:yfinance:$WLI.WA: possibly delisted; no price data found  (period=5d) (Yahoo error = "No data found, symbol may be delisted")
ERROR:yfinance:HTTP Error 404: 
ERROR:yfinance:HTTP Error 404: 
ERROR:yfinance:HTTP Error 404: 
ERROR:yfinance:HTTP Error 404: 
ERROR:yfinance:HTTP Error 404: 
ERROR:yfinance:HTTP Error 404: 
ERROR:yfinance:$GCL.TO: possibly delisted; no price data found  (period=2y) (Yahoo error = "No data found, symbol may be delisted")
ERROR:yfinance:$GCL.TO: possibly delisted; no price data found  (period=5d) (Yahoo error = "No data found, symbol may be delisted")
ERROR:yfinance:HTTP Error 404: 
ERROR:yfinance:HTTP Error 404: 
ERROR:yfinance:HTTP Error 404: 
ERROR:yfinance:HTTP Error 500: 
ERROR:yfinance:HTTP Error 404: 
ERROR:yfinance:HTTP Error 404: 
ERROR:yfinance:HTTP Error 404: 
ERROR:yfinance:HTTP Error 404: 
ERROR:yfinance:HTTP Error 404: 
ERROR:yfinance:HTTP Error 404: 
ERROR:yfinance:HTTP Error 404: 
ERROR:yfinance:HTTP Error 404: 
ERROR:yfinance:HTTP Error 404: 
ERROR:yfinance:HTTP Error 404: 
ERROR:yfinance:HTTP Error 404: 
ERROR:yfinance:HTTP Error 404: 
ERROR:yfinance:HTTP Error 404: 
ERROR:yfinance:HTTP Error 404: 
ERROR:yfinance:HTTP Error 404: 
ERROR:yfinance:HTTP Error 404: 
ERROR:yfinance:HTTP Error 404: 
ERROR:yfinance:HTTP Error 404: 
ERROR:yfinance:HTTP Error 404: 
ERROR:yfinance:HTTP Error 404: 
ERROR:yfinance:HTTP Error 404: 
ERROR:yfinance:HTTP Error 404: 
ERROR:yfinance:HTTP Error 404: 
ERROR:yfinance:HTTP Error 404: 
ERROR:yfinance:HTTP Error 404: 
ERROR:yfinance:HTTP Error 404: 
ERROR:yfinance:HTTP Error 404: 
ERROR:yfinance:Failed to perform, curl: (16) . See https://curl.se/libcurl/c/libcurl-errors.html first for more details.
ERROR:yfinance:HTTP Error 404: 
ERROR:yfinance:HTTP Error 404: 
ERROR:yfinance:HTTP Error 404: 
ERROR:yfinance:HTTP Error 404: 
ERROR:yfinance:HTTP Error 404: 
ERROR:yfinance:$5TL.BE: possibly delisted; no price data found  (period=2y) (Yahoo error = "No data found, symbol may be delisted")
ERROR:yfinance:$5TL.BE: possibly delisted; no price data found  (period=5d) (Yahoo error = "No data found, symbol may be delisted")
ERROR:yfinance:HTTP Error 404: 
ERROR:yfinance:HTTP Error 404: 
ERROR:yfinance:HTTP Error 404: 
ERROR:yfinance:HTTP Error 404: 
ERROR:yfinance:HTTP Error 404: 
ERROR:yfinance:HTTP Error 500: 
ERROR:yfinance:HTTP Error 404: 
ERROR:yfinance:HTTP Error 500: 
ERROR:yfinance:HTTP Error 404: 
ERROR:yfinance:HTTP Error 404: 
ERROR:yfinance:HTTP Error 404: 
ERROR:yfinance:HTTP Error 404: 
ERROR:yfinance:HTTP Error 404: 
ERROR:yfinance:HTTP Error 404: 
ERROR:yfinance:HTTP Error 404: 
ERROR:yfinance:HTTP Error 404: 
ERROR:yfinance:HTTP Error 404: 
ERROR:yfinance:HTTP Error 404: 
ERROR:yfinance:HTTP Error 404: 
ERROR:yfinance:HTTP Error 404: 
ERROR:yfinance:HTTP Error 404: 
ERROR:yfinance:HTTP Error 404: 
ERROR:yfinance:HTTP Error 404: 
ERROR:yfinance:HTTP Error 404: 
ERROR:yfinance:HTTP Error 404: 
ERROR:yfinance:HTTP Error 404: 
ERROR:yfinance:HTTP Error 404: 
ERROR:yfinance:HTTP Error 404: 
ERROR:yfinance:HTTP Error 404: 
ERROR:yfinance:HTTP Error 404: 
ERROR:yfinance:HTTP Error 404: 
ERROR:yfinance:HTTP Error 404: 
ERROR:yfinance:HTTP Error 404: 
ERROR:yfinance:HTTP Error 404: 
ERROR:yfinance:HTTP Error 404: 
ERROR:yfinance:HTTP Error 404: 
ERROR:yfinance:HTTP Error 404: 
ERROR:yfinance:$IT0005424830.SG: possibly delisted; no price data found  (period=2y) (Yahoo error = "No data found, symbol may be delisted")
ERROR:yfinance:$IT0005424830.SG: possibly delisted; no price data found  (period=5d) (Yahoo error = "No data found, symbol may be delisted")
ERROR:yfinance:HTTP Error 404: 
ERROR:yfinance:HTTP Error 404: 
ERROR:yfinance:HTTP Error 404: 
ERROR:yfinance:HTTP Error 404: 
ERROR:yfinance:HTTP Error 404: 
ERROR:yfinance:HTTP Error 404: 
ERROR:yfinance:HTTP Error 404: 
ERROR:yfinance:HTTP Error 404: 
ERROR:yfinance:HTTP Error 404: 
ERROR:yfinance:HTTP Error 404: 
ERROR:yfinance:HTTP Error 404: 
ERROR:yfinance:HTTP Error 404: 
ERROR:yfinance:HTTP Error 404: 
ERROR:yfinance:HTTP Error 404: 
ERROR:yfinance:HTTP Error 404: 
ERROR:yfinance:HTTP Error 404: 
ERROR:yfinance:HTTP Error 404: 
ERROR:yfinance:HTTP Error 404: 
ERROR:yfinance:HTTP Error 404: 
ERROR:yfinance:HTTP Error 404: 
ERROR:yfinance:HTTP Error 404: 
ERROR:yfinance:HTTP Error 404: 
ERROR:yfinance:HTTP Error 404: 
ERROR:yfinance:HTTP Error 404: 
ERROR:yfinance:HTTP Error 404: 
ERROR:yfinance:HTTP Error 404: 
ERROR:yfinance:HTTP Error 404: 
ERROR:yfinance:HTTP Error 404: 
ERROR:yfinance:Failed to perform, curl: (16) . See https://curl.se/libcurl/c/libcurl-errors.html first for more details.
ERROR:yfinance:HTTP Error 404: 
ERROR:yfinance:HTTP Error 404: 
ERROR:yfinance:HTTP Error 404: 
ERROR:yfinance:HTTP Error 404: 
ERROR:yfinance:HTTP Error 404: 
ERROR:yfinance:HTTP Error 404: 
ERROR:yfinance:HTTP Error 404: 
ERROR:yfinance:HTTP Error 404: 
ERROR:yfinance:HTTP Error 404: 
ERROR:yfinance:HTTP Error 404: 
ERROR:yfinance:HTTP Error 404: 
ERROR:yfinance:HTTP Error 404: 
ERROR:yfinance:HTTP Error 404: 
ERROR:yfinance:$TRC.L: possibly delisted; no price data found  (period=2y) (Yahoo error = "No data found, symbol may be delisted")
ERROR:yfinance:$TRC.L: possibly delisted; no price data found  (period=5d) (Yahoo error = "No data found, symbol may be delisted")
ERROR:yfinance:HTTP Error 404: 
ERROR:yfinance:HTTP Error 404: 
ERROR:yfinance:HTTP Error 404: 
ERROR:yfinance:HTTP Error 404: 
ERROR:yfinance:HTTP Error 404: 
ERROR:yfinance:HTTP Error 404: 
ERROR:yfinance:HTTP Error 404: 
ERROR:yfinance:HTTP Error 404: 
ERROR:yfinance:HTTP Error 404: 
ERROR:yfinance:$FI0009008098.SG: possibly delisted; no price data found  (period=2y) (Yahoo error = "No data found, symbol may be delisted")
ERROR:yfinance:$FI0009008098.SG: possibly delisted; no price data found  (period=5d) (Yahoo error = "No data found, symbol may be delisted")
ERROR:yfinance:HTTP Error 404: 
ERROR:yfinance:HTTP Error 404: 
ERROR:yfinance:HTTP Error 404: 
ERROR:yfinance:HTTP Error 404: 
ERROR:yfinance:HTTP Error 404: 
ERROR:yfinance:HTTP Error 404: 
ERROR:yfinance:HTTP Error 404: 
ERROR:yfinance:HTTP Error 404: 
ERROR:yfinance:HTTP Error 404: 
ERROR:yfinance:HTTP Error 404: 
ERROR:yfinance:HTTP Error 404: 
ERROR:yfinance:HTTP Error 404: 
ERROR:yfinance:HTTP Error 404: 
ERROR:yfinance:HTTP Error 404: 
ERROR:yfinance:HTTP Error 404: 
ERROR:yfinance:HTTP Error 404: 
ERROR:yfinance:HTTP Error 404: 
ERROR:yfinance:HTTP Error 404: 
ERROR:yfinance:HTTP Error 404: 
ERROR:yfinance:HTTP Error 404: 
ERROR:yfinance:HTTP Error 404: 
ERROR:yfinance:HTTP Error 404: 
ERROR:yfinance:HTTP Error 404: 
ERROR:yfinance:HTTP Error 404: 
ERROR:yfinance:HTTP Error 404: 
ERROR:yfinance:HTTP Error 404: 
ERROR:yfinance:HTTP Error 404: 
ERROR:yfinance:HTTP Error 404: 
ERROR:yfinance:HTTP Error 404: 
ERROR:yfinance:HTTP Error 404: 
ERROR:yfinance:HTTP Error 404: 
ERROR:yfinance:HTTP Error 404: 
ERROR:yfinance:HTTP Error 404: 
ERROR:yfinance:HTTP Error 404: 
ERROR:yfinance:$WLI.WA: possibly delisted; no price data found  (period=2y) (Yahoo error = "No data found, symbol may be delisted")
ERROR:yfinance:$WLI.WA: possibly delisted; no price data found  (period=5d) (Yahoo error = "No data found, symbol may be delisted")
ERROR:yfinance:HTTP Error 404: 
ERROR:yfinance:HTTP Error 404: 
ERROR:yfinance:HTTP Error 404: 
ERROR:yfinance:HTTP Error 404: 
ERROR:yfinance:HTTP Error 404: 
ERROR:yfinance:HTTP Error 404: 
ERROR:yfinance:$GCL.TO: possibly delisted; no price data found  (period=2y) (Yahoo error = "No data found, symbol may be delisted")
ERROR:yfinance:$GCL.TO: possibly delisted; no price data found  (period=5d) (Yahoo error = "No data found, symbol may be delisted")
ERROR:yfinance:HTTP Error 404: 
ERROR:yfinance:HTTP Error 404: 
ERROR:yfinance:HTTP Error 404: 
ERROR:yfinance:HTTP Error 500: 
ERROR:yfinance:HTTP Error 404: 
ERROR:yfinance:HTTP Error 404: 
ERROR:yfinance:HTTP Error 404: 
ERROR:yfinance:HTTP Error 404: 
ERROR:yfinance:HTTP Error 404: 
ERROR:yfinance:HTTP Error 404: 
ERROR:yfinance:HTTP Error 404: 
ERROR:yfinance:HTTP Error 404: 
ERROR:yfinance:HTTP Error 404: 
ERROR:yfinance:HTTP Error 404: 
ERROR:yfinance:HTTP Error 404: 
ERROR:yfinance:HTTP Error 404: 
ERROR:yfinance:HTTP Error 404: 
ERROR:yfinance:HTTP Error 404: 
ERROR:yfinance:HTTP Error 404: 
ERROR:yfinance:HTTP Error 404: 
ERROR:yfinance:HTTP Error 404: 
ERROR:yfinance:HTTP Error 404: 
ERROR:yfinance:Failed to perform, curl: (16) . See https://curl.se/libcurl/c/libcurl-errors.html first for more details.
ERROR:yfinance:HTTP Error 404: 
ERROR:yfinance:HTTP Error 404: 
ERROR:yfinance:HTTP Error 404: 
ERROR:yfinance:HTTP Error 404: 
ERROR:yfinance:HTTP Error 404: 
ERROR:yfinance:HTTP Error 404: 
ERROR:yfinance:HTTP Error 404: 
ERROR:yfinance:HTTP Error 404: 
ERROR:yfinance:HTTP Error 404: 
ERROR:yfinance:HTTP Error 404: 
ERROR:yfinance:HTTP Error 404: 
ERROR:yfinance:HTTP Error 404: 
ERROR:yfinance:HTTP Error 404: 
ERROR:yfinance:HTTP Error 404: 
ERROR:yfinance:$5TL.BE: possibly delisted; no price data found  (period=2y) (Yahoo error = "No data found, symbol may be delisted")
ERROR:yfinance:$5TL.BE: possibly delisted; no price data found  (period=5d) (Yahoo error = "No data found, symbol may be delisted")
ERROR:yfinance:HTTP Error 404: 
ERROR:yfinance:HTTP Error 404: 
ERROR:yfinance:HTTP Error 404: 
ERROR:yfinance:HTTP Error 404: 
ERROR:yfinance:HTTP Error 404: 
ERROR:yfinance:HTTP Error 500: 
ERROR:yfinance:HTTP Error 404: 
ERROR:yfinance:HTTP Error 500: 
ERROR:yfinance:HTTP Error 404: 
ERROR:yfinance:HTTP Error 404: 
ERROR:yfinance:HTTP Error 404: 
ERROR:yfinance:HTTP Error 404: 
ERROR:yfinance:HTTP Error 404: 
ERROR:yfinance:HTTP Error 404: 
ERROR:yfinance:HTTP Error 404: 
ERROR:yfinance:HTTP Error 404: 
ERROR:yfinance:HTTP Error 404: 
ERROR:yfinance:HTTP Error 404: 
ERROR:yfinance:HTTP Error 404: 
ERROR:yfinance:HTTP Error 404: 
ERROR:yfinance:HTTP Error 404: 
ERROR:yfinance:HTTP Error 404: 
ERROR:yfinance:HTTP Error 404: 
ERROR:yfinance:HTTP Error 404: 
ERROR:yfinance:HTTP Error 404: 
ERROR:yfinance:HTTP Error 404: 
ERROR:yfinance:HTTP Error 404: 
ERROR:yfinance:HTTP Error 404: 
ERROR:yfinance:HTTP Error 404: 
ERROR:yfinance:HTTP Error 404: 
ERROR:yfinance:HTTP Error 404: 
ERROR:yfinance:HTTP Error 404: 
ERROR:yfinance:HTTP Error 404: 
ERROR:yfinance:HTTP Error 404: 
ERROR:yfinance:HTTP Error 404: 
ERROR:yfinance:HTTP Error 404: 
ERROR:yfinance:HTTP Error 404: 
ERROR:yfinance:$IT0005424830.SG: possibly delisted; no price data found  (period=2y) (Yahoo error = "No data found, symbol may be delisted")
ERROR:yfinance:$IT0005424830.SG: possibly delisted; no price data found  (period=5d) (Yahoo error = "No data found, symbol may be delisted")
ERROR:yfinance:HTTP Error 404: 
ERROR:yfinance:HTTP Error 404: 
ERROR:yfinance:HTTP Error 404: 
ERROR:yfinance:HTTP Error 404: 
ERROR:yfinance:HTTP Error 404: 
ERROR:yfinance:HTTP Error 404: 
ERROR:yfinance:HTTP Error 404: 
ERROR:yfinance:HTTP Error 404: 
ERROR:yfinance:HTTP Error 404: 
ERROR:yfinance:HTTP Error 404: 
ERROR:yfinance:HTTP Error 404: 
ERROR:yfinance:HTTP Error 404: 
ERROR:yfinance:HTTP Error 404: 
ERROR:yfinance:HTTP Error 404: 
ERROR:yfinance:HTTP Error 404: 
ERROR:yfinance:HTTP Error 404: 
ERROR:yfinance:HTTP Error 404: 
ERROR:yfinance:HTTP Error 404: 
ERROR:yfinance:HTTP Error 404: 
ERROR:yfinance:HTTP Error 404: 
ERROR:yfinance:HTTP Error 404: 
ERROR:yfinance:HTTP Error 404: 
ERROR:yfinance:HTTP Error 404: 
ERROR:yfinance:HTTP Error 404: 
ERROR:yfinance:HTTP Error 404: 
ERROR:yfinance:HTTP Error 404: 
ERROR:yfinance:HTTP Error 404: 
ERROR:yfinance:HTTP Error 404: 
ERROR:yfinance:$2F5.BE: possibly delisted; no price data found  (period=2y) (Yahoo error = "No data found, symbol may be delisted")
ERROR:yfinance:$2F5.BE: possibly delisted; no price data found  (period=5d) (Yahoo error = "No data found, symbol may be delisted")
ERROR:yfinance:HTTP Error 404: 
ERROR:yfinance:Failed to perform, curl: (16) . See https://curl.se/libcurl/c/libcurl-errors.html first for more details.
ERROR:yfinance:HTTP Error 404: 
ERROR:yfinance:HTTP Error 404: 
ERROR:yfinance:HTTP Error 404: 
ERROR:yfinance:HTTP Error 404: 
ERROR:yfinance:HTTP Error 404: 
ERROR:yfinance:HTTP Error 404: 
ERROR:yfinance:$217A.BE: possibly delisted; no price data found  (period=2y) (Yahoo error = "No data found, symbol may be delisted")
ERROR:yfinance:$217A.BE: possibly delisted; no price data found  (period=5d) (Yahoo error = "No data found, symbol may be delisted")
ERROR:yfinance:HTTP Error 404: 
ERROR:yfinance:HTTP Error 404: 
ERROR:yfinance:HTTP Error 404: 
ERROR:yfinance:$B7U.BE: possibly delisted; no price data found  (period=2y) (Yahoo error = "No data found, symbol may be delisted")
ERROR:yfinance:$B7U.BE: possibly delisted; no price data found  (period=5d) (Yahoo error = "No data found, symbol may be delisted")
ERROR:yfinance:HTTP Error 404: 
ERROR:yfinance:HTTP Error 404: 
ERROR:yfinance:HTTP Error 404: 
ERROR:yfinance:HTTP Error 404: 
ERROR:yfinance:$TRC.L: possibly delisted; no price data found  (period=2y) (Yahoo error = "No data found, symbol may be delisted")
ERROR:yfinance:$TRC.L: possibly delisted; no price data found  (period=5d) (Yahoo error = "No data found, symbol may be delisted")
ERROR:yfinance:HTTP Error 404: 
ERROR:yfinance:HTTP Error 404: 
ERROR:yfinance:HTTP Error 404: 
ERROR:yfinance:HTTP Error 404: 
ERROR:yfinance:HTTP Error 404: 
ERROR:yfinance:HTTP Error 404: 
ERROR:yfinance:HTTP Error 404: 
ERROR:yfinance:HTTP Error 404: 
ERROR:yfinance:HTTP Error 404: 
ERROR:yfinance:$FI0009008098.SG: possibly delisted; no price data found  (period=2y) (Yahoo error = "No data found, symbol may be delisted")
ERROR:yfinance:$FI0009008098.SG: possibly delisted; no price data found  (period=5d) (Yahoo error = "No data found, symbol may be delisted")
ERROR:yfinance:HTTP Error 404: 
ERROR:yfinance:HTTP Error 404: 
ERROR:yfinance:HTTP Error 404: 
ERROR:yfinance:HTTP Error 404: 
ERROR:yfinance:HTTP Error 404: 
ERROR:yfinance:HTTP Error 404: 
ERROR:yfinance:HTTP Error 404: 
ERROR:yfinance:HTTP Error 404: 
ERROR:yfinance:HTTP Error 404: 
ERROR:yfinance:HTTP Error 404: 
ERROR:yfinance:HTTP Error 404: 
ERROR:yfinance:HTTP Error 404: 
ERROR:yfinance:HTTP Error 404: 
ERROR:yfinance:HTTP Error 404: 
ERROR:yfinance:HTTP Error 404: 
ERROR:yfinance:HTTP Error 404: 
ERROR:yfinance:HTTP Error 404: 
ERROR:yfinance:HTTP Error 404: 
ERROR:yfinance:HTTP Error 404: 
ERROR:yfinance:HTTP Error 404: 
ERROR:yfinance:HTTP Error 404: 
ERROR:yfinance:HTTP Error 404: 
ERROR:yfinance:HTTP Error 404: 
ERROR:yfinance:HTTP Error 404: 
ERROR:yfinance:HTTP Error 404: 
ERROR:yfinance:HTTP Error 404: 
ERROR:yfinance:HTTP Error 404: 
ERROR:yfinance:HTTP Error 404: 
ERROR:yfinance:HTTP Error 404: 
ERROR:yfinance:HTTP Error 404: 
ERROR:yfinance:HTTP Error 404: 
ERROR:yfinance:HTTP Error 404: 
ERROR:yfinance:HTTP Error 404: 
ERROR:yfinance:HTTP Error 404: 
ERROR:yfinance:$WLI.WA: possibly delisted; no price data found  (period=2y) (Yahoo error = "No data found, symbol may be delisted")
ERROR:yfinance:$WLI.WA: possibly delisted; no price data found  (period=5d) (Yahoo error = "No data found, symbol may be delisted")
ERROR:yfinance:HTTP Error 404: 
ERROR:yfinance:HTTP Error 404: 
ERROR:yfinance:HTTP Error 404: 
ERROR:yfinance:HTTP Error 404: 
ERROR:yfinance:HTTP Error 404: 
ERROR:yfinance:HTTP Error 404: 
ERROR:yfinance:$GCL.TO: possibly delisted; no price data found  (period=2y) (Yahoo error = "No data found, symbol may be delisted")
ERROR:yfinance:$GCL.TO: possibly delisted; no price data found  (period=5d) (Yahoo error = "No data found, symbol may be delisted")
ERROR:yfinance:HTTP Error 404: 
ERROR:yfinance:HTTP Error 404: 
ERROR:yfinance:HTTP Error 404: 
ERROR:yfinance:HTTP Error 500: 
ERROR:yfinance:HTTP Error 404: 
ERROR:yfinance:HTTP Error 404: 
ERROR:yfinance:HTTP Error 404: 
ERROR:yfinance:HTTP Error 404: 
ERROR:yfinance:HTTP Error 404: 
ERROR:yfinance:HTTP Error 404: 
ERROR:yfinance:$2Y5.BE: possibly delisted; no price data found  (period=2y) (Yahoo error = "No data found, symbol may be delisted")
ERROR:yfinance:$2Y5.BE: possibly delisted; no price data found  (period=5d) (Yahoo error = "No data found, symbol may be delisted")
ERROR:yfinance:HTTP Error 404: 
ERROR:yfinance:HTTP Error 404: 
ERROR:yfinance:HTTP Error 404: 
ERROR:yfinance:HTTP Error 404: 
ERROR:yfinance:HTTP Error 404: 
ERROR:yfinance:HTTP Error 404: 
ERROR:yfinance:HTTP Error 404: 
ERROR:yfinance:HTTP Error 404: 
ERROR:yfinance:HTTP Error 404: 
ERROR:yfinance:HTTP Error 404: 
ERROR:yfinance:HTTP Error 404: 
ERROR:yfinance:Failed to perform, curl: (16) . See https://curl.se/libcurl/c/libcurl-errors.html first for more details.
ERROR:yfinance:HTTP Error 404: 
ERROR:yfinance:$1YL.BE: possibly delisted; no price data found  (period=2y) (Yahoo error = "No data found, symbol may be delisted")
ERROR:yfinance:$1YL.BE: possibly delisted; no price data found  (period=5d) (Yahoo error = "No data found, symbol may be delisted")
ERROR:yfinance:HTTP Error 404: 
ERROR:yfinance:HTTP Error 404: 
ERROR:yfinance:HTTP Error 404: 
ERROR:yfinance:HTTP Error 404: 
ERROR:yfinance:HTTP Error 404: 
ERROR:yfinance:HTTP Error 404: 
ERROR:yfinance:HTTP Error 404: 
ERROR:yfinance:HTTP Error 404: 
ERROR:yfinance:HTTP Error 404: 
ERROR:yfinance:HTTP Error 404: 
ERROR:yfinance:HTTP Error 404: 
ERROR:yfinance:HTTP Error 404: 
ERROR:yfinance:HTTP Error 404: 
ERROR:yfinance:HTTP Error 404: 
ERROR:yfinance:$5TL.BE: possibly delisted; no price data found  (period=2y) (Yahoo error = "No data found, symbol may be delisted")
ERROR:yfinance:$5TL.BE: possibly delisted; no price data found  (period=5d) (Yahoo error = "No data found, symbol may be delisted")
ERROR:yfinance:HTTP Error 404: 
ERROR:yfinance:HTTP Error 404: 
ERROR:yfinance:HTTP Error 404: 
ERROR:yfinance:HTTP Error 404: 
ERROR:yfinance:HTTP Error 404: 
ERROR:yfinance:HTTP Error 500: 
ERROR:yfinance:HTTP Error 404: 
ERROR:yfinance:HTTP Error 500: 
ERROR:yfinance:HTTP Error 404: 
ERROR:yfinance:HTTP Error 404: 
ERROR:yfinance:HTTP Error 404: 
ERROR:yfinance:HTTP Error 404: 
ERROR:yfinance:HTTP Error 404: 
ERROR:yfinance:HTTP Error 404: 
ERROR:yfinance:HTTP Error 404: 
ERROR:yfinance:HTTP Error 502: 
ERROR:yfinance:HTTP Error 404: 
ERROR:yfinance:HTTP Error 404: 
ERROR:yfinance:HTTP Error 404: 
ERROR:yfinance:HTTP Error 404: 
ERROR:yfinance:HTTP Error 404: 
ERROR:yfinance:HTTP Error 404: 
ERROR:yfinance:HTTP Error 404: 
ERROR:yfinance:HTTP Error 404: 
ERROR:yfinance:HTTP Error 404: 
ERROR:yfinance:HTTP Error 404: 
ERROR:yfinance:HTTP Error 404: 
ERROR:yfinance:HTTP Error 404: 
ERROR:yfinance:HTTP Error 404: 
ERROR:yfinance:HTTP Error 404: 
ERROR:yfinance:HTTP Error 404: 
ERROR:yfinance:HTTP Error 404: 
ERROR:yfinance:HTTP Error 404: 
ERROR:yfinance:HTTP Error 404: 
ERROR:yfinance:HTTP Error 404: 
ERROR:yfinance:HTTP Error 404: 
ERROR:yfinance:HTTP Error 404: 
ERROR:yfinance:HTTP Error 404: 
ERROR:yfinance:HTTP Error 404: 
ERROR:yfinance:HTTP Error 404: 
ERROR:yfinance:HTTP Error 404: 
ERROR:yfinance:HTTP Error 404: 
ERROR:yfinance:HTTP Error 404: 
ERROR:yfinance:HTTP Error 404: 
ERROR:yfinance:HTTP Error 404: 
ERROR:yfinance:HTTP Error 404: 
ERROR:yfinance:HTTP Error 404: 
ERROR:yfinance:HTTP Error 404: 
ERROR:yfinance:HTTP Error 404: 
ERROR:yfinance:HTTP Error 404: 
ERROR:yfinance:HTTP Error 404: 
ERROR:yfinance:HTTP Error 404: 
ERROR:yfinance:HTTP Error 404: 
ERROR:yfinance:HTTP Error 404: 
ERROR:yfinance:HTTP Error 404: 
ERROR:yfinance:HTTP Error 404: 
ERROR:yfinance:HTTP Error 404: 
ERROR:yfinance:HTTP Error 404: 
ERROR:yfinance:HTTP Error 404: 
ERROR:yfinance:HTTP Error 404: 
ERROR:yfinance:HTTP Error 404: 
ERROR:yfinance:HTTP Error 404: 
ERROR:yfinance:HTTP Error 404: 
ERROR:yfinance:HTTP Error 404: 
ERROR:yfinance:HTTP Error 502: 
ERROR:yfinance:$2F5.BE: possibly delisted; no price data found  (period=2y) (Yahoo error = "No data found, symbol may be delisted")
ERROR:yfinance:$2F5.BE: possibly delisted; no price data found  (period=5d) (Yahoo error = "No data found, symbol may be delisted")
ERROR:yfinance:HTTP Error 404: 
ERROR:yfinance:Failed to perform, curl: (16) . See https://curl.se/libcurl/c/libcurl-errors.html first for more details.
ERROR:yfinance:Failed to get ticker 'NWRN.SW' reason: Failed to perform, curl: (16) Send failure: Connection reset by peer. See https://curl.se/libcurl/c/libcurl-errors.html first for more details.
ERROR:yfinance:HTTP Error 404: 
ERROR:yfinance:HTTP Error 404: 
ERROR:yfinance:HTTP Error 404: 
ERROR:yfinance:HTTP Error 404: 
ERROR:yfinance:HTTP Error 404: 
ERROR:yfinance:HTTP Error 404: 
ERROR:yfinance:$217A.BE: possibly delisted; no price data found  (period=2y) (Yahoo error = "No data found, symbol may be delisted")
ERROR:yfinance:$217A.BE: possibly delisted; no price data found  (period=5d) (Yahoo error = "No data found, symbol may be delisted")
ERROR:yfinance:HTTP Error 404: 
ERROR:yfinance:HTTP Error 404: 
ERROR:yfinance:$B7U.BE: possibly delisted; no price data found  (period=2y) (Yahoo error = "No data found, symbol may be delisted")
ERROR:yfinance:$B7U.BE: possibly delisted; no price data found  (period=5d) (Yahoo error = "No data found, symbol may be delisted")
ERROR:yfinance:HTTP Error 404: 
ERROR:yfinance:HTTP Error 404: 
ERROR:yfinance:HTTP Error 404: 
ERROR:yfinance:HTTP Error 404: 
ERROR:yfinance:$TRC.L: possibly delisted; no price data found  (period=2y) (Yahoo error = "No data found, symbol may be delisted")
ERROR:yfinance:$TRC.L: possibly delisted; no price data found  (period=5d) (Yahoo error = "No data found, symbol may be delisted")
ERROR:yfinance:HTTP Error 404: 
ERROR:yfinance:HTTP Error 404: 
ERROR:yfinance:HTTP Error 404: 
ERROR:yfinance:HTTP Error 404: 
ERROR:yfinance:HTTP Error 404: 
ERROR:yfinance:HTTP Error 404: 
ERROR:yfinance:HTTP Error 404: 
ERROR:yfinance:HTTP Error 404: 
ERROR:yfinance:HTTP Error 404: 
ERROR:yfinance:$FI0009008098.SG: possibly delisted; no price data found  (period=2y) (Yahoo error = "No data found, symbol may be delisted")
ERROR:yfinance:$FI0009008098.SG: possibly delisted; no price data found  (period=5d) (Yahoo error = "No data found, symbol may be delisted")
ERROR:yfinance:HTTP Error 404: 
ERROR:yfinance:HTTP Error 404: 
ERROR:yfinance:HTTP Error 404: 
ERROR:yfinance:HTTP Error 404: 
ERROR:yfinance:HTTP Error 404: 
ERROR:yfinance:HTTP Error 404: 
ERROR:yfinance:HTTP Error 404: 
ERROR:yfinance:HTTP Error 404: 
ERROR:yfinance:HTTP Error 404: 
ERROR:yfinance:HTTP Error 404: 
ERROR:yfinance:HTTP Error 404: 
ERROR:yfinance:HTTP Error 404: 
ERROR:yfinance:HTTP Error 404: 
ERROR:yfinance:HTTP Error 404: 
ERROR:yfinance:HTTP Error 404: 
ERROR:yfinance:HTTP Error 404: 
ERROR:yfinance:HTTP Error 404: 
ERROR:yfinance:HTTP Error 404: 
ERROR:yfinance:HTTP Error 404: 
ERROR:yfinance:HTTP Error 404: 
ERROR:yfinance:HTTP Error 404: 
ERROR:yfinance:HTTP Error 404: 
ERROR:yfinance:HTTP Error 404: 
ERROR:yfinance:HTTP Error 404: 
ERROR:yfinance:HTTP Error 404: 
ERROR:yfinance:HTTP Error 404: 
ERROR:yfinance:HTTP Error 404: 
ERROR:yfinance:HTTP Error 404: 
ERROR:yfinance:HTTP Error 404: 
ERROR:yfinance:HTTP Error 404: 
ERROR:yfinance:HTTP Error 404: 
ERROR:yfinance:HTTP Error 404: 
ERROR:yfinance:HTTP Error 404: 
ERROR:yfinance:HTTP Error 404: 
ERROR:yfinance:$WLI.WA: possibly delisted; no price data found  (period=2y) (Yahoo error = "No data found, symbol may be delisted")
ERROR:yfinance:$WLI.WA: possibly delisted; no price data found  (period=5d) (Yahoo error = "No data found, symbol may be delisted")
ERROR:yfinance:HTTP Error 404: 
ERROR:yfinance:HTTP Error 404: 
ERROR:yfinance:HTTP Error 404: 
ERROR:yfinance:HTTP Error 404: 
ERROR:yfinance:HTTP Error 404: 
ERROR:yfinance:HTTP Error 404: 
ERROR:yfinance:$GCL.TO: possibly delisted; no price data found  (period=2y) (Yahoo error = "No data found, symbol may be delisted")
ERROR:yfinance:$GCL.TO: possibly delisted; no price data found  (period=5d) (Yahoo error = "No data found, symbol may be delisted")
ERROR:yfinance:HTTP Error 404: 
ERROR:yfinance:HTTP Error 404: 
ERROR:yfinance:HTTP Error 404: 
ERROR:yfinance:HTTP Error 500: 
ERROR:yfinance:HTTP Error 404: 
ERROR:yfinance:HTTP Error 404: 
ERROR:yfinance:HTTP Error 404: 
ERROR:yfinance:HTTP Error 404: 
ERROR:yfinance:HTTP Error 404: 
ERROR:yfinance:HTTP Error 404: 
ERROR:yfinance:$2Y5.BE: possibly delisted; no price data found  (period=2y) (Yahoo error = "No data found, symbol may be delisted")
ERROR:yfinance:$2Y5.BE: possibly delisted; no price data found  (period=5d) (Yahoo error = "No data found, symbol may be delisted")
ERROR:yfinance:HTTP Error 404: 
ERROR:yfinance:HTTP Error 404: 
ERROR:yfinance:HTTP Error 404: 
ERROR:yfinance:HTTP Error 404: 
ERROR:yfinance:HTTP Error 404: 
ERROR:yfinance:HTTP Error 404: 
ERROR:yfinance:HTTP Error 404: 
ERROR:yfinance:HTTP Error 404: 
ERROR:yfinance:HTTP Error 404: 
ERROR:yfinance:HTTP Error 404: 
ERROR:yfinance:HTTP Error 404: 
ERROR:yfinance:HTTP Error 404: 
ERROR:yfinance:Failed to perform, curl: (16) . See https://curl.se/libcurl/c/libcurl-errors.html first for more details.
ERROR:yfinance:$1YL.BE: possibly delisted; no price data found  (period=2y) (Yahoo error = "No data found, symbol may be delisted")
ERROR:yfinance:$1YL.BE: possibly delisted; no price data found  (period=5d) (Yahoo error = "No data found, symbol may be delisted")
ERROR:yfinance:HTTP Error 404: 
ERROR:yfinance:HTTP Error 404: 
ERROR:yfinance:HTTP Error 404: 
ERROR:yfinance:HTTP Error 404: 
ERROR:yfinance:HTTP Error 404: 
ERROR:yfinance:HTTP Error 404: 
ERROR:yfinance:HTTP Error 404: 
ERROR:yfinance:HTTP Error 404: 
ERROR:yfinance:HTTP Error 404: 
ERROR:yfinance:HTTP Error 404: 
ERROR:yfinance:HTTP Error 404: 
ERROR:yfinance:HTTP Error 404: 
ERROR:yfinance:HTTP Error 404: 
ERROR:yfinance:HTTP Error 404: 
ERROR:yfinance:$5TL.BE: possibly delisted; no price data found  (period=2y) (Yahoo error = "No data found, symbol may be delisted")
ERROR:yfinance:$5TL.BE: possibly delisted; no price data found  (period=5d) (Yahoo error = "No data found, symbol may be delisted")
ERROR:yfinance:HTTP Error 404: 
ERROR:yfinance:HTTP Error 404: 
ERROR:yfinance:HTTP Error 404: 
ERROR:yfinance:HTTP Error 404: 
ERROR:yfinance:HTTP Error 404: 
ERROR:yfinance:HTTP Error 500: 
ERROR:yfinance:HTTP Error 404: 
ERROR:yfinance:HTTP Error 500: 
ERROR:yfinance:HTTP Error 404: 
ERROR:yfinance:HTTP Error 404: 
ERROR:yfinance:HTTP Error 404: 
ERROR:yfinance:HTTP Error 404: 
ERROR:yfinance:HTTP Error 404: 
ERROR:yfinance:HTTP Error 404: 
ERROR:yfinance:HTTP Error 404: 
ERROR:yfinance:HTTP Error 404: 
ERROR:yfinance:HTTP Error 404: 
ERROR:yfinance:HTTP Error 404: 
ERROR:yfinance:HTTP Error 404: 
ERROR:yfinance:HTTP Error 404: 
ERROR:yfinance:HTTP Error 404: 
ERROR:yfinance:HTTP Error 404: 
ERROR:yfinance:HTTP Error 404: 
ERROR:yfinance:HTTP Error 404: 
ERROR:yfinance:HTTP Error 404: 
ERROR:yfinance:HTTP Error 404: 
ERROR:yfinance:HTTP Error 404: 
ERROR:yfinance:HTTP Error 404: 
ERROR:yfinance:HTTP Error 404: 
ERROR:yfinance:HTTP Error 404: 
ERROR:yfinance:HTTP Error 404: 
ERROR:yfinance:HTTP Error 404: 
ERROR:yfinance:HTTP Error 404: 
ERROR:yfinance:HTTP Error 404: 
ERROR:yfinance:HTTP Error 404: 
ERROR:yfinance:HTTP Error 404: 
ERROR:yfinance:HTTP Error 404: 
ERROR:yfinance:$IT0005424830.SG: possibly delisted; no price data found  (period=2y) (Yahoo error = "No data found, symbol may be delisted")
ERROR:yfinance:$IT0005424830.SG: possibly delisted; no price data found  (period=5d) (Yahoo error = "No data found, symbol may be delisted")
ERROR:yfinance:HTTP Error 404: 
ERROR:yfinance:HTTP Error 404: 
ERROR:yfinance:HTTP Error 404: 
ERROR:yfinance:HTTP Error 404: 
ERROR:yfinance:HTTP Error 404: 
ERROR:yfinance:HTTP Error 404: 
ERROR:yfinance:HTTP Error 404: 
ERROR:yfinance:HTTP Error 404: 
ERROR:yfinance:HTTP Error 404: 
ERROR:yfinance:HTTP Error 404: 
ERROR:yfinance:HTTP Error 404: 
ERROR:yfinance:HTTP Error 404: 
ERROR:yfinance:HTTP Error 404: 
ERROR:yfinance:HTTP Error 404: 
ERROR:yfinance:HTTP Error 404: 
ERROR:yfinance:HTTP Error 404: 
ERROR:yfinance:$SE0018538068.SG: possibly delisted; no price data found  (period=2y) (Yahoo error = "No data found, symbol may be delisted")
ERROR:yfinance:$SE0018538068.SG: possibly delisted; no price data found  (period=5d) (Yahoo error = "No data found, symbol may be delisted")
ERROR:yfinance:HTTP Error 404: 
ERROR:yfinance:HTTP Error 404: 
ERROR:yfinance:HTTP Error 404: 
ERROR:yfinance:$ES0171996095.SG: possibly delisted; no price data found  (period=2y) (Yahoo error = "No data found, symbol may be delisted")
ERROR:yfinance:$ES0171996095.SG: possibly delisted; no price data found  (period=5d) (Yahoo error = "No data found, symbol may be delisted")
ERROR:yfinance:HTTP Error 404: 
ERROR:yfinance:$PLMRTIN00011.SG: possibly delisted; no price data found  (period=2y) (Yahoo error = "No data found, symbol may be delisted")
ERROR:yfinance:$PLMRTIN00011.SG: possibly delisted; no price data found  (period=5d) (Yahoo error = "No data found, symbol may be delisted")
ERROR:yfinance:HTTP Error 404: 
ERROR:yfinance:HTTP Error 404: 
ERROR:yfinance:HTTP Error 404: 
ERROR:yfinance:HTTP Error 404: 
ERROR:yfinance:$ES0105650073.SG: possibly delisted; no price data found  (period=2y) (Yahoo error = "No data found, symbol may be delisted")
ERROR:yfinance:$ES0105650073.SG: possibly delisted; no price data found  (period=5d) (Yahoo error = "No data found, symbol may be delisted")
ERROR:yfinance:HTTP Error 404: 
ERROR:yfinance:HTTP Error 404: 
ERROR:yfinance:HTTP Error 404: 
ERROR:yfinance:HTTP Error 404: 
ERROR:yfinance:$2F5.BE: possibly delisted; no price data found  (period=2y) (Yahoo error = "No data found, symbol may be delisted")
ERROR:yfinance:$2F5.BE: possibly delisted; no price data found  (period=5d) (Yahoo error = "No data found, symbol may be delisted")
ERROR:yfinance:HTTP Error 404: 
ERROR:yfinance:HTTP Error 404: 
ERROR:yfinance:HTTP Error 404: 
ERROR:yfinance:HTTP Error 404: 
ERROR:yfinance:HTTP Error 404: 
ERROR:yfinance:HTTP Error 404: 
ERROR:yfinance:HTTP Error 404: 
ERROR:yfinance:$217A.BE: possibly delisted; no price data found  (period=2y) (Yahoo error = "No data found, symbol may be delisted")
ERROR:yfinance:$217A.BE: possibly delisted; no price data found  (period=5d) (Yahoo error = "No data found, symbol may be delisted")
ERROR:yfinance:HTTP Error 404: 
ERROR:yfinance:HTTP Error 404: 
ERROR:yfinance:$B7U.BE: possibly delisted; no price data found  (period=2y) (Yahoo error = "No data found, symbol may be delisted")
ERROR:yfinance:$B7U.BE: possibly delisted; no price data found  (period=5d) (Yahoo error = "No data found, symbol may be delisted")
ERROR:yfinance:HTTP Error 404: 
ERROR:yfinance:HTTP Error 404: 
ERROR:yfinance:HTTP Error 404: 
ERROR:yfinance:HTTP Error 404: 
ERROR:yfinance:$TRC.L: possibly delisted; no price data found  (period=2y) (Yahoo error = "No data found, symbol may be delisted")
ERROR:yfinance:$TRC.L: possibly delisted; no price data found  (period=5d) (Yahoo error = "No data found, symbol may be delisted")
ERROR:yfinance:HTTP Error 404: 
ERROR:yfinance:HTTP Error 404: 
ERROR:yfinance:HTTP Error 404: 
ERROR:yfinance:HTTP Error 404: 
ERROR:yfinance:HTTP Error 404: 
ERROR:yfinance:HTTP Error 404: 
ERROR:yfinance:HTTP Error 404: 
ERROR:yfinance:HTTP Error 404: 
ERROR:yfinance:HTTP Error 404: 
ERROR:yfinance:$FI0009008098.SG: possibly delisted; no price data found  (period=2y) (Yahoo error = "No data found, symbol may be delisted")
ERROR:yfinance:$FI0009008098.SG: possibly delisted; no price data found  (period=5d) (Yahoo error = "No data found, symbol may be delisted")
ERROR:yfinance:HTTP Error 404: 
ERROR:yfinance:HTTP Error 404: 
ERROR:yfinance:HTTP Error 404: 
ERROR:yfinance:HTTP Error 404: 
ERROR:yfinance:HTTP Error 404: 
ERROR:yfinance:HTTP Error 404: 
ERROR:yfinance:HTTP Error 404: 
ERROR:yfinance:HTTP Error 404: 
ERROR:yfinance:HTTP Error 404: 
ERROR:yfinance:HTTP Error 404: 
ERROR:yfinance:HTTP Error 404: 
ERROR:yfinance:HTTP Error 404: 
ERROR:yfinance:HTTP Error 404: 
ERROR:yfinance:HTTP Error 404: 
ERROR:yfinance:HTTP Error 404: 
ERROR:yfinance:HTTP Error 404: 
ERROR:yfinance:HTTP Error 404: 
ERROR:yfinance:HTTP Error 404: 
ERROR:yfinance:HTTP Error 404: 
ERROR:yfinance:HTTP Error 404: 
ERROR:yfinance:HTTP Error 404: 
ERROR:yfinance:HTTP Error 404: 
ERROR:yfinance:HTTP Error 404: 
ERROR:yfinance:HTTP Error 404: 
ERROR:yfinance:HTTP Error 404: 
ERROR:yfinance:HTTP Error 404: 
ERROR:yfinance:HTTP Error 404: 
ERROR:yfinance:$BG1100003166.SG: possibly delisted; no price data found  (period=2y) (Yahoo error = "No data found, symbol may be delisted")
ERROR:yfinance:$BG1100003166.SG: possibly delisted; no price data found  (period=5d) (Yahoo error = "No data found, symbol may be delisted")
ERROR:yfinance:HTTP Error 404: 
ERROR:yfinance:HTTP Error 404: 
ERROR:yfinance:HTTP Error 404: 
ERROR:yfinance:HTTP Error 404: 
ERROR:yfinance:HTTP Error 404: 
ERROR:yfinance:HTTP Error 404: 
ERROR:yfinance:HTTP Error 404: 
ERROR:yfinance:HTTP Error 404: 
ERROR:yfinance:$CH0451123589.SG: possibly delisted; no price data found  (period=2y) (Yahoo error = "No data found, symbol may be delisted")
ERROR:yfinance:$CH0451123589.SG: possibly delisted; no price data found  (period=5d) (Yahoo error = "No data found, symbol may be delisted")
ERROR:yfinance:HTTP Error 404: 
ERROR:yfinance:$WLI.WA: possibly delisted; no price data found  (period=2y) (Yahoo error = "No data found, symbol may be delisted")
ERROR:yfinance:$WLI.WA: possibly delisted; no price data found  (period=5d) (Yahoo error = "No data found, symbol may be delisted")
ERROR:yfinance:HTTP Error 404: 
ERROR:yfinance:HTTP Error 404: 
ERROR:yfinance:HTTP Error 404: 
ERROR:yfinance:HTTP Error 404: 
ERROR:yfinance:HTTP Error 404: 
ERROR:yfinance:$GCL.TO: possibly delisted; no price data found  (period=2y) (Yahoo error = "No data found, symbol may be delisted")
ERROR:yfinance:$GCL.TO: possibly delisted; no price data found  (period=5d) (Yahoo error = "No data found, symbol may be delisted")
ERROR:yfinance:HTTP Error 404: 
ERROR:yfinance:HTTP Error 404: 
ERROR:yfinance:HTTP Error 404: 
ERROR:yfinance:HTTP Error 404: 
ERROR:yfinance:HTTP Error 404: 
ERROR:yfinance:HTTP Error 404: 
ERROR:yfinance:HTTP Error 404: 
ERROR:yfinance:HTTP Error 404: 
ERROR:yfinance:HTTP Error 404: 
ERROR:yfinance:$2Y5.BE: possibly delisted; no price data found  (period=2y) (Yahoo error = "No data found, symbol may be delisted")
ERROR:yfinance:$2Y5.BE: possibly delisted; no price data found  (period=5d) (Yahoo error = "No data found, symbol may be delisted")
ERROR:yfinance:HTTP Error 404: 
ERROR:yfinance:HTTP Error 404: 
ERROR:yfinance:HTTP Error 404: 
ERROR:yfinance:HTTP Error 404: 
ERROR:yfinance:HTTP Error 404: 
ERROR:yfinance:HTTP Error 404: 
ERROR:yfinance:HTTP Error 404: 
ERROR:yfinance:HTTP Error 404: 
ERROR:yfinance:HTTP Error 404: 
ERROR:yfinance:HTTP Error 404: 
ERROR:yfinance:HTTP Error 404: 
ERROR:yfinance:HTTP Error 404: 
ERROR:yfinance:Failed to perform, curl: (16) . See https://curl.se/libcurl/c/libcurl-errors.html first for more details.
ERROR:yfinance:$1YL.BE: possibly delisted; no price data found  (period=2y) (Yahoo error = "No data found, symbol may be delisted")
ERROR:yfinance:$1YL.BE: possibly delisted; no price data found  (period=5d) (Yahoo error = "No data found, symbol may be delisted")
ERROR:yfinance:HTTP Error 404: 
ERROR:yfinance:HTTP Error 404: 
ERROR:yfinance:HTTP Error 404: 
ERROR:yfinance:HTTP Error 404: 
ERROR:yfinance:HTTP Error 404: 
ERROR:yfinance:HTTP Error 404: 
ERROR:yfinance:HTTP Error 404: 
ERROR:yfinance:HTTP Error 404: 
ERROR:yfinance:HTTP Error 404: 
ERROR:yfinance:HTTP Error 404: 
ERROR:yfinance:HTTP Error 404: 
ERROR:yfinance:HTTP Error 404: 
ERROR:yfinance:HTTP Error 404: 
ERROR:yfinance:HTTP Error 404: 
ERROR:yfinance:$5TL.BE: possibly delisted; no price data found  (period=2y) (Yahoo error = "No data found, symbol may be delisted")
ERROR:yfinance:$5TL.BE: possibly delisted; no price data found  (period=5d) (Yahoo error = "No data found, symbol may be delisted")
ERROR:yfinance:HTTP Error 404: 
ERROR:yfinance:HTTP Error 404: 
ERROR:yfinance:HTTP Error 404: 
ERROR:yfinance:HTTP Error 404: 
ERROR:yfinance:HTTP Error 404: 
ERROR:yfinance:HTTP Error 500: 
ERROR:yfinance:HTTP Error 404: 
ERROR:yfinance:HTTP Error 404: 
ERROR:yfinance:HTTP Error 404: 
ERROR:yfinance:HTTP Error 404: 
ERROR:yfinance:HTTP Error 404: 
ERROR:yfinance:HTTP Error 404: 
ERROR:yfinance:HTTP Error 404: 
ERROR:yfinance:HTTP Error 404: 
ERROR:yfinance:HTTP Error 404: 
ERROR:yfinance:HTTP Error 404: 
ERROR:yfinance:HTTP Error 404: 
ERROR:yfinance:HTTP Error 404: 
ERROR:yfinance:HTTP Error 404: 
ERROR:yfinance:HTTP Error 404: 
ERROR:yfinance:HTTP Error 404: 
ERROR:yfinance:HTTP Error 404: 
ERROR:yfinance:HTTP Error 404: 
ERROR:yfinance:HTTP Error 404: 
ERROR:yfinance:HTTP Error 404: 
ERROR:yfinance:HTTP Error 404: 
ERROR:yfinance:HTTP Error 404: 
ERROR:yfinance:HTTP Error 404: 
ERROR:yfinance:HTTP Error 404: 
ERROR:yfinance:HTTP Error 404: 
ERROR:yfinance:HTTP Error 404: 
ERROR:yfinance:HTTP Error 404: 
ERROR:yfinance:HTTP Error 404: 
ERROR:yfinance:HTTP Error 404: 
ERROR:yfinance:HTTP Error 404: 
ERROR:yfinance:HTTP Error 404: 
ERROR:yfinance:$IT0005424830.SG: possibly delisted; no price data found  (period=2y) (Yahoo error = "No data found, symbol may be delisted")
ERROR:yfinance:$IT0005424830.SG: possibly delisted; no price data found  (period=5d) (Yahoo error = "No data found, symbol may be delisted")
ERROR:yfinance:HTTP Error 404: 
ERROR:yfinance:HTTP Error 404: 
ERROR:yfinance:HTTP Error 404: 
ERROR:yfinance:HTTP Error 404: 
ERROR:yfinance:HTTP Error 404: 
ERROR:yfinance:HTTP Error 404: 
ERROR:yfinance:HTTP Error 404: 
ERROR:yfinance:HTTP Error 404: 
ERROR:yfinance:HTTP Error 404: 
ERROR:yfinance:HTTP Error 404: 
ERROR:yfinance:HTTP Error 404: 
ERROR:yfinance:HTTP Error 404: 
ERROR:yfinance:HTTP Error 404: 
ERROR:yfinance:HTTP Error 404: 
ERROR:yfinance:HTTP Error 404: 
ERROR:yfinance:HTTP Error 404: 
ERROR:yfinance:$SE0018538068.SG: possibly delisted; no price data found  (period=2y) (Yahoo error = "No data found, symbol may be delisted")
ERROR:yfinance:$SE0018538068.SG: possibly delisted; no price data found  (period=5d) (Yahoo error = "No data found, symbol may be delisted")
ERROR:yfinance:HTTP Error 404: 
ERROR:yfinance:HTTP Error 404: 
ERROR:yfinance:HTTP Error 404: 
ERROR:yfinance:$ES0171996095.SG: possibly delisted; no price data found  (period=2y) (Yahoo error = "No data found, symbol may be delisted")
ERROR:yfinance:$ES0171996095.SG: possibly delisted; no price data found  (period=5d) (Yahoo error = "No data found, symbol may be delisted")
ERROR:yfinance:HTTP Error 404: 
ERROR:yfinance:$PLMRTIN00011.SG: possibly delisted; no price data found  (period=2y) (Yahoo error = "No data found, symbol may be delisted")
ERROR:yfinance:$PLMRTIN00011.SG: possibly delisted; no price data found  (period=5d) (Yahoo error = "No data found, symbol may be delisted")
ERROR:yfinance:HTTP Error 404: 
ERROR:yfinance:HTTP Error 404: 
ERROR:yfinance:HTTP Error 404: 
ERROR:yfinance:HTTP Error 404: 
ERROR:yfinance:$ES0105650073.SG: possibly delisted; no price data found  (period=2y) (Yahoo error = "No data found, symbol may be delisted")
ERROR:yfinance:$ES0105650073.SG: possibly delisted; no price data found  (period=5d) (Yahoo error = "No data found, symbol may be delisted")
ERROR:yfinance:HTTP Error 404: 
ERROR:yfinance:HTTP Error 404: 
ERROR:yfinance:HTTP Error 404: 
ERROR:yfinance:HTTP Error 404: 
ERROR:yfinance:$2F5.BE: possibly delisted; no price data found  (period=2y) (Yahoo error = "No data found, symbol may be delisted")
ERROR:yfinance:$2F5.BE: possibly delisted; no price data found  (period=5d) (Yahoo error = "No data found, symbol may be delisted")
ERROR:yfinance:HTTP Error 404: 
ERROR:yfinance:Failed to perform, curl: (16) . See https://curl.se/libcurl/c/libcurl-errors.html first for more details.
ERROR:yfinance:HTTP Error 404: 
ERROR:yfinance:HTTP Error 404: 
ERROR:yfinance:HTTP Error 404: 
ERROR:yfinance:HTTP Error 404: 
ERROR:yfinance:HTTP Error 404: 
ERROR:yfinance:HTTP Error 404: 
ERROR:yfinance:$217A.BE: possibly delisted; no price data found  (period=2y) (Yahoo error = "No data found, symbol may be delisted")
ERROR:yfinance:$217A.BE: possibly delisted; no price data found  (period=5d) (Yahoo error = "No data found, symbol may be delisted")
ERROR:yfinance:HTTP Error 404: 
ERROR:yfinance:HTTP Error 404: 
ERROR:yfinance:HTTP Error 404: 
ERROR:yfinance:$B7U.BE: possibly delisted; no price data found  (period=2y) (Yahoo error = "No data found, symbol may be delisted")
ERROR:yfinance:$B7U.BE: possibly delisted; no price data found  (period=5d) (Yahoo error = "No data found, symbol may be delisted")
ERROR:yfinance:HTTP Error 404: 
ERROR:yfinance:HTTP Error 404: 
ERROR:yfinance:HTTP Error 404: 
ERROR:yfinance:HTTP Error 404: 
ERROR:yfinance:$TRC.L: possibly delisted; no price data found  (period=2y) (Yahoo error = "No data found, symbol may be delisted")
ERROR:yfinance:$TRC.L: possibly delisted; no price data found  (period=5d) (Yahoo error = "No data found, symbol may be delisted")
ERROR:yfinance:HTTP Error 404: 
ERROR:yfinance:HTTP Error 404: 
ERROR:yfinance:HTTP Error 404: 
ERROR:yfinance:HTTP Error 404: 
ERROR:yfinance:HTTP Error 404: 
ERROR:yfinance:HTTP Error 404: 
ERROR:yfinance:HTTP Error 404: 
ERROR:yfinance:HTTP Error 404: 
ERROR:yfinance:HTTP Error 404: 
ERROR:yfinance:$FI0009008098.SG: possibly delisted; no price data found  (period=2y) (Yahoo error = "No data found, symbol may be delisted")
ERROR:yfinance:$FI0009008098.SG: possibly delisted; no price data found  (period=5d) (Yahoo error = "No data found, symbol may be delisted")
ERROR:yfinance:HTTP Error 404: 
ERROR:yfinance:HTTP Error 404: 
ERROR:yfinance:HTTP Error 404: 
ERROR:yfinance:HTTP Error 404: 
ERROR:yfinance:HTTP Error 404: 
ERROR:yfinance:HTTP Error 404: 
ERROR:yfinance:HTTP Error 404: 
ERROR:yfinance:HTTP Error 404: 
ERROR:yfinance:HTTP Error 404: 
ERROR:yfinance:HTTP Error 404: 
ERROR:yfinance:HTTP Error 404: 
ERROR:yfinance:HTTP Error 404: 
ERROR:yfinance:HTTP Error 404: 
ERROR:yfinance:HTTP Error 404: 
ERROR:yfinance:HTTP Error 404: 
ERROR:yfinance:HTTP Error 404: 
ERROR:yfinance:HTTP Error 404: 
ERROR:yfinance:HTTP Error 404: 
ERROR:yfinance:HTTP Error 404: 
ERROR:yfinance:HTTP Error 404: 
ERROR:yfinance:HTTP Error 404: 
ERROR:yfinance:HTTP Error 404: 
ERROR:yfinance:HTTP Error 404: 
ERROR:yfinance:HTTP Error 404: 
ERROR:yfinance:HTTP Error 404: 
ERROR:yfinance:HTTP Error 404: 
ERROR:yfinance:HTTP Error 404: 
ERROR:yfinance:$BG1100003166.SG: possibly delisted; no price data found  (period=2y) (Yahoo error = "No data found, symbol may be delisted")
ERROR:yfinance:$BG1100003166.SG: possibly delisted; no price data found  (period=5d) (Yahoo error = "No data found, symbol may be delisted")
ERROR:yfinance:HTTP Error 404: 
ERROR:yfinance:HTTP Error 404: 
ERROR:yfinance:HTTP Error 404: 
ERROR:yfinance:HTTP Error 404: 
ERROR:yfinance:HTTP Error 404: 
ERROR:yfinance:HTTP Error 404: 
ERROR:yfinance:HTTP Error 404: 
ERROR:yfinance:HTTP Error 404: 
ERROR:yfinance:$CH0451123589.SG: possibly delisted; no price data found  (period=2y) (Yahoo error = "No data found, symbol may be delisted")
ERROR:yfinance:$CH0451123589.SG: possibly delisted; no price data found  (period=5d) (Yahoo error = "No data found, symbol may be delisted")
ERROR:yfinance:HTTP Error 404: 
ERROR:yfinance:$WLI.WA: possibly delisted; no price data found  (period=2y) (Yahoo error = "No data found, symbol may be delisted")
ERROR:yfinance:$WLI.WA: possibly delisted; no price data found  (period=5d) (Yahoo error = "No data found, symbol may be delisted")
ERROR:yfinance:HTTP Error 404: 
ERROR:yfinance:HTTP Error 404: 
ERROR:yfinance:HTTP Error 404: 
ERROR:yfinance:HTTP Error 404: 
ERROR:yfinance:HTTP Error 404: 
ERROR:yfinance:$GCL.TO: possibly delisted; no price data found  (period=2y) (Yahoo error = "No data found, symbol may be delisted")
ERROR:yfinance:$GCL.TO: possibly delisted; no price data found  (period=5d) (Yahoo error = "No data found, symbol may be delisted")
ERROR:yfinance:HTTP Error 404: 
ERROR:yfinance:HTTP Error 404: 
ERROR:yfinance:HTTP Error 404: 
ERROR:yfinance:HTTP Error 404: 
ERROR:yfinance:HTTP Error 404: 
ERROR:yfinance:HTTP Error 404: 
ERROR:yfinance:HTTP Error 404: 
ERROR:yfinance:HTTP Error 404: 
ERROR:yfinance:HTTP Error 404: 
ERROR:yfinance:$2Y5.BE: possibly delisted; no price data found  (period=2y) (Yahoo error = "No data found, symbol may be delisted")
ERROR:yfinance:$2Y5.BE: possibly delisted; no price data found  (period=5d) (Yahoo error = "No data found, symbol may be delisted")
ERROR:yfinance:HTTP Error 404: 
ERROR:yfinance:HTTP Error 404: 
ERROR:yfinance:HTTP Error 404: 
ERROR:yfinance:HTTP Error 404: 
ERROR:yfinance:Failed to perform, curl: (16) . See https://curl.se/libcurl/c/libcurl-errors.html first for more details.
ERROR:yfinance:Failed to get ticker 'IMMR' reason: Failed to perform, curl: (16) Send failure: Connection reset by peer. See https://curl.se/libcurl/c/libcurl-errors.html first for more details.
ERROR:yfinance:HTTP Error 404: 
ERROR:yfinance:HTTP Error 404: 
ERROR:yfinance:HTTP Error 404: 
ERROR:yfinance:HTTP Error 404: 
ERROR:yfinance:HTTP Error 404: 
ERROR:yfinance:HTTP Error 404: 
ERROR:yfinance:HTTP Error 404: 
ERROR:yfinance:HTTP Error 404: 
ERROR:yfinance:$1YL.BE: possibly delisted; no price data found  (period=2y) (Yahoo error = "No data found, symbol may be delisted")
ERROR:yfinance:$1YL.BE: possibly delisted; no price data found  (period=5d) (Yahoo error = "No data found, symbol may be delisted")
ERROR:yfinance:HTTP Error 404: 
ERROR:yfinance:HTTP Error 404: 
ERROR:yfinance:HTTP Error 404: 
ERROR:yfinance:HTTP Error 404: 
ERROR:yfinance:HTTP Error 404: 
ERROR:yfinance:HTTP Error 404: 
ERROR:yfinance:HTTP Error 404: 
ERROR:yfinance:HTTP Error 404: 
ERROR:yfinance:HTTP Error 404: 
ERROR:yfinance:HTTP Error 404: 
ERROR:yfinance:HTTP Error 404: 
ERROR:yfinance:HTTP Error 404: 
ERROR:yfinance:HTTP Error 404: 
ERROR:yfinance:HTTP Error 404: 
ERROR:yfinance:$5TL.BE: possibly delisted; no price data found  (period=2y) (Yahoo error = "No data found, symbol may be delisted")
ERROR:yfinance:$5TL.BE: possibly delisted; no price data found  (period=5d) (Yahoo error = "No data found, symbol may be delisted")
ERROR:yfinance:HTTP Error 404: 
ERROR:yfinance:HTTP Error 404: 
ERROR:yfinance:HTTP Error 404: 
ERROR:yfinance:HTTP Error 404: 
ERROR:yfinance:HTTP Error 404: 
ERROR:yfinance:HTTP Error 500: 
ERROR:yfinance:HTTP Error 404: 
ERROR:yfinance:HTTP Error 404: 
ERROR:yfinance:HTTP Error 404: 
ERROR:yfinance:HTTP Error 404: 
ERROR:yfinance:HTTP Error 404: 
ERROR:yfinance:HTTP Error 404: 
ERROR:yfinance:HTTP Error 404: 
ERROR:yfinance:HTTP Error 404: 
ERROR:yfinance:HTTP Error 404: 
ERROR:yfinance:HTTP Error 404: 
ERROR:yfinance:HTTP Error 404: 
ERROR:yfinance:HTTP Error 404: 
ERROR:yfinance:HTTP Error 404: 
ERROR:yfinance:HTTP Error 404: 
ERROR:yfinance:HTTP Error 404: 
ERROR:yfinance:HTTP Error 404: 
ERROR:yfinance:HTTP Error 404: 
ERROR:yfinance:HTTP Error 404: 
ERROR:yfinance:HTTP Error 404: 
ERROR:yfinance:HTTP Error 404: 
ERROR:yfinance:HTTP Error 404: 
ERROR:yfinance:HTTP Error 404: 
ERROR:yfinance:HTTP Error 404: 
ERROR:yfinance:HTTP Error 404: 
ERROR:yfinance:HTTP Error 404: 
ERROR:yfinance:HTTP Error 404: 
ERROR:yfinance:HTTP Error 404: 
ERROR:yfinance:HTTP Error 404: 
ERROR:yfinance:$FRSX: possibly delisted; no price data found  (period=2y)
ERROR:yfinance:HTTP Error 404: 
ERROR:yfinance:HTTP Error 404: 
ERROR:yfinance:HTTP Error 404: 
ERROR:yfinance:HTTP Error 404: 
ERROR:yfinance:HTTP Error 404: 
ERROR:yfinance:HTTP Error 404: 
ERROR:yfinance:HTTP Error 404: 
ERROR:yfinance:HTTP Error 404: 
ERROR:yfinance:HTTP Error 404: 
ERROR:yfinance:HTTP Error 404: 
ERROR:yfinance:HTTP Error 404: 
ERROR:yfinance:HTTP Error 404: 
ERROR:yfinance:HTTP Error 404: 
ERROR:yfinance:HTTP Error 404: 
ERROR:yfinance:HTTP Error 404: 
ERROR:yfinance:HTTP Error 404: 
ERROR:yfinance:HTTP Error 404: 
ERROR:yfinance:HTTP Error 404: 
ERROR:yfinance:HTTP Error 404: 
ERROR:yfinance:HTTP Error 404: 
ERROR:yfinance:HTTP Error 404: 
ERROR:yfinance:HTTP Error 404: 
ERROR:yfinance:HTTP Error 404: 
ERROR:yfinance:HTTP Error 404: 
ERROR:yfinance:HTTP Error 404: 
ERROR:yfinance:HTTP Error 404: 
ERROR:yfinance:HTTP Error 404: 
ERROR:yfinance:HTTP Error 404: 
ERROR:yfinance:HTTP Error 404: 
ERROR:yfinance:HTTP Error 404: 
ERROR:yfinance:HTTP Error 404: 
ERROR:yfinance:HTTP Error 404: 
ERROR:yfinance:HTTP Error 404: 
ERROR:yfinance:HTTP Error 404: 
ERROR:yfinance:HTTP Error 404: 
ERROR:yfinance:HTTP Error 404: 
ERROR:yfinance:HTTP Error 404: 
ERROR:yfinance:HTTP Error 404: 
ERROR:yfinance:HTTP Error 404: 
ERROR:yfinance:HTTP Error 404: 
ERROR:yfinance:HTTP Error 404: 
ERROR:yfinance:$TVRD: possibly delisted; no price data found  (period=2y)
ERROR:yfinance:HTTP Error 404: 
ERROR:yfinance:HTTP Error 404: 
ERROR:yfinance:HTTP Error 404: 
ERROR:yfinance:HTTP Error 404: 
ERROR:yfinance:HTTP Error 404: 
ERROR:yfinance:HTTP Error 404: 
ERROR:yfinance:HTTP Error 404: 
ERROR:yfinance:$GTRHF: possibly delisted; no price data found  (period=2y)
ERROR:yfinance:$GTRHF: possibly delisted; no price data found  (period=5d)
ERROR:yfinance:$GTRHF: possibly delisted; no price data found  (1d 1927-09-26 -> 2026-09-01)
ERROR:yfinance:HTTP Error 404: 
ERROR:yfinance:HTTP Error 404: 
ERROR:yfinance:HTTP Error 404: 
ERROR:yfinance:HTTP Error 404: 
ERROR:yfinance:HTTP Error 404: 
ERROR:yfinance:HTTP Error 404: 
ERROR:yfinance:HTTP Error 404: 
ERROR:yfinance:HTTP Error 404: 
ERROR:yfinance:HTTP Error 404: 
ERROR:yfinance:HTTP Error 404: 
ERROR:yfinance:HTTP Error 404: 
ERROR:yfinance:HTTP Error 404: 
ERROR:yfinance:Failed to get ticker 'INF.AX' reason: Failed to perform, curl: (16) . See https://curl.se/libcurl/c/libcurl-errors.html first for more details.
ERROR:yfinance:HTTP Error 404: 
ERROR:yfinance:HTTP Error 404: 
ERROR:yfinance:HTTP Error 404: 
ERROR:yfinance:HTTP Error 404: 
ERROR:yfinance:HTTP Error 404: 
ERROR:yfinance:HTTP Error 404: 
ERROR:yfinance:HTTP Error 404: 
ERROR:yfinance:HTTP Error 404: 
ERROR:yfinance:HTTP Error 404: 
ERROR:yfinance:HTTP Error 404: 
ERROR:yfinance:HTTP Error 404: 
ERROR:yfinance:HTTP Error 404: 
ERROR:yfinance:HTTP Error 404: 
ERROR:yfinance:HTTP Error 404: 
ERROR:yfinance:Failed to get ticker 'MKA.V' reason: Expecting value: line 1 column 1 (char 0)
ERROR:yfinance:HTTP Error 404: 
ERROR:yfinance:HTTP Error 404: 
ERROR:yfinance:HTTP Error 404: 
ERROR:yfinance:Failed to get ticker 'VLI.V' reason: Expecting value: line 1 column 1 (char 0)
ERROR:yfinance:HTTP Error 404: 
ERROR:yfinance:HTTP Error 404: 
ERROR:yfinance:HTTP Error 404: 
ERROR:yfinance:HTTP Error 404: 
ERROR:yfinance:HTTP Error 404: 
ERROR:yfinance:HTTP Error 404: 
ERROR:yfinance:HTTP Error 404: 
ERROR:yfinance:$KIBO.L: possibly delisted; no price data found  (period=2y) (Yahoo error = "No data found, symbol may be delisted")
ERROR:yfinance:$KIBO.L: possibly delisted; no price data found  (period=5d) (Yahoo error = "No data found, symbol may be delisted")
ERROR:yfinance:HTTP Error 404: 
ERROR:yfinance:HTTP Error 404: 
ERROR:yfinance:HTTP Error 404: 
ERROR:yfinance:HTTP Error 404: 
ERROR:yfinance:HTTP Error 404: 
ERROR:yfinance:HTTP Error 404: 
ERROR:yfinance:HTTP Error 404: 
ERROR:yfinance:HTTP Error 404: 
ERROR:yfinance:HTTP Error 404: 
ERROR:yfinance:HTTP Error 404: 
ERROR:yfinance:HTTP Error 404: 
ERROR:yfinance:HTTP Error 404: 
ERROR:yfinance:HTTP Error 404: 
ERROR:yfinance:HTTP Error 404: 
ERROR:yfinance:HTTP Error 404: 
ERROR:yfinance:HTTP Error 404: 
ERROR:yfinance:HTTP Error 404: 
ERROR:yfinance:HTTP Error 404: 
ERROR:yfinance:HTTP Error 404: 
ERROR:yfinance:HTTP Error 404: 
ERROR:yfinance:HTTP Error 404: 
ERROR:yfinance:HTTP Error 404: 
ERROR:yfinance:HTTP Error 404: 
ERROR:yfinance:HTTP Error 404: 
ERROR:yfinance:HTTP Error 404: 
ERROR:yfinance:HTTP Error 404: 
ERROR:yfinance:HTTP Error 404: 
ERROR:yfinance:HTTP Error 404: 
ERROR:yfinance:HTTP Error 404: 
ERROR:yfinance:HTTP Error 404: 
ERROR:yfinance:HTTP Error 404: 
ERROR:yfinance:HTTP Error 404: 
ERROR:yfinance:HTTP Error 404: 
ERROR:yfinance:HTTP Error 404: 
ERROR:yfinance:HTTP Error 404: 
ERROR:yfinance:HTTP Error 404: 
ERROR:yfinance:HTTP Error 404: 
ERROR:yfinance:HTTP Error 404: 
ERROR:yfinance:HTTP Error 404: 
ERROR:yfinance:HTTP Error 404: 
ERROR:yfinance:HTTP Error 404: 
ERROR:yfinance:HTTP Error 404: 
ERROR:yfinance:HTTP Error 404: 
ERROR:yfinance:HTTP Error 404: 
ERROR:yfinance:HTTP Error 404: 
ERROR:yfinance:HTTP Error 404: 
ERROR:yfinance:HTTP Error 404: 
ERROR:yfinance:HTTP Error 404: 
ERROR:yfinance:HTTP Error 404: 
ERROR:yfinance:HTTP Error 404: 
ERROR:yfinance:HTTP Error 404: 
ERROR:yfinance:HTTP Error 404: 
ERROR:yfinance:HTTP Error 404: 
ERROR:yfinance:HTTP Error 404: 
ERROR:yfinance:HTTP Error 404: 
ERROR:yfinance:HTTP Error 404: 
ERROR:yfinance:HTTP Error 404: 
ERROR:yfinance:HTTP Error 404: 
ERROR:yfinance:HTTP Error 404: 
ERROR:yfinance:HTTP Error 404: 
ERROR:yfinance:HTTP Error 404: 
ERROR:yfinance:HTTP Error 404: 
ERROR:yfinance:HTTP Error 404: 
ERROR:yfinance:HTTP Error 404: 
ERROR:yfinance:HTTP Error 404: 
ERROR:yfinance:HTTP Error 404: 
ERROR:yfinance:$TRG.CN: possibly delisted; no price data found  (period=2y)
ERROR:yfinance:HTTP Error 404: 
ERROR:yfinance:HTTP Error 404: 
ERROR:yfinance:HTTP Error 404: 
ERROR:yfinance:HTTP Error 404: 
ERROR:yfinance:HTTP Error 404: 
ERROR:yfinance:HTTP Error 404: 
ERROR:yfinance:$GB00BTFR4F17.SG: possibly delisted; no price data found  (period=2y) (Yahoo error = "No data found, symbol may be delisted")
ERROR:yfinance:$GB00BTFR4F17.SG: possibly delisted; no price data found  (period=5d) (Yahoo error = "No data found, symbol may be delisted")
ERROR:yfinance:HTTP Error 404: 
ERROR:yfinance:HTTP Error 404: 
ERROR:yfinance:HTTP Error 404: 
ERROR:yfinance:HTTP Error 404: 
ERROR:yfinance:HTTP Error 404: 
ERROR:yfinance:HTTP Error 404: 
ERROR:yfinance:HTTP Error 404: 
ERROR:yfinance:HTTP Error 404: 
ERROR:yfinance:HTTP Error 404: 
ERROR:yfinance:HTTP Error 404: 
ERROR:yfinance:HTTP Error 404: 
ERROR:yfinance:HTTP Error 404: 
ERROR:yfinance:HTTP Error 404: 
ERROR:yfinance:HTTP Error 404: 
ERROR:yfinance:HTTP Error 404: 
ERROR:yfinance:HTTP Error 404: 
ERROR:yfinance:HTTP Error 404: 
ERROR:yfinance:HTTP Error 404: 
ERROR:yfinance:HTTP Error 404: 
ERROR:yfinance:HTTP Error 404: 
ERROR:yfinance:HTTP Error 404: 
ERROR:yfinance:HTTP Error 404: 
ERROR:yfinance:HTTP Error 404: 
ERROR:yfinance:HTTP Error 404: 
ERROR:yfinance:$ALBA.L: possibly delisted; no price data found  (period=2y) (Yahoo error = "No data found, symbol may be delisted")
ERROR:yfinance:$ALBA.L: possibly delisted; no price data found  (period=5d) (Yahoo error = "No data found, symbol may be delisted")
ERROR:yfinance:HTTP Error 404: 
ERROR:yfinance:HTTP Error 404: 
ERROR:yfinance:HTTP Error 404: 
ERROR:yfinance:HTTP Error 404: 
ERROR:yfinance:HTTP Error 404: 
ERROR:yfinance:HTTP Error 404: 
ERROR:yfinance:HTTP Error 404: 
ERROR:yfinance:HTTP Error 404: 
ERROR:yfinance:HTTP Error 404: 
ERROR:yfinance:HTTP Error 404: 
ERROR:yfinance:HTTP Error 404: 
ERROR:yfinance:HTTP Error 404: 
ERROR:yfinance:HTTP Error 404: 
ERROR:yfinance:HTTP Error 404: 
ERROR:yfinance:HTTP Error 404: 
ERROR:yfinance:HTTP Error 404: 
ERROR:yfinance:HTTP Error 404: 
ERROR:yfinance:HTTP Error 404: 
ERROR:yfinance:HTTP Error 404: 
ERROR:yfinance:HTTP Error 404: 
ERROR:yfinance:HTTP Error 404: 
ERROR:yfinance:HTTP Error 404: 
ERROR:yfinance:HTTP Error 404: 
ERROR:yfinance:HTTP Error 404: 
ERROR:yfinance:HTTP Error 404: 
ERROR:yfinance:HTTP Error 404: 
ERROR:yfinance:HTTP Error 404: 
ERROR:yfinance:HTTP Error 404: 
ERROR:yfinance:HTTP Error 404: 
ERROR:yfinance:HTTP Error 404: 
ERROR:yfinance:HTTP Error 404: 
ERROR:yfinance:HTTP Error 404: 
ERROR:yfinance:HTTP Error 404: 
ERROR:yfinance:HTTP Error 404: 
ERROR:yfinance:HTTP Error 404: 
ERROR:yfinance:HTTP Error 404: 
ERROR:yfinance:HTTP Error 404: 
ERROR:yfinance:HTTP Error 404: 
ERROR:yfinance:HTTP Error 404: 
ERROR:yfinance:HTTP Error 404: 
ERROR:yfinance:HTTP Error 404: 
ERROR:yfinance:HTTP Error 404: 
ERROR:yfinance:HTTP Error 404: 
ERROR:yfinance:HTTP Error 404: 
ERROR:yfinance:HTTP Error 404: 
ERROR:yfinance:HTTP Error 404: 
ERROR:yfinance:HTTP Error 404: 
ERROR:yfinance:HTTP Error 404: 
ERROR:yfinance:HTTP Error 404: 
ERROR:yfinance:HTTP Error 404: 
ERROR:yfinance:HTTP Error 404: 
ERROR:yfinance:HTTP Error 404: 
ERROR:yfinance:HTTP Error 404: 
ERROR:yfinance:HTTP Error 404: 
ERROR:yfinance:HTTP Error 404: 
ERROR:yfinance:HTTP Error 404: 
ERROR:yfinance:HTTP Error 404: 
ERROR:yfinance:HTTP Error 404: 
ERROR:yfinance:HTTP Error 404: 
ERROR:yfinance:HTTP Error 404: 
ERROR:yfinance:HTTP Error 404: 
ERROR:yfinance:HTTP Error 404: 
ERROR:yfinance:HTTP Error 404: 
ERROR:yfinance:HTTP Error 404: 
ERROR:yfinance:HTTP Error 404: 
ERROR:yfinance:HTTP Error 404: 
ERROR:yfinance:HTTP Error 404: 
ERROR:yfinance:HTTP Error 404: 
ERROR:yfinance:HTTP Error 404: 
ERROR:yfinance:HTTP Error 404: 
ERROR:yfinance:HTTP Error 404: 
ERROR:yfinance:HTTP Error 404: 
ERROR:yfinance:HTTP Error 404: 
ERROR:yfinance:HTTP Error 404: 
ERROR:yfinance:HTTP Error 404: 
ERROR:yfinance:HTTP Error 404: 
ERROR:yfinance:HTTP Error 404: 
ERROR:yfinance:HTTP Error 404: 
ERROR:yfinance:HTTP Error 404: 
ERROR:yfinance:HTTP Error 404: 
ERROR:yfinance:HTTP Error 404: 
ERROR:yfinance:HTTP Error 404: 
ERROR:yfinance:HTTP Error 404: 
ERROR:yfinance:HTTP Error 404: 
ERROR:yfinance:HTTP Error 404: 
ERROR:yfinance:HTTP Error 404: 
ERROR:yfinance:HTTP Error 404: 
ERROR:yfinance:HTTP Error 404: 
ERROR:yfinance:HTTP Error 404: 
ERROR:yfinance:HTTP Error 404: 
ERROR:yfinance:HTTP Error 404: 
ERROR:yfinance:HTTP Error 404: 
ERROR:yfinance:HTTP Error 404: 
ERROR:yfinance:HTTP Error 404: 
ERROR:yfinance:HTTP Error 404: 
ERROR:yfinance:HTTP Error 404: 
ERROR:yfinance:HTTP Error 404: 
ERROR:yfinance:HTTP Error 404: 
ERROR:yfinance:HTTP Error 404: 
ERROR:yfinance:HTTP Error 404: 
ERROR:yfinance:HTTP Error 404: 
ERROR:yfinance:HTTP Error 404: 
ERROR:yfinance:HTTP Error 404: 
ERROR:yfinance:HTTP Error 404: 
ERROR:yfinance:HTTP Error 404: 
ERROR:yfinance:HTTP Error 404: 
ERROR:yfinance:HTTP Error 404: 
ERROR:yfinance:HTTP Error 404: 
ERROR:yfinance:HTTP Error 404: 
ERROR:yfinance:HTTP Error 404: 
ERROR:yfinance:HTTP Error 404: 
ERROR:yfinance:HTTP Error 404: 
ERROR:yfinance:HTTP Error 404: 
ERROR:yfinance:HTTP Error 404: 
ERROR:yfinance:HTTP Error 404: 
ERROR:yfinance:HTTP Error 404: 
ERROR:yfinance:HTTP Error 404: 
ERROR:yfinance:$PLHOTB000011.SG: possibly delisted; no price data found  (period=2y) (Yahoo error = "No data found, symbol may be delisted")
ERROR:yfinance:$PLHOTB000011.SG: possibly delisted; no price data found  (period=5d) (Yahoo error = "No data found, symbol may be delisted")
ERROR:yfinance:HTTP Error 404: 
ERROR:yfinance:$MIG.WA: possibly delisted; no price data found  (period=2y) (Yahoo error = "No data found, symbol may be delisted")
ERROR:yfinance:$MIG.WA: possibly delisted; no price data found  (period=5d) (Yahoo error = "No data found, symbol may be delisted")
ERROR:yfinance:HTTP Error 404: 
ERROR:yfinance:HTTP Error 404: 
ERROR:yfinance:HTTP Error 404: 
ERROR:yfinance:HTTP Error 404: 
ERROR:yfinance:HTTP Error 404: 
ERROR:yfinance:HTTP Error 404: 
ERROR:yfinance:HTTP Error 404: 
ERROR:yfinance:HTTP Error 404: 
ERROR:yfinance:HTTP Error 404: 
ERROR:yfinance:HTTP Error 404: 
ERROR:yfinance:HTTP Error 404: 
ERROR:yfinance:HTTP Error 404: 
ERROR:yfinance:HTTP Error 404: 
ERROR:yfinance:HTTP Error 404: 
ERROR:yfinance:HTTP Error 404: 
ERROR:yfinance:HTTP Error 404: 
ERROR:yfinance:HTTP Error 404: 
ERROR:yfinance:HTTP Error 404: 
ERROR:yfinance:HTTP Error 404: 
ERROR:yfinance:HTTP Error 404: 
ERROR:yfinance:HTTP Error 404: 
ERROR:yfinance:HTTP Error 404: 
ERROR:yfinance:HTTP Error 404: 
ERROR:yfinance:HTTP Error 404: 
ERROR:yfinance:HTTP Error 404: 
ERROR:yfinance:HTTP Error 404: 
ERROR:yfinance:HTTP Error 404: 
ERROR:yfinance:HTTP Error 404: 
ERROR:yfinance:HTTP Error 404: 
ERROR:yfinance:HTTP Error 404: 
ERROR:yfinance:HTTP Error 404: 
ERROR:yfinance:HTTP Error 404: 
ERROR:yfinance:HTTP Error 404: 
ERROR:yfinance:HTTP Error 404: 
ERROR:yfinance:HTTP Error 404: 
ERROR:yfinance:HTTP Error 404: 
ERROR:yfinance:HTTP Error 404: 
ERROR:yfinance:HTTP Error 404: 
ERROR:yfinance:HTTP Error 404: 
ERROR:yfinance:HTTP Error 404: 
ERROR:yfinance:HTTP Error 404: 
ERROR:yfinance:HTTP Error 404: 
ERROR:yfinance:HTTP Error 404: 
ERROR:yfinance:HTTP Error 404: 
ERROR:yfinance:HTTP Error 404: 
ERROR:yfinance:HTTP Error 404: 
ERROR:yfinance:HTTP Error 404: 
ERROR:yfinance:HTTP Error 404: 
ERROR:yfinance:HTTP Error 404: 
ERROR:yfinance:HTTP Error 404: 
ERROR:yfinance:$TMED.CN: possibly delisted; no price data found  (period=2y) (Yahoo error = "No data found, symbol may be delisted")
ERROR:yfinance:$TMED.CN: possibly delisted; no price data found  (period=5d) (Yahoo error = "No data found, symbol may be delisted")
ERROR:yfinance:HTTP Error 404: 
ERROR:yfinance:HTTP Error 404: 
ERROR:yfinance:HTTP Error 404: 
ERROR:yfinance:HTTP Error 404: 
ERROR:yfinance:HTTP Error 404: 
ERROR:yfinance:HTTP Error 404: 
ERROR:yfinance:Failed to get ticker '2343.HK' reason: Expecting value: line 1 column 1 (char 0)
ERROR:yfinance:$2343.HK: possibly delisted; no price data found  (period=2y)
ERROR:yfinance:$2343.HK: possibly delisted; no timezone found
ERROR:yfinance:HTTP Error 404: 
ERROR:yfinance:HTTP Error 404: 
ERROR:yfinance:HTTP Error 404: 
ERROR:yfinance:HTTP Error 404: 
ERROR:yfinance:HTTP Error 404: 
ERROR:yfinance:$SEFER.PA: possibly delisted; no price data found  (period=2y) (Yahoo error = "No data found, symbol may be delisted")
ERROR:yfinance:$SEFER.PA: possibly delisted; no price data found  (period=5d) (Yahoo error = "No data found, symbol may be delisted")
ERROR:yfinance:HTTP Error 404: 
ERROR:yfinance:$3591.T: possibly delisted; no price data found  (period=2y)
ERROR:yfinance:HTTP Error 404: 
ERROR:yfinance:$ASGN: possibly delisted; no price data found  (period=2y) (Yahoo error = "No data found, symbol may be delisted")
ERROR:yfinance:$ASGN: possibly delisted; no price data found  (period=5d) (Yahoo error = "No data found, symbol may be delisted")
ERROR:yfinance:HTTP Error 404: 
ERROR:yfinance:HTTP Error 404: 
ERROR:yfinance:HTTP Error 404: 
ERROR:yfinance:HTTP Error 404: 
ERROR:yfinance:HTTP Error 404: 
ERROR:yfinance:HTTP Error 404: 
ERROR:yfinance:$EDAP: possibly delisted; no price data found  (period=2y) (Yahoo error = "No data found, symbol may be delisted")
ERROR:yfinance:$EDAP: possibly delisted; no price data found  (period=5d) (Yahoo error = "No data found, symbol may be delisted")
ERROR:yfinance:HTTP Error 404: 
ERROR:yfinance:HTTP Error 404: 
ERROR:yfinance:HTTP Error 404: 
ERROR:yfinance:HTTP Error 404: 
ERROR:yfinance:HTTP Error 404: 
ERROR:yfinance:$ALTS: possibly delisted; no price data found  (period=2y) (Yahoo error = "No data found, symbol may be delisted")
ERROR:yfinance:$ALTS: possibly delisted; no price data found  (period=5d) (Yahoo error = "No data found, symbol may be delisted")
ERROR:yfinance:HTTP Error 404: 
ERROR:yfinance:HTTP Error 404: 
ERROR:yfinance:HTTP Error 404: 
ERROR:yfinance:HTTP Error 404: 
ERROR:yfinance:HTTP Error 404: 
ERROR:yfinance:HTTP Error 404: 
ERROR:yfinance:HTTP Error 404: 
ERROR:yfinance:HTTP Error 404: 
ERROR:yfinance:HTTP Error 404: 
ERROR:yfinance:HTTP Error 404: 
ERROR:yfinance:HTTP Error 404: 
ERROR:yfinance:HTTP Error 404: 
ERROR:yfinance:$IT0005424830.SG: possibly delisted; no price data found  (period=2y) (Yahoo error = "No data found, symbol may be delisted")
ERROR:yfinance:$IT0005424830.SG: possibly delisted; no price data found  (period=5d) (Yahoo error = "No data found, symbol may be delisted")
ERROR:yfinance:HTTP Error 404: 
ERROR:yfinance:HTTP Error 404: 
ERROR:yfinance:HTTP Error 404: 
ERROR:yfinance:HTTP Error 404: 
ERROR:yfinance:HTTP Error 404: 
ERROR:yfinance:HTTP Error 404: 
ERROR:yfinance:HTTP Error 404: 
ERROR:yfinance:HTTP Error 404: 
ERROR:yfinance:HTTP Error 404: 
ERROR:yfinance:HTTP Error 404: 
ERROR:yfinance:$VSCO: possibly delisted; no price data found  (period=2y) (Yahoo error = "No data found, symbol may be delisted")
ERROR:yfinance:$VSCO: possibly delisted; no price data found  (period=5d) (Yahoo error = "No data found, symbol may be delisted")
ERROR:yfinance:HTTP Error 404: 
ERROR:yfinance:$FORSE.PA: possibly delisted; no price data found  (period=2y) (Yahoo error = "No data found, symbol may be delisted")
ERROR:yfinance:$FORSE.PA: possibly delisted; no price data found  (period=5d) (Yahoo error = "No data found, symbol may be delisted")
ERROR:yfinance:HTTP Error 404: 
ERROR:yfinance:HTTP Error 404: 
ERROR:yfinance:HTTP Error 404: 
ERROR:yfinance:$RVN.ST: possibly delisted; no price data found  (period=2y) (Yahoo error = "No data found, symbol may be delisted")
ERROR:yfinance:$RVN.ST: possibly delisted; no price data found  (period=5d) (Yahoo error = "No data found, symbol may be delisted")
ERROR:yfinance:HTTP Error 404: 
ERROR:yfinance:HTTP Error 404: 
ERROR:yfinance:$5EA.AX: possibly delisted; no price data found  (period=2y) (Yahoo error = "No data found, symbol may be delisted")
ERROR:yfinance:$5EA.AX: possibly delisted; no price data found  (period=5d) (Yahoo error = "No data found, symbol may be delisted")
ERROR:yfinance:HTTP Error 404: 
ERROR:yfinance:HTTP Error 404: 
ERROR:yfinance:$SE0018538068.SG: possibly delisted; no price data found  (period=2y) (Yahoo error = "No data found, symbol may be delisted")
ERROR:yfinance:$SE0018538068.SG: possibly delisted; no price data found  (period=5d) (Yahoo error = "No data found, symbol may be delisted")
ERROR:yfinance:HTTP Error 404: 
ERROR:yfinance:HTTP Error 404: 
ERROR:yfinance:$AIAI.CN: possibly delisted; no price data found  (period=2y) (Yahoo error = "No data found, symbol may be delisted")
ERROR:yfinance:$AIAI.CN: possibly delisted; no price data found  (period=5d) (Yahoo error = "No data found, symbol may be delisted")
ERROR:yfinance:HTTP Error 404: 
ERROR:yfinance:$NICU.V: possibly delisted; no price data found  (period=2y) (Yahoo error = "No data found, symbol may be delisted")
ERROR:yfinance:$NICU.V: possibly delisted; no price data found  (period=5d) (Yahoo error = "No data found, symbol may be delisted")
ERROR:yfinance:HTTP Error 404: 
ERROR:yfinance:HTTP Error 404: 
ERROR:yfinance:$FW.V: possibly delisted; no price data found  (period=2y) (Yahoo error = "No data found, symbol may be delisted")
ERROR:yfinance:$FW.V: possibly delisted; no price data found  (period=5d) (Yahoo error = "No data found, symbol may be delisted")
ERROR:yfinance:HTTP Error 404: 
ERROR:yfinance:HTTP Error 404: 
ERROR:yfinance:HTTP Error 404: 
ERROR:yfinance:$ES0171996095.SG: possibly delisted; no price data found  (period=2y) (Yahoo error = "No data found, symbol may be delisted")
ERROR:yfinance:$ES0171996095.SG: possibly delisted; no price data found  (period=5d) (Yahoo error = "No data found, symbol may be delisted")
ERROR:yfinance:HTTP Error 404: 
ERROR:yfinance:$PLMRTIN00011.SG: possibly delisted; no price data found  (period=2y) (Yahoo error = "No data found, symbol may be delisted")
ERROR:yfinance:$PLMRTIN00011.SG: possibly delisted; no price data found  (period=5d) (Yahoo error = "No data found, symbol may be delisted")
ERROR:yfinance:HTTP Error 404: 
ERROR:yfinance:$BOD.L: possibly delisted; no price data found  (period=2y) (Yahoo error = "No data found, symbol may be delisted")
ERROR:yfinance:$BOD.L: possibly delisted; no price data found  (period=5d) (Yahoo error = "No data found, symbol may be delisted")
ERROR:yfinance:HTTP Error 404: 
ERROR:yfinance:HTTP Error 404: 
ERROR:yfinance:$XWIN: possibly delisted; no price data found  (period=2y) (Yahoo error = "No data found, symbol may be delisted")
ERROR:yfinance:$XWIN: possibly delisted; no price data found  (period=5d) (Yahoo error = "No data found, symbol may be delisted")
ERROR:yfinance:HTTP Error 404: 
ERROR:yfinance:HTTP Error 404: 
ERROR:yfinance:HTTP Error 404: 
ERROR:yfinance:HTTP Error 404: 
ERROR:yfinance:$FIHL: possibly delisted; no price data found  (period=2y) (Yahoo error = "No data found, symbol may be delisted")
ERROR:yfinance:$FIHL: possibly delisted; no price data found  (period=5d) (Yahoo error = "No data found, symbol may be delisted")
ERROR:yfinance:HTTP Error 404: 
ERROR:yfinance:$ES0105650073.SG: possibly delisted; no price data found  (period=2y) (Yahoo error = "No data found, symbol may be delisted")
ERROR:yfinance:$ES0105650073.SG: possibly delisted; no price data found  (period=5d) (Yahoo error = "No data found, symbol may be delisted")
ERROR:yfinance:HTTP Error 404: 
ERROR:yfinance:$LBTYK: possibly delisted; no price data found  (period=2y)
ERROR:yfinance:HTTP Error 404: 
ERROR:yfinance:$CMB.MI: possibly delisted; no price data found  (period=2y)
ERROR:yfinance:HTTP Error 404: 
ERROR:yfinance:$EQT.L: possibly delisted; no price data found  (period=2y)
ERROR:yfinance:$EQT.L: possibly delisted; no price data found  (period=5d) (Yahoo error = "No data found, symbol may be delisted")
ERROR:yfinance:HTTP Error 404: 
ERROR:yfinance:HTTP Error 404: 
ERROR:yfinance:HTTP Error 404: 
ERROR:yfinance:HTTP Error 404: 
ERROR:yfinance:$JMHLY: possibly delisted; no price data found  (period=2y)
ERROR:yfinance:HTTP Error 404: 
ERROR:yfinance:$GLPG.AS: possibly delisted; no price data found  (period=2y) (Yahoo error = "No data found, symbol may be delisted")
ERROR:yfinance:$GLPG.AS: possibly delisted; no price data found  (period=5d) (Yahoo error = "No data found, symbol may be delisted")
ERROR:yfinance:HTTP Error 404: 
ERROR:yfinance:HTTP Error 404: 
ERROR:yfinance:Failed to get ticker 'EZJ.L' reason: Expecting value: line 1 column 1 (char 0)
ERROR:yfinance:$KMR.L: possibly delisted; no price data found  (period=2y)
ERROR:yfinance:$CLA.PA: possibly delisted; no price data found  (period=2y) (Yahoo error = "No data found, symbol may be delisted")
ERROR:yfinance:$CLA.PA: possibly delisted; no price data found  (period=5d) (Yahoo error = "No data found, symbol may be delisted")
ERROR:yfinance:HTTP Error 404: 
ERROR:yfinance:$CCC.WA: possibly delisted; no price data found  (period=2y) (Yahoo error = "No data found, symbol may be delisted")
ERROR:yfinance:$CCC.WA: possibly delisted; no price data found  (period=5d) (Yahoo error = "No data found, symbol may be delisted")
ERROR:yfinance:HTTP Error 404: 
ERROR:yfinance:HTTP Error 404: 
ERROR:yfinance:HTTP Error 404: 
ERROR:yfinance:HTTP Error 404: 
ERROR:yfinance:HTTP Error 404: 
ERROR:yfinance:HTTP Error 404: 
ERROR:yfinance:HTTP Error 404: 
ERROR:yfinance:$MPW: possibly delisted; no price data found  (period=2y) (Yahoo error = "No data found, symbol may be delisted")
ERROR:yfinance:$MPW: possibly delisted; no price data found  (period=5d) (Yahoo error = "No data found, symbol may be delisted")
ERROR:yfinance:HTTP Error 404: 
ERROR:yfinance:HTTP Error 404: 
ERROR:yfinance:HTTP Error 404: 
ERROR:yfinance:$217A.BE: possibly delisted; no price data found  (period=2y) (Yahoo error = "No data found, symbol may be delisted")
ERROR:yfinance:$217A.BE: possibly delisted; no price data found  (period=5d) (Yahoo error = "No data found, symbol may be delisted")
ERROR:yfinance:HTTP Error 404: 
ERROR:yfinance:$RYI: possibly delisted; no price data found  (period=2y) (Yahoo error = "No data found, symbol may be delisted")
ERROR:yfinance:$RYI: possibly delisted; no price data found  (period=5d) (Yahoo error = "No data found, symbol may be delisted")
ERROR:yfinance:HTTP Error 404: 
ERROR:yfinance:HTTP Error 404: 
ERROR:yfinance:HTTP Error 404: 
ERROR:yfinance:$B7U.BE: possibly delisted; no price data found  (period=2y) (Yahoo error = "No data found, symbol may be delisted")
ERROR:yfinance:$B7U.BE: possibly delisted; no price data found  (period=5d) (Yahoo error = "No data found, symbol may be delisted")
ERROR:yfinance:HTTP Error 404: 
ERROR:yfinance:HTTP Error 404: 
ERROR:yfinance:$SLVR.V: possibly delisted; no price data found  (period=2y) (Yahoo error = "No data found, symbol may be delisted")
ERROR:yfinance:$SLVR.V: possibly delisted; no price data found  (period=5d) (Yahoo error = "No data found, symbol may be delisted")
ERROR:yfinance:HTTP Error 404: 
ERROR:yfinance:HTTP Error 404: 
ERROR:yfinance:$SLQT: possibly delisted; no price data found  (period=2y)
ERROR:yfinance:HTTP Error 404: 
ERROR:yfinance:HTTP Error 404: 
ERROR:yfinance:HTTP Error 404: 
ERROR:yfinance:HTTP Error 404: 
ERROR:yfinance:HTTP Error 404: 
ERROR:yfinance:HTTP Error 404: 
ERROR:yfinance:$VVPR: possibly delisted; no price data found  (period=2y) (Yahoo error = "No data found, symbol may be delisted")
ERROR:yfinance:$VVPR: possibly delisted; no price data found  (period=5d) (Yahoo error = "No data found, symbol may be delisted")
ERROR:yfinance:HTTP Error 404: 
ERROR:yfinance:HTTP Error 404: 
ERROR:yfinance:HTTP Error 404: 
ERROR:yfinance:HTTP Error 404: 
ERROR:yfinance:HTTP Error 404: 
ERROR:yfinance:HTTP Error 404: 
ERROR:yfinance:HTTP Error 404: 
ERROR:yfinance:$FI0009008098.SG: possibly delisted; no price data found  (period=2y) (Yahoo error = "No data found, symbol may be delisted")
ERROR:yfinance:$FI0009008098.SG: possibly delisted; no price data found  (period=5d) (Yahoo error = "No data found, symbol may be delisted")
ERROR:yfinance:HTTP Error 404: 
ERROR:yfinance:HTTP Error 404: 
ERROR:yfinance:HTTP Error 404: 
ERROR:yfinance:HTTP Error 404: 
ERROR:yfinance:HTTP Error 404: 
ERROR:yfinance:HTTP Error 404: 
ERROR:yfinance:HTTP Error 404: 
ERROR:yfinance:HTTP Error 404: 
ERROR:yfinance:HTTP Error 404: 
ERROR:yfinance:HTTP Error 404: 
ERROR:yfinance:HTTP Error 404: 
ERROR:yfinance:HTTP Error 404: 
ERROR:yfinance:HTTP Error 404: 
ERROR:yfinance:HTTP Error 404: 
ERROR:yfinance:HTTP Error 404: 
ERROR:yfinance:HTTP Error 404: 
ERROR:yfinance:HTTP Error 404: 
ERROR:yfinance:HTTP Error 404: 
ERROR:yfinance:$EXPI: possibly delisted; no price data found  (period=2y) (Yahoo error = "No data found, symbol may be delisted")
ERROR:yfinance:$EXPI: possibly delisted; no price data found  (period=5d) (Yahoo error = "No data found, symbol may be delisted")
ERROR:yfinance:HTTP Error 404: 
ERROR:yfinance:HTTP Error 404: 
ERROR:yfinance:HTTP Error 404: 
ERROR:yfinance:HTTP Error 404: 
ERROR:yfinance:HTTP Error 404: 
ERROR:yfinance:HTTP Error 404: 
ERROR:yfinance:HTTP Error 404: 
ERROR:yfinance:$IAC: possibly delisted; no price data found  (period=2y) (Yahoo error = "No data found, symbol may be delisted")
ERROR:yfinance:$IAC: possibly delisted; no price data found  (period=5d) (Yahoo error = "No data found, symbol may be delisted")
ERROR:yfinance:HTTP Error 404: 
ERROR:yfinance:HTTP Error 404: 
ERROR:yfinance:$AFME.PA: possibly delisted; no price data found  (period=2y) (Yahoo error = "No data found, symbol may be delisted")
ERROR:yfinance:$AFME.PA: possibly delisted; no price data found  (period=5d) (Yahoo error = "No data found, symbol may be delisted")
ERROR:yfinance:HTTP Error 404: 
ERROR:yfinance:HTTP Error 404: 
ERROR:yfinance:HTTP Error 404: 
ERROR:yfinance:$UAV.CN: possibly delisted; no price data found  (period=2y) (Yahoo error = "No data found, symbol may be delisted")
ERROR:yfinance:$UAV.CN: possibly delisted; no price data found  (period=5d) (Yahoo error = "No data found, symbol may be delisted")
ERROR:yfinance:HTTP Error 404: 
ERROR:yfinance:HTTP Error 404: 
ERROR:yfinance:$MEG: possibly delisted; no price data found  (period=2y) (Yahoo error = "No data found, symbol may be delisted")
ERROR:yfinance:$MEG: possibly delisted; no price data found  (period=5d) (Yahoo error = "No data found, symbol may be delisted")
ERROR:yfinance:HTTP Error 404: 
ERROR:yfinance:HTTP Error 404: 
ERROR:yfinance:$VRAR: possibly delisted; no price data found  (period=2y) (Yahoo error = "No data found, symbol may be delisted")
ERROR:yfinance:$VRAR: possibly delisted; no price data found  (period=5d) (Yahoo error = "No data found, symbol may be delisted")
ERROR:yfinance:HTTP Error 404: 
ERROR:yfinance:$PX: possibly delisted; no price data found  (period=2y) (Yahoo error = "No data found, symbol may be delisted")
ERROR:yfinance:$PX: possibly delisted; no price data found  (period=5d) (Yahoo error = "No data found, symbol may be delisted")
ERROR:yfinance:HTTP Error 404: 
ERROR:yfinance:$PVL.PA: possibly delisted; no price data found  (period=2y) (Yahoo error = "No data found, symbol may be delisted")
ERROR:yfinance:$PVL.PA: possibly delisted; no price data found  (period=5d) (Yahoo error = "No data found, symbol may be delisted")
ERROR:yfinance:HTTP Error 404: 
ERROR:yfinance:$BG1100003166.SG: possibly delisted; no price data found  (period=2y) (Yahoo error = "No data found, symbol may be delisted")
ERROR:yfinance:$BG1100003166.SG: possibly delisted; no price data found  (period=5d) (Yahoo error = "No data found, symbol may be delisted")
ERROR:yfinance:HTTP Error 404: 
ERROR:yfinance:HTTP Error 404: 
ERROR:yfinance:HTTP Error 404: 
ERROR:yfinance:HTTP Error 404: 
ERROR:yfinance:HTTP Error 404: 
ERROR:yfinance:$NGEN.V: possibly delisted; no price data found  (period=2y) (Yahoo error = "No data found, symbol may be delisted")
ERROR:yfinance:$NGEN.V: possibly delisted; no price data found  (period=5d) (Yahoo error = "No data found, symbol may be delisted")
ERROR:yfinance:HTTP Error 404: 
ERROR:yfinance:HTTP Error 404: 
ERROR:yfinance:HTTP Error 404: 
ERROR:yfinance:$CH0451123589.SG: possibly delisted; no price data found  (period=2y) (Yahoo error = "No data found, symbol may be delisted")
ERROR:yfinance:$CH0451123589.SG: possibly delisted; no price data found  (period=5d) (Yahoo error = "No data found, symbol may be delisted")
ERROR:yfinance:HTTP Error 404: 
ERROR:yfinance:$WLI.WA: possibly delisted; no price data found  (period=2y) (Yahoo error = "No data found, symbol may be delisted")
ERROR:yfinance:$WLI.WA: possibly delisted; no price data found  (period=5d) (Yahoo error = "No data found, symbol may be delisted")
ERROR:yfinance:HTTP Error 404: 
ERROR:yfinance:HTTP Error 404: 
ERROR:yfinance:HTTP Error 404: 
ERROR:yfinance:HTTP Error 404: 
ERROR:yfinance:HTTP Error 404: 
ERROR:yfinance:HTTP Error 404: 
ERROR:yfinance:HTTP Error 404: 
ERROR:yfinance:HTTP Error 404: 
ERROR:yfinance:HTTP Error 404: 
ERROR:yfinance:HTTP Error 404: 
ERROR:yfinance:HTTP Error 404: 
ERROR:yfinance:HTTP Error 404: 
ERROR:yfinance:$AFC.L: possibly delisted; no price data found  (period=2y) (Yahoo error = "No data found, symbol may be delisted")
ERROR:yfinance:$AFC.L: possibly delisted; no price data found  (period=5d) (Yahoo error = "No data found, symbol may be delisted")
ERROR:yfinance:HTTP Error 404: 
ERROR:yfinance:HTTP Error 404: 
ERROR:yfinance:HTTP Error 404: 
ERROR:yfinance:$PHNX.L: possibly delisted; no price data found  (period=2y)
ERROR:yfinance:$PHNX.L: possibly delisted; no price data found  (period=5d) (Yahoo error = "No data found, symbol may be delisted")
ERROR:yfinance:HTTP Error 404: 
ERROR:yfinance:HTTP Error 404: 
ERROR:yfinance:$ATGE: possibly delisted; no price data found  (period=2y) (Yahoo error = "No data found, symbol may be delisted")
ERROR:yfinance:$ATGE: possibly delisted; no price data found  (period=5d) (Yahoo error = "No data found, symbol may be delisted")
ERROR:yfinance:HTTP Error 404: 
ERROR:yfinance:HTTP Error 404: 
ERROR:yfinance:$MAHA-A.ST: possibly delisted; no price data found  (period=2y) (Yahoo error = "No data found, symbol may be delisted")
ERROR:yfinance:$MAHA-A.ST: possibly delisted; no price data found  (period=5d) (Yahoo error = "No data found, symbol may be delisted")
ERROR:yfinance:HTTP Error 404: 
ERROR:yfinance:$AXL: possibly delisted; no price data found  (period=2y) (Yahoo error = "No data found, symbol may be delisted")
ERROR:yfinance:$AXL: possibly delisted; no price data found  (period=5d) (Yahoo error = "No data found, symbol may be delisted")
ERROR:yfinance:HTTP Error 404: 
ERROR:yfinance:HTTP Error 404: 
ERROR:yfinance:$NYF.ST: possibly delisted; no price data found  (period=2y) (Yahoo error = "No data found, symbol may be delisted")
ERROR:yfinance:$NYF.ST: possibly delisted; no price data found  (period=5d) (Yahoo error = "No data found, symbol may be delisted")
ERROR:yfinance:HTTP Error 404: 
ERROR:yfinance:HTTP Error 404: 
ERROR:yfinance:$SPL.WA: possibly delisted; no price data found  (period=2y) (Yahoo error = "No data found, symbol may be delisted")
ERROR:yfinance:$SPL.WA: possibly delisted; no price data found  (period=5d) (Yahoo error = "No data found, symbol may be delisted")
ERROR:yfinance:HTTP Error 404: 
ERROR:yfinance:HTTP Error 404: 
ERROR:yfinance:HTTP Error 404: 
ERROR:yfinance:HTTP Error 404: 
ERROR:yfinance:HTTP Error 404: 
ERROR:yfinance:HTTP Error 404: 
ERROR:yfinance:$2Y5.BE: possibly delisted; no price data found  (period=2y) (Yahoo error = "No data found, symbol may be delisted")
ERROR:yfinance:$2Y5.BE: possibly delisted; no price data found  (period=5d) (Yahoo error = "No data found, symbol may be delisted")
ERROR:yfinance:HTTP Error 404: 
ERROR:yfinance:HTTP Error 404: 
ERROR:yfinance:HTTP Error 404: 
ERROR:yfinance:HTTP Error 404: 
ERROR:yfinance:HTTP Error 404: 
ERROR:yfinance:Failed to get ticker 'VYX' reason: Expecting value: line 1 column 1 (char 0)
ERROR:yfinance:HTTP Error 404: 
ERROR:yfinance:HTTP Error 404: 
ERROR:yfinance:HTTP Error 404: 
ERROR:yfinance:HTTP Error 404: 
ERROR:yfinance:HTTP Error 404: 
ERROR:yfinance:HTTP Error 404: 
ERROR:yfinance:$LC: possibly delisted; no price data found  (period=2y) (Yahoo error = "No data found, symbol may be delisted")
ERROR:yfinance:$LC: possibly delisted; no price data found  (period=5d) (Yahoo error = "No data found, symbol may be delisted")
ERROR:yfinance:HTTP Error 404: 
ERROR:yfinance:HTTP Error 404: 
ERROR:yfinance:HTTP Error 404: 
ERROR:yfinance:HTTP Error 404: 
ERROR:yfinance:$1YL.BE: possibly delisted; no price data found  (period=2y) (Yahoo error = "No data found, symbol may be delisted")
ERROR:yfinance:$1YL.BE: possibly delisted; no price data found  (period=5d) (Yahoo error = "No data found, symbol may be delisted")
ERROR:yfinance:HTTP Error 404: 
ERROR:yfinance:$PSTG: possibly delisted; no price data found  (period=2y) (Yahoo error = "No data found, symbol may be delisted")
ERROR:yfinance:$PSTG: possibly delisted; no price data found  (period=5d) (Yahoo error = "No data found, symbol may be delisted")
ERROR:yfinance:HTTP Error 404: 
ERROR:yfinance:HTTP Error 404: 
ERROR:yfinance:HTTP Error 404: 
ERROR:yfinance:HTTP Error 404: 
ERROR:yfinance:HTTP Error 404: 
ERROR:yfinance:HTTP Error 404: 
ERROR:yfinance:HTTP Error 404: 
ERROR:yfinance:$USEG: possibly delisted; no price data found  (period=2y) (Yahoo error = "No data found, symbol may be delisted")
ERROR:yfinance:$USEG: possibly delisted; no price data found  (period=5d) (Yahoo error = "No data found, symbol may be delisted")
ERROR:yfinance:HTTP Error 404: 
ERROR:yfinance:HTTP Error 404: 
ERROR:yfinance:$AHH: possibly delisted; no price data found  (period=2y) (Yahoo error = "No data found, symbol may be delisted")
ERROR:yfinance:$AHH: possibly delisted; no price data found  (period=5d) (Yahoo error = "No data found, symbol may be delisted")
ERROR:yfinance:HTTP Error 404: 
ERROR:yfinance:HTTP Error 404: 
ERROR:yfinance:HTTP Error 404: 
ERROR:yfinance:HTTP Error 404: 
ERROR:yfinance:HTTP Error 404: 
ERROR:yfinance:$HXCK.DE: possibly delisted; no price data found  (period=2y) (Yahoo error = "No data found, symbol may be delisted")
ERROR:yfinance:$HXCK.DE: possibly delisted; no price data found  (period=5d) (Yahoo error = "No data found, symbol may be delisted")
ERROR:yfinance:HTTP Error 404: 
ERROR:yfinance:$KOJAMO.HE: possibly delisted; no price data found  (period=2y) (Yahoo error = "No data found, symbol may be delisted")
ERROR:yfinance:$KOJAMO.HE: possibly delisted; no price data found  (period=5d) (Yahoo error = "No data found, symbol may be delisted")
ERROR:yfinance:HTTP Error 404: 
ERROR:yfinance:HTTP Error 404: 
ERROR:yfinance:$OPAP.AT: possibly delisted; no price data found  (period=2y) (Yahoo error = "No data found, symbol may be delisted")
ERROR:yfinance:$OPAP.AT: possibly delisted; no price data found  (period=5d) (Yahoo error = "No data found, symbol may be delisted")
ERROR:yfinance:HTTP Error 404: 
ERROR:yfinance:$FDP: possibly delisted; no price data found  (period=2y) (Yahoo error = "No data found, symbol may be delisted")
ERROR:yfinance:$FDP: possibly delisted; no price data found  (period=5d) (Yahoo error = "No data found, symbol may be delisted")
ERROR:yfinance:HTTP Error 404: 
ERROR:yfinance:$SAVA: possibly delisted; no price data found  (period=2y) (Yahoo error = "No data found, symbol may be delisted")
ERROR:yfinance:$SAVA: possibly delisted; no price data found  (period=5d) (Yahoo error = "No data found, symbol may be delisted")
ERROR:yfinance:HTTP Error 404: 
ERROR:yfinance:HTTP Error 404: 
ERROR:yfinance:HTTP Error 404: 
ERROR:yfinance:HTTP Error 404: 
ERROR:yfinance:HTTP Error 404: 
ERROR:yfinance:HTTP Error 404: 
ERROR:yfinance:$HIVE.V: possibly delisted; no price data found  (period=2y) (Yahoo error = "No data found, symbol may be delisted")
ERROR:yfinance:$HIVE.V: possibly delisted; no price data found  (period=5d) (Yahoo error = "No data found, symbol may be delisted")
ERROR:yfinance:HTTP Error 404: 
ERROR:yfinance:HTTP Error 404: 
ERROR:yfinance:$ASTK.CO: possibly delisted; no price data found  (period=2y) (Yahoo error = "No data found, symbol may be delisted")
ERROR:yfinance:$ASTK.CO: possibly delisted; no price data found  (period=5d) (Yahoo error = "No data found, symbol may be delisted")
ERROR:yfinance:HTTP Error 404: 
ERROR:yfinance:HTTP Error 404: 
ERROR:yfinance:HTTP Error 404: 
ERROR:yfinance:HTTP Error 404: 
ERROR:yfinance:$BK: possibly delisted; no price data found  (period=2y) (Yahoo error = "No data found, symbol may be delisted")
ERROR:yfinance:$BK: possibly delisted; no price data found  (period=5d) (Yahoo error = "No data found, symbol may be delisted")
ERROR:yfinance:HTTP Error 404: 
ERROR:yfinance:$SATS: possibly delisted; no price data found  (period=2y) (Yahoo error = "No data found, symbol may be delisted")
ERROR:yfinance:$SATS: possibly delisted; no price data found  (period=5d) (Yahoo error = "No data found, symbol may be delisted")
ERROR:yfinance:HTTP Error 404: 
ERROR:yfinance:HTTP Error 404: 
ERROR:yfinance:HTTP Error 404: 
ERROR:yfinance:HTTP Error 404: 
ERROR:yfinance:$F54.F: possibly delisted; no price data found  (period=2y) (Yahoo error = "No data found, symbol may be delisted")
ERROR:yfinance:$F54.F: possibly delisted; no price data found  (period=5d) (Yahoo error = "No data found, symbol may be delisted")
ERROR:yfinance:HTTP Error 404: 
